{
  "analysis": "06_v13_cx_diagnostic",
  "cost_version": "v13",
  "seeds": [
    42
  ],
  "quick": true,
  "runs": [
    {
      "label": "tight",
      "cx_bound": [
        10.0,
        500.0
      ],
      "cost": 1.0520690303435547,
      "avg_r2_g1": 0.8243663446742714,
      "avg_r2_g2": 0.6591239727904176,
      "metrics_g1": {
        "recalc": {
          "R2": 0.7428315007236292,
          "RMSE": 38.098659581211706
        },
        "thrombin": {
          "R2": 0.8367001620178001,
          "RMSE": 2.46486593818565
        },
        "fib": {
          "R2": 0.8183725981763171,
          "RMSE": 11.861448917450854
        },
        "xiii": {
          "R2": 0.915331969938084,
          "RMSE": 14.153030900910263
        },
        "AP": {
          "R2": 0.7633647028347812,
          "RMSE": 0.09766917620882203
        },
        "D": {
          "R2": 0.8695971343550166,
          "RMSE": 6.122121467941758
        }
      },
      "metrics_g2": {
        "recalc": {
          "R2": 0.7220080861171407,
          "RMSE": 6.543171134643917
        },
        "thrombin": {
          "R2": 0.8567455837035842,
          "RMSE": 0.8070502335218694
        },
        "fib": {
          "R2": 0.34485040928785515,
          "RMSE": 6.784684414234208
        },
        "xiii": {
          "R2": 0.7504378063462283,
          "RMSE": 3.1748387881346494
        },
        "AP": {
          "R2": 0.7384769538467724,
          "RMSE": 0.05212111856446894
        },
        "D": {
          "R2": 0.5422249974409248,
          "RMSE": 7.035097634085847
        }
      },
      "xiii_channel": {
        "ax": 48.01335880421059,
        "cx": 499.97734494552844,
        "bx": 28.214069160563234,
        "kx": 2.3175371353203844
      },
      "xiii_neutro_frac_g1d2": 0.8065901760316546,
      "params": {
        "kd": 1.8382538009547997,
        "kr": 4.9219417141869135,
        "krl": 7.626321252499926,
        "kcl": 7.010192398734043,
        "kca": 3.0530261477836156,
        "kna": 506.7437754851835,
        "knd": 9.9835629290185,
        "Hm": 45.37990258611839,
        "tp2": 10.131812110980867,
        "s2": 2.9002815440026533,
        "a2": 6.4529975246779845,
        "ar": 37.726528156216936,
        "cr": 37.306617382135045,
        "br": 7.431671372201733,
        "at": 6.145560038800328,
        "bt": 0.4976278722929721,
        "af": 12.524188972743126,
        "cf": 107.93059690434713,
        "bf": 5.613131631075706,
        "df": 2.1248572665847165,
        "ax": 48.01335880421059,
        "cx": 499.97734494552844,
        "bx": 28.214069160563234,
        "kx": 2.3175371353203844,
        "km": 3.3499482772712517,
        "tm": 0.39822582791055205
      },
      "cached": false,
      "wall_time": 1270.9689202308655
    },
    {
      "label": "v12_prior",
      "cx_bound": [
        10.0,
        600.0
      ],
      "cost": 0.9589071937356771,
      "avg_r2_g1": 0.8333998066553105,
      "avg_r2_g2": 0.6919621780584265,
      "metrics_g1": {
        "recalc": {
          "R2": 0.7871364460368845,
          "RMSE": 34.66182820233367
        },
        "thrombin": {
          "R2": 0.8599740941889311,
          "RMSE": 2.282467602385382
        },
        "fib": {
          "R2": 0.7425387352460067,
          "RMSE": 14.122221107271335
        },
        "xiii": {
          "R2": 0.8883401112178618,
          "RMSE": 16.25317916168862
        },
        "AP": {
          "R2": 0.8229454691999525,
          "RMSE": 0.08448338067898811
        },
        "D": {
          "R2": 0.8994639840422267,
          "RMSE": 5.37550425521464
        }
      },
      "metrics_g2": {
        "recalc": {
          "R2": 0.9068292245290142,
          "RMSE": 3.7880181621717686
        },
        "thrombin": {
          "R2": 0.9468262300781736,
          "RMSE": 0.4916944246628903
        },
        "fib": {
          "R2": 0.49772019696447045,
          "RMSE": 5.940626827129228
        },
        "xiii": {
          "R2": 0.07724313744480005,
          "RMSE": 6.104862998823341
        },
        "AP": {
          "R2": 0.9637943181035205,
          "RMSE": 0.019393094337837636
        },
        "D": {
          "R2": 0.7593599612305809,
          "RMSE": 5.100679511640206
        }
      },
      "xiii_channel": {
        "ax": 56.60600473561139,
        "cx": 570.8778884315129,
        "bx": 18.252583476190942,
        "kx": 2.9973940073150915
      },
      "xiii_neutro_frac_g1d2": 0.7911569224541527,
      "params": {
        "kd": 0.24924474914057873,
        "kr": 0.22859650323914654,
        "krl": 16.256358384527545,
        "kcl": 14.823377623701774,
        "kca": 0.38178383571640917,
        "kna": 367.4052297741426,
        "knd": 4.071627570830097,
        "Hm": 118.42729296944884,
        "tp2": 9.17803679442957,
        "s2": 1.7306898282480634,
        "a2": 3.274232655805349,
        "ar": 33.941582511554245,
        "cr": 37.253980602080794,
        "br": 4.111839104760769,
        "at": 5.697416504759554,
        "bt": 0.2721614427428127,
        "af": 10.114357504241767,
        "cf": 94.15060246574552,
        "bf": 2.835567193000959,
        "df": 12.67170246489528,
        "ax": 56.60600473561139,
        "cx": 570.8778884315129,
        "bx": 18.252583476190942,
        "kx": 2.9973940073150915,
        "km": 4.932846642799645,
        "tm": 0.4269355066592478
      },
      "cached": false,
      "wall_time": 805.4427049160004
    },
    {
      "label": "loose",
      "cx_bound": [
        10.0,
        700.0
      ],
      "cost": 1.042031282287073,
      "avg_r2_g1": 0.8286004291819483,
      "avg_r2_g2": 0.656158902088956,
      "metrics_g1": {
        "recalc": {
          "R2": 0.7429873455160614,
          "RMSE": 38.08711388740482
        },
        "thrombin": {
          "R2": 0.8389944396725009,
          "RMSE": 2.4474896491517395
        },
        "fib": {
          "R2": 0.8129040661063467,
          "RMSE": 12.038690024090096
        },
        "xiii": {
          "R2": 0.9291702914589882,
          "RMSE": 12.944862882882857
        },
        "AP": {
          "R2": 0.7655906940981824,
          "RMSE": 0.09720871143077611
        },
        "D": {
          "R2": 0.8819557382396102,
          "RMSE": 5.824797272931939
        }
      },
      "metrics_g2": {
        "recalc": {
          "R2": 0.7165973885918313,
          "RMSE": 6.606540799788853
        },
        "thrombin": {
          "R2": 0.8518953405076667,
          "RMSE": 0.8205988779493968
        },
        "fib": {
          "R2": 0.33832059609684506,
          "RMSE": 6.818411733068767
        },
        "xiii": {
          "R2": 0.7610370699510193,
          "RMSE": 3.106687340802775
        },
        "AP": {
          "R2": 0.7269019847814225,
          "RMSE": 0.05326206696926442
        },
        "D": {
          "R2": 0.5422010326049512,
          "RMSE": 7.035281777773749
        }
      },
      "xiii_channel": {
        "ax": 67.59940137882168,
        "cx": 699.9978140675289,
        "bx": 27.462281450791707,
        "kx": 3.184884687153514
      },
      "xiii_neutro_frac_g1d2": 0.8106085378341807,
      "params": {
        "kd": 1.430340951137438,
        "kr": 3.5773809987621736,
        "krl": 15.13853134389856,
        "kcl": 14.005107372543124,
        "kca": 0.3866878362814109,
        "kna": 714.0777865928542,
        "knd": 9.828985932570326,
        "Hm": 53.83114725272687,
        "tp2": 10.222736958960443,
        "s2": 2.899176627099246,
        "a2": 5.978905513211778,
        "ar": 38.38294093269053,
        "cr": 36.6555395911554,
        "br": 5.250751262387075,
        "at": 6.297617156122264,
        "bt": 0.3570809337946985,
        "af": 13.145825025535025,
        "cf": 108.95612851437221,
        "bf": 3.9543485170977966,
        "df": 17.665660941146548,
        "ax": 67.59940137882168,
        "cx": 699.9978140675289,
        "bx": 27.462281450791707,
        "kx": 3.184884687153514,