{
  "group": "G1",
  "t_value": 8.0,
  "t_idx": 8,
  "best_cost": 0.983468105681364,
  "best_x": [
    0.3678117024184595,
    0.6210641519186146,
    11.955374447443432,
    11.110846890065424,
    3.8731751519903845,
    166.9726484137385,
    3.4009314738463816,
    42.114456987377196,
    9.597993966888087,
    2.4080178231723766,
    4.977217200183302,
    36.645818597172095,
    40.40788296580196,
    8.56729558304,
    5.690258408875302,
    0.5421225500184299,
    9.536974678196238,
    76.56784790577782,
    4.730040983747571,
    0.9122637802253137,
    55.81431441344199,
    599.0364761888054,
    35.17658909691443,
    3.2448491515535256,
    4.121298369203851,
    0.4257850754829259
  ],
  "pred": {
    "recalc": 105.28247989460935,
    "thrombin": 7.903483048944034,
    "fib": -32.78968598115677,
    "xiii": -23.197491270915602,
    "AP": 0.5777919748263323,
    "D": 54.39966532394631
  },
  "actual": {
    "recalc": 17.3,
    "thrombin": 2.8,
    "fib": -39.1,
    "xiii": -20.6,
    "AP": 0.54,
    "D": 40.8
  },
  "press_per_obs": {
    "recalc": 6.4430198164562285,
    "thrombin": 4.999471645039423,
    "fib": 0.1996622354901543,
    "xiii": 0.025540626618464495,
    "AP": 0.20010438461350372,
    "D": 6.400560718142285
  },
  "elapsed_s": 619.3897767066956,
  "failed": false
}