{
  "group": "G2",
  "t_value": 1.0,
  "t_idx": 1,
  "best_cost": 0.9828650850103383,
  "best_x": [
    1.5576183207360943,
    3.8212824507750067,
    14.783515199955371,
    13.608968674299842,
    2.547473628800107,
    629.140127867292,
    8.912128839395933,
    993.0073715766093,
    10.215490817198965,
    2.982485005697238,
    5.793926466042277,
    39.861843853108184,
    36.949398137468535,
    5.336301329830976,
    6.247661878674794,
    0.36006168789116,
    19.641953935115065,
    155.93137218728094,
    5.0125052443740215,
    4.580349265964552,
    76.4773602313148,
    599.9728915706087,
    25.089652870276858,
    2.3783984901501416,
    3.1336212980848184,
    0.3578504256762434
  ],
  "pred": {
    "recalc": -23.82686350358495,
    "thrombin": -4.288599767708988,
    "fib": 30.046397573989157,
    "xiii": 17.532233243872707,
    "AP": 0.2524978902049894,
    "D": 23.63447446962457
  },
  "actual": {
    "recalc": -29.3,
    "thrombin": -5.1,
    "fib": 6.7,
    "xiii": 12.8,
    "AP": 0.12,
    "D": 8.3
  },
  "press_per_obs": {
    "recalc": 2.0876056008192085,
    "thrombin": 2.7232009362603486,
    "fib": 15.444548249037558,
    "xiii": 0.6008698872351925,
    "AP": 46.67923238885815,
    "D": 9.038195278183299
  },
  "elapsed_s": 1467.055738210678,
  "failed": false
}