{
  "group": "G1",
  "t_value": 13.0,
  "t_idx": 13,
  "best_cost": 0.9983203338152471,
  "best_x": [
    0.27079408673967076,
    0.31175791465647285,
    7.663945515928198,
    7.206287277711567,
    0.33124615065354923,
    493.87076266902443,
    9.658743404620125,
    458.53410483317816,
    9.414098851593266,
    1.9180413081805079,
    4.0067758457621,
    38.81246779986881,
    59.02529714403573,
    8.927638986286794,
    6.036798694175447,
    0.5070041411800379,
    9.678888160130068,
    92.16482114239469,
    5.015070361070659,
    14.89361398203178,
    52.19593107580924,
    568.5888345960109,
    33.02317326745924,
    2.4347117361087633,
    4.497320388740086,
    0.4293266754374717
  ],
  "pred": {
    "recalc": 106.64982776366327,
    "thrombin": 7.856524886709332,
    "fib": -31.00167617103249,
    "xiii": -62.97534245567882,
    "AP": 0.5415728444464492,
    "D": 49.621571660923905
  },
  "actual": {
    "recalc": 56.8,
    "thrombin": 6.2,
    "fib": -35.8,
    "xiii": -49.3,
    "AP": 0.44,
    "D": 56.5
  },
  "press_per_obs": {
    "recalc": 2.068351727806088,
    "thrombin": 0.526728340479216,
    "fib": 0.11544445952854807,
    "xiii": 0.7079454191860766,
    "AP": 1.445481909528106,
    "D": 1.6373443072231062
  },
  "elapsed_s": 619.8332214355469,
  "failed": false
}