{
  "group": "G2",
  "t_value": 2.0,
  "t_idx": 2,
  "best_cost": 0.9511295557129609,
  "best_x": [
    0.2586967490570524,
    0.23819608648994203,
    10.373952459577033,
    9.513150910474906,
    4.007898478910054,
    299.14155875276657,
    8.715971687257,
    36.15337843223679,
    9.266086837325592,
    1.7672044926689374,
    3.25366455584199,
    32.46196071367004,
    34.98546062304542,
    10.518129310937418,
    5.791592664914754,
    0.7264994218238447,
    8.026011455763982,
    76.8253473066026,
    6.743179253592626,
    0.8531714131938546,
    68.0913419868424,
    599.9905218638949,
    49.564581972697056,
    2.995679900323495,
    4.78680124078379,
    0.409453280747748
  ],
  "pred": {
    "recalc": -18.533772126988584,
    "thrombin": -4.061587038904127,
    "fib": 8.816696987145356,
    "xiii": 20.18618168592838,
    "AP": 0.2522577489173288,
    "D": 23.89896624819801
  },
  "actual": {
    "recalc": -23.3,
    "thrombin": -4.4,
    "fib": 21.8,
    "xiii": 10.2,
    "AP": 0.22,
    "D": 18.6
  },
  "press_per_obs": {
    "recalc": 1.5831625169871755,
    "thrombin": 0.4737000257521342,
    "fib": 4.77645666476657,
    "xiii": 2.675759536607106,
    "AP": 2.7667753273454623,
    "D": 1.0792603778283298
  },
  "elapsed_s": 904.5329740047455,
  "failed": false
}