{
  "group": "G1",
  "t_value": 5.0,
  "t_idx": 5,
  "best_cost": 0.990637957430196,
  "best_x": [
    0.2763094459518386,
    0.3358130975737438,
    18.48191126052793,
    17.872024206167474,
    1.8428791530162334,
    391.0700475509449,
    5.048138212885263,
    69.79619749931632,
    9.474659502797792,
    1.8501962145888413,
    5.0716271203184,
    31.89388282845374,
    36.25053096208396,
    4.734866585319418,
    5.762143807115008,
    0.33240053070988895,
    10.698464089768187,
    96.09663760640711,
    3.3764769689211542,
    2.729184539383625,
    48.906914996365074,
    533.8099210865059,
    19.704659255572018,
    2.9660017521934225,
    4.759274389555737,
    0.4278808618698744
  ],
  "pred": {
    "recalc": 19.51186858607906,
    "thrombin": 1.0862250261771693,
    "fib": -4.619829227604976,
    "xiii": 21.971885335373308,
    "AP": 0.3360650444744954,
    "D": 32.43828799716116
  },
  "actual": {
    "recalc": -2.0,
    "thrombin": 0.4,
    "fib": -22.9,
    "xiii": 5.4,
    "AP": 0.38,
    "D": 40.2
  },
  "press_per_obs": {
    "recalc": 0.38517078751310496,
    "thrombin": 0.09039072322564828,
    "fib": 1.6755387782556195,
    "xiii": 1.0396022096933286,
    "AP": 0.27044428833806194,
    "D": 2.0848587111030765
  },
  "elapsed_s": 631.0640060901642,
  "failed": false
}