{
  "group": "G2",
  "t_value": 7.0,
  "t_idx": 7,
  "best_cost": 0.9653251047440379,
  "best_x": [
    0.24395029461378345,
    0.21199498431138597,
    11.118113555884932,
    10.092640714120975,
    0.6007561104867478,
    240.46648210627313,
    5.2027878839076145,
    29.087545069667687,
    9.163231705722183,
    1.6545945486573905,
    3.2128214716095673,
    32.55185648182538,
    36.02415197952379,
    7.795371506966697,
    5.755180827776131,
    0.5342280519883822,
    10.468230965558039,
    98.63827385668242,
    5.655202414001868,
    8.830436822313754,
    59.3487836062761,
    599.9802423439228,
    36.59322347573122,
    3.6363123397144506,
    5.100879890932374,
    0.4188544993694232
  ],
  "pred": {
    "recalc": -0.033587360133976674,
    "thrombin": -0.06414607974333553,
    "fib": -0.12796259983863933,
    "xiii": 0.5760520194687548,
    "AP": 0.14523974612423476,
    "D": 12.553211743365189
  },
  "actual": {
    "recalc": -0.3,
    "thrombin": 0.2,
    "fib": 1.2,
    "xiii": 1.8,
    "AP": 0.14,
    "D": 19.7
  },
  "press_per_obs": {
    "recalc": 0.004946358009107952,
    "thrombin": 0.28860096008321573,
    "fib": 0.049969746196898764,
    "xiii": 0.04019518905573319,
    "AP": 0.07300057316466042,
    "D": 1.9632054773070433
  },
  "elapsed_s": 918.4750876426697,
  "failed": false
}