{
  "group": "G1",
  "t_value": 14.0,
  "t_idx": 14,
  "best_cost": 1.0351983668526166,
  "best_x": [
    1.6966943077259042,
    4.7395851529560815,
    11.341597080531129,
    10.105551174409612,
    0.7043431562641287,
    232.15607950375136,
    6.040663019711757,
    32.605256952793276,
    10.060043556564864,
    2.956915621354754,
    6.268579928359893,
    37.90561684347858,
    36.992733725643696,
    9.585898497146587,
    6.2163028649573935,
    0.650575678501569,
    13.284867572268633,
    116.78621986222156,
    7.476524483811858,
    10.848591316677386,
    57.39740581133169,
    599.9563800035647,
    43.7383638828112,
    2.758598299072758,
    3.239384725157397,
    0.3990594950293147
  ],
  "pred": {
    "recalc": 62.15493778753999,
    "thrombin": 5.34055305712974,
    "fib": -12.746802479660502,
    "xiii": -41.73843489859096,
    "AP": 0.45024560755553905,
    "D": 39.264211913327635
  },
  "actual": {
    "recalc": 47.3,
    "thrombin": 3.4,
    "fib": -34.1,
    "xiii": -40.7,
    "AP": 0.31,
    "D": 49.3
  },
  "press_per_obs": {
    "recalc": 0.18367021900813307,
    "thrombin": 0.7228393706936133,
    "fib": 2.2862294830595538,
    "xiii": 0.004082083693144168,
    "AP": 2.7557255821812694,
    "D": 3.485495646295552
  },
  "elapsed_s": 1087.3518362045288,
  "failed": false
}