{
  "group": "G1",
  "t_value": 6.0,
  "t_idx": 6,
  "best_cost": 1.0475482926795274,
  "best_x": [
    1.1935142638282177,
    2.9072436543668783,
    14.291039210965112,
    13.123605802707136,
    19.20346268699399,
    481.67431358112634,
    7.6145512793764905,
    45.765067322387395,
    10.172382398312942,
    2.7669697482458546,
    5.998251240645043,
    38.33071402302658,
    36.35086617864003,
    6.0007883486693085,
    6.217483499790803,
    0.40652999592007,
    12.627649419142084,
    104.62291347610514,
    4.385525231284225,
    0.31513174326101506,
    59.01143098334278,
    599.9961791691233,
    26.796337229984857,
    2.8271591054882474,
    3.380872361094566,
    0.40104303082414905
  ],
  "pred": {
    "recalc": 35.01677917725995,
    "thrombin": 2.623798437234907,
    "fib": -9.48897143037138,
    "xiii": 14.299746163796263,
    "AP": 0.3949477219067851,
    "D": 36.75427074032926
  },
  "actual": {
    "recalc": 5.0,
    "thrombin": 1.2,
    "fib": -26.8,
    "xiii": -4.7,
    "AP": 0.42,
    "D": 40.2
  },
  "press_per_obs": {
    "recalc": 0.7499378092751111,
    "thrombin": 0.3891237872751494,
    "fib": 1.5025873649359514,
    "xiii": 1.366529313718407,
    "AP": 0.08793299782611667,
    "D": 0.41088840085049766
  },
  "elapsed_s": 1189.64306807518,
  "failed": false
}