{
  "group": "G1",
  "t_value": 12.0,
  "t_idx": 12,
  "best_cost": 1.0148970143777758,
  "best_x": [
    0.25761502675594183,
    0.33219615791087426,
    14.051882890443324,
    12.080861275181729,
    4.5441548143915735,
    229.23462574873665,
    6.493569151576504,
    233.3598116438621,
    9.423213331290317,
    1.9982945253550142,
    3.7758001233859355,
    38.272814149953575,
    48.014506587901195,
    10.931514193958071,
    6.131320710726955,
    0.6660038722040542,
    11.94053792743928,
    93.91900531980798,
    7.007693186542753,
    1.3274066478884983,
    60.93591357983739,
    591.9336190931306,
    49.06137868007731,
    3.775246044310258,
    4.08475546665054,
    0.4461961628603615
  ],
  "pred": {
    "recalc": 138.1576764839074,
    "thrombin": 10.304312550691437,
    "fib": -51.772983623033255,
    "xiii": -55.008670088806575,
    "AP": 0.6545528128785669,
    "D": 55.79842715351766
  },
  "actual": {
    "recalc": 110.0,
    "thrombin": 12.5,
    "fib": -40.6,
    "xiii": -63.4,
    "AP": 0.54,
    "D": 58.1
  },
  "press_per_obs": {
    "recalc": 0.6599191008329134,
    "thrombin": 0.9254049009865073,
    "fib": 0.6259394309617458,
    "xiii": 0.2665538420151686,
    "AP": 1.838522492185243,
    "D": 0.18332049886903268
  },
  "elapsed_s": 586.2630767822266,
  "failed": false
}