{
  "group": "G2",
  "t_value": 6.0,
  "t_idx": 6,
  "best_cost": 1.0353990790501286,
  "best_x": [
    0.8661526966441502,
    1.8211090952162214,
    10.830104298869394,
    9.95573671789814,
    1.6752627523309283,
    266.5143672625179,
    7.729559467850063,
    66.96525928143566,
    10.040136228472939,
    2.670107862520444,
    5.453361100696473,
    36.22035134534757,
    32.479280768070964,
    10.300993652321353,
    6.0698896004489775,
    0.7154015667404694,
    13.690793582002833,
    108.17770745049216,
    7.999353973936879,
    4.5479122548783835,
    56.53325513401251,
    586.767351611845,
    49.29904161048705,
    2.6074378358478603,
    3.6886938735259776,
    0.4067701170329223
  ],
  "pred": {
    "recalc": 2.768472633532621,
    "thrombin": -0.03139489872140455,
    "fib": -1.9011538429057318,
    "xiii": -5.0925476866067525,
    "AP": 0.2146524653315943,
    "D": 19.43766659651092
  },
  "actual": {
    "recalc": -0.1,
    "thrombin": 0.5,
    "fib": 3.9,
    "xiii": 2.0,
    "AP": 0.2,
    "D": 29.6
  },
  "press_per_obs": {
    "recalc": 0.5734259153616095,
    "thrombin": 1.1680036346504346,
    "fib": 0.9535955624795188,
    "xiii": 1.3497479744323633,
    "AP": 0.570856808023479,
    "D": 3.969454287151759
  },
  "elapsed_s": 517.2194218635559,
  "failed": false
}