{
  "group": "G1",
  "t_value": 10.0,
  "t_idx": 10,
  "best_cost": 1.057352440460578,
  "best_x": [
    1.3782368622191123,
    3.6056573041939997,
    10.143924318619659,
    9.424344435468909,
    2.1812448791966075,
    374.4941273770505,
    7.260446443399237,
    61.92851275465556,
    10.127255909826523,
    2.920142842367931,
    6.41610437777959,
    36.00421938916186,
    36.13621136128887,
    6.8954533347967075,
    6.094146008612247,
    0.4793888910420627,
    12.981515923527798,
    111.50918953241136,
    5.73442093353883,
    3.0885476625863033,
    56.883996136930485,
    599.9963125336471,
    33.48620622427572,
    2.627932672241953,
    3.4126651489473447,
    0.39747976840109644
  ],
  "pred": {
    "recalc": 120.46728230504388,
    "thrombin": 9.90026818748501,
    "fib": -55.622978395945665,
    "xiii": -64.70539091178452,
    "AP": 0.6400185112882204,
    "D": 59.700453900132054
  },
  "actual": {
    "recalc": 166.3,
    "thrombin": 11.6,
    "fib": -46.8,
    "xiii": -69.1,
    "AP": 0.62,
    "D": 57.0
  },
  "press_per_obs": {
    "recalc": 1.7484301587227868,
    "thrombin": 0.5545638575669763,
    "fib": 0.39032324705338967,
    "xiii": 0.07310782332822974,
    "AP": 0.05614627986332806,
    "D": 0.25236848208526114
  },
  "elapsed_s": 908.1281971931458,
  "failed": false
}