{
  "group": "G2",
  "t_value": 3.0,
  "t_idx": 3,
  "best_cost": 1.0473212406933747,
  "best_x": [
    1.5670220585533166,
    4.120592304961527,
    6.525741315636514,
    6.057404069400567,
    2.4418583072068647,
    238.94097033729656,
    4.871403428065297,
    45.038179911632554,
    9.989034355209071,
    2.8281319822218562,
    6.508317029547708,
    37.61008935509457,
    37.38673745660813,
    7.739295315221538,
    6.098607424473925,
    0.5237687472550239,
    11.432008331186442,
    101.3066687550322,
    5.6423370073993,
    2.4956078886068314,
    51.72022369291207,
    599.9484580862668,
    35.28127168510581,
    2.7867463881550654,
    3.5502472366481057,
    0.40997883535981294
  ],
  "pred": {
    "recalc": -12.262706998074368,
    "thrombin": -2.796745405034808,
    "fib": 4.768701264733481,
    "xiii": 2.0301134361520536,
    "AP": 0.2559137955183095,
    "D": 23.64603762895493
  },
  "actual": {
    "recalc": 1.5,
    "thrombin": -2.1,
    "fib": 9.5,
    "xiii": 2.5,
    "AP": 0.33,
    "D": 23.7
  },
  "press_per_obs": {
    "recalc": 13.20029457182793,
    "thrombin": 2.0079720292245358,
    "fib": 0.6343021690290752,
    "xiii": 0.0059242613473979785,
    "AP": 14.594205987851499,
    "D": 0.00011192470914535723
  },
  "elapsed_s": 865.5440917015076,
  "failed": false
}