{
  "group": "G1",
  "t_value": 3.0,
  "t_idx": 3,
  "best_cost": 1.007808656896987,
  "best_x": [
    0.5056023824938957,
    0.932446389616522,
    19.56237497455265,
    17.61019296158349,
    2.1457063472198223,
    274.66247971101075,
    8.044780578077571,
    21.17856550327175,
    9.95288142309695,
    2.6347324917287693,
    4.41247213623221,
    37.94749913388273,
    33.966774759225075,
    10.859007208884105,
    6.285837685288034,
    0.7433309859287749,
    13.052266236483302,
    101.79406163839849,
    7.999587675569878,
    3.0033309919076148,
    62.08514728994984,
    596.7176692470821,
    49.36360183689356,
    3.1180622291614557,
    3.546300054404214,
    0.4151883516281726
  ],
  "pred": {
    "recalc": 8.885857469680438,
    "thrombin": -1.2611821679381512,
    "fib": -1.647852260147804,
    "xiii": 40.53323610453505,
    "AP": 0.36307508276258016,
    "D": 32.61497637001432
  },
  "actual": {
    "recalc": -37.8,
    "thrombin": -3.0,
    "fib": 24.0,
    "xiii": 56.0,
    "AP": 0.48,
    "D": 35.6
  },
  "press_per_obs": {
    "recalc": 1.8141272580495837,
    "thrombin": 0.5803619443969049,
    "fib": 3.2983443396319414,
    "xiii": 0.9055705001905862,
    "AP": 1.915453325740933,
    "D": 0.3083593538106157
  },
  "elapsed_s": 714.5977215766907,
  "failed": false
}