{
  "group": "G2",
  "t_value": 4.0,
  "t_idx": 4,
  "best_cost": 1.0255349647169547,
  "best_x": [
    1.4880490657339869,
    3.98605407542398,
    8.665096392984726,
    7.956259772685373,
    3.0975894558776735,
    417.2808721674021,
    9.000324976723187,
    27.791549516736623,
    10.139624946218827,
    2.958017908549521,
    6.390592852233549,
    37.01038683624556,
    36.35037490969437,
    7.95118816150813,
    6.173369370942604,
    0.5412347464318537,
    12.19380034827632,
    103.1019534083257,
    6.055603084538561,
    1.6248624045075502,
    53.45724906219313,
    599.9769028501266,
    36.40972688126189,
    2.903925560346827,
    3.559798697063776,
    0.4013885235361575
  ],
  "pred": {
    "recalc": -5.4814693032625925,
    "thrombin": -1.613407568021918,
    "fib": 3.935835982243278,
    "xiii": -2.3154037007294646,
    "AP": 0.24255209419743484,
    "D": 22.07519663404722
  },
  "actual": {
    "recalc": 9.1,
    "thrombin": -0.2,
    "fib": -9.6,
    "xiii": -9.3,
    "AP": 0.3,
    "D": 24.6
  },
  "press_per_obs": {
    "recalc": 14.817620598609182,
    "thrombin": 8.263123754376585,
    "fib": 5.191652580416248,
    "xiii": 1.3089732592334125,
    "AP": 8.775142607175177,
    "D": 0.24501859650561195
  },
  "elapsed_s": 1707.30624461174,
  "failed": false
}