{
  "group": "G1",
  "t_value": 1.0,
  "t_idx": 1,
  "best_cost": 1.0489751131052258,
  "best_x": [
    1.5698648823804628,
    4.417705408013941,
    12.443464937153063,
    11.464126321244082,
    2.40980828377561,
    168.1670481500972,
    4.749808337975922,
    17.31535446389409,
    10.093940090327635,
    2.957152761057244,
    6.634061150252674,
    39.130553692137354,
    30.954472669795997,
    10.358023677700942,
    6.153990244331533,
    0.7216898311661308,
    13.234963444820407,
    91.00609229596319,
    7.429752543476776,
    2.111691733601909,
    64.93978465595009,
    599.967165303144,
    48.61514704307875,
    3.3255892616742497,
    3.2012062208896426,
    0.3931432853829181
  ],
  "pred": {
    "recalc": -27.76590687863598,
    "thrombin": -4.5906316539545005,
    "fib": 20.33537861811364,
    "xiii": 43.50225099684924,
    "AP": 0.24713309728156177,
    "D": 23.998380106895826
  },
  "actual": {
    "recalc": -38.5,
    "thrombin": -5.6,
    "fib": 28.0,
    "xiii": 71.0,
    "AP": 0.22,
    "D": 20.7
  },
  "press_per_obs": {
    "recalc": 0.09590202696041294,
    "thrombin": 0.19556454346707658,
    "fib": 0.29456110415070225,
    "xiii": 2.862316417109943,
    "AP": 0.10314689887776472,
    "D": 0.37649827005337905
  },
  "elapsed_s": 934.8913023471832,
  "failed": false
}