{
  "group": "G1",
  "t_value": 2.0,
  "t_idx": 2,
  "best_cost": 0.9381467748683069,
  "best_x": [
    0.23170928551392017,
    0.20549608020173626,
    19.98581064788179,
    18.49782179374614,
    1.157302615239419,
    630.7057133954354,
    6.8162626708549965,
    33.03450968206225,
    9.24602358884987,
    1.6572404317720388,
    3.2823278875167707,
    36.18505567291716,
    24.333546314584936,
    3.8007488456367438,
    5.843995101862963,
    0.2790329566389478,
    12.780733368746901,
    73.17669774925459,
    2.4964207303147896,
    3.2523700368743933,
    85.94704885043349,
    599.9782226926955,
    19.32778545471314,
    5.297965354793235,
    4.809444869163996,
    0.41524364020350657
  ],
  "pred": {
    "recalc": -17.56596029568539,
    "thrombin": -3.842159564076061,
    "fib": 11.781557294585784,
    "xiii": 37.24278329506389,
    "AP": 0.27578086233305205,
    "D": 26.140113889764336
  },
  "actual": {
    "recalc": -40.9,
    "thrombin": -4.9,
    "fib": 31.7,
    "xiii": 72.0,
    "AP": 0.36,
    "D": 31.2
  },
  "press_per_obs": {
    "recalc": 0.45318646876799895,
    "thrombin": 0.21479842082160516,
    "fib": 1.9893204529813358,
    "xiii": 4.573127796224934,
    "AP": 0.9937542800324844,
    "D": 0.8860190577796639
  },
  "elapsed_s": 910.2901022434235,
  "failed": false
}