{
  "group": "G1",
  "t_value": 11.0,
  "t_idx": 11,
  "best_cost": 0.9996793196855707,
  "best_x": [
    1.7137500573121536,
    4.862647714332674,
    9.784568380150777,
    9.218263308185843,
    28.69126994061426,
    402.91316836454865,
    7.124222888309486,
    932.9300602996107,
    10.090723693941364,
    3.1153459329289666,
    6.27127888744209,
    36.096232192177204,
    36.20719641957476,
    6.246368332225185,
    6.090390373177928,
    0.4241368507409761,
    13.127841390127587,
    116.44207487591342,
    5.611342513137636,
    0.23068293627898626,
    58.152178958916835,
    599.9731015521128,
    32.020297007878256,
    2.2416401407543844,
    3.1846478350718352,
    0.38574374378483667
  ],
  "pred": {
    "recalc": 111.7203611350841,
    "thrombin": 9.052956969916558,
    "fib": -54.80529697910213,
    "xiii": -57.03908671437183,
    "AP": 0.6159792810466839,
    "D": 57.931045914965964
  },
  "actual": {
    "recalc": 206.7,
    "thrombin": 15.6,
    "fib": -52.6,
    "xiii": -76.7,
    "AP": 0.84,
    "D": 60.5
  },
  "press_per_obs": {
    "recalc": 7.508584924265137,
    "thrombin": 8.227751132452013,
    "fib": 0.0243853027285211,
    "xiii": 1.4632910964946744,
    "AP": 7.03127048260016,
    "D": 0.2283885169447926
  },
  "elapsed_s": 1864.02179813385,
  "failed": false
}