{
  "group": "G1",
  "t_value": 7.0,
  "t_idx": 7,
  "best_cost": 1.04055392210135,
  "best_x": [
    1.486913223692078,
    3.9738020439998283,
    11.964195986256719,
    11.07520864789171,
    2.7745629692992537,
    542.9725985179723,
    8.65564099725367,
    55.088450481020864,
    10.118745275486534,
    2.9422240133566504,
    6.556416050273328,
    38.57037431460915,
    37.83778337477203,
    6.16790931543494,
    6.297869755520262,
    0.41662418805468165,
    12.731346663408377,
    110.6695040207619,
    4.585796950800669,
    2.3625949335807377,
    57.53260968642121,
    599.9653539117573,
    27.164821573342657,
    2.6820886365985794,
    3.3577852000149586,
    0.3960409550514327
  ],
  "pred": {
    "recalc": 69.81336062997123,
    "thrombin": 5.548368124557903,
    "fib": -23.955532126149425,
    "xiii": -15.129874202599737,
    "AP": 0.4981371776733353,
    "D": 46.764406314067635
  },
  "actual": {
    "recalc": 13.6,
    "thrombin": 1.5,
    "fib": -33.5,
    "xiii": -12.3,
    "AP": 0.5,
    "D": 38.6
  },
  "press_per_obs": {
    "recalc": 2.6301236630573657,
    "thrombin": 3.145942277242252,
    "fib": 0.456769847472838,
    "xiii": 0.030315002950152537,
    "AP": 0.0004861835948887214,
    "D": 2.3068045526433476
  },
  "elapsed_s": 1432.4849128723145,
  "failed": false
}