{
  "group": "G2",
  "t_value": 8.0,
  "t_idx": 8,
  "best_cost": 1.018997010109505,
  "best_x": [
    0.3235305074566629,
    0.5563783319820379,
    8.56405730978097,
    8.120668277715161,
    8.011638423915926,
    471.5867747084278,
    7.753139173930645,
    64.25567928642013,
    9.594967787161398,
    2.57972098718448,
    4.649047714751289,
    37.886250766158724,
    44.5908944500907,
    6.743075211702539,
    6.009527519077219,
    0.4675281866135128,
    11.699530831700017,
    125.76288764756504,
    5.272286315655947,
    0.8443374330948885,
    52.54719601453161,
    595.0934751647369,
    27.950368241593537,
    2.467328761083726,
    3.702703063619653,
    0.4518906009652087
  ],
  "pred": {
    "recalc": 0.401007602375568,
    "thrombin": 0.24530292694760047,
    "fib": 1.709394026314886,
    "xiii": 1.5039922867283748,
    "AP": 0.1469310703303433,
    "D": 13.373911642547393
  },
  "actual": {
    "recalc": -0.5,
    "thrombin": -0.1,
    "fib": 0.8,
    "xiii": 1.5,
    "AP": 0.07,
    "D": 1.8
  },
  "press_per_obs": {
    "recalc": 0.056576073810292664,
    "thrombin": 0.49318510488215145,
    "fib": 0.02343363439379986,
    "xiii": 4.2765308131235616e-07,
    "AP": 15.736542874308123,
    "D": 5.148779009933182
  },
  "elapsed_s": 574.2229228019714,
  "failed": false
}