{
  "group": "G1",
  "t_value": 4.0,
  "t_idx": 4,
  "best_cost": 1.033977371075262,
  "best_x": [
    1.5998981644845642,
    4.243310368491038,
    12.321404285587352,
    11.382446004651968,
    19.524844866605747,
    371.07526777468706,
    6.79258740052316,
    46.02372931093461,
    10.149991600273896,
    2.8659656839957686,
    6.323385412413539,
    37.3369671074531,
    37.17492707880467,
    7.045234316612281,
    6.102765988250137,
    0.47725909473565464,
    12.512464867058565,
    107.35314479748638,
    5.2497372883825015,
    0.34598218133016456,
    56.48959512066316,
    599.9754788989267,
    31.600870840118205,
    2.7392781882431323,
    3.3372729558736016,
    0.4015915794265718
  ],
  "pred": {
    "recalc": 5.3296236714234055,
    "thrombin": -0.6643771633411104,
    "fib": -1.2476347988068355,
    "xiii": 45.70797828988678,
    "AP": 0.3075206185433468,
    "D": 28.677551910286308
  },
  "actual": {
    "recalc": -22.5,
    "thrombin": -3.5,
    "fib": 11.2,
    "xiii": 47.5,
    "AP": 0.51,
    "D": 35.8
  },
  "press_per_obs": {
    "recalc": 0.6446318159133139,
    "thrombin": 1.5434326634135527,
    "fib": 0.7769045456044462,
    "xiii": 0.012156537333862254,
    "AP": 5.744060988487345,
    "D": 1.7555781436143392
  },
  "elapsed_s": 986.0031840801239,
  "failed": false
}