{
  "group": "G1",
  "t_value": 9.0,
  "t_idx": 9,
  "best_cost": 1.0567497042402265,
  "best_x": [
    1.1839050952102894,
    3.0419656240289275,
    12.062188432568265,
    11.087810460264727,
    0.4338992190892921,
    332.7592024832767,
    8.490543085219661,
    60.69795635270607,
    10.145973155209552,
    2.840631259292396,
    6.4960993149354636,
    36.46211416362935,
    34.5413941280513,
    8.8647352492126,
    6.265584381340171,
    0.6593873589249777,
    12.603184742534749,
    108.00964426132578,
    7.192864113425172,
    15.175834694611188,
    58.54460495246651,
    599.5859966282891,
    43.728286802612814,
    2.6361219695581752,
    3.479765345601759,
    0.39836876563486656
  ],
  "pred": {
    "recalc": 108.60061055729693,
    "thrombin": 9.52204287696411,
    "fib": -47.73298893914706,
    "xiii": -61.046127807650855,
    "AP": 0.6179266303980258,
    "D": 57.038947294059625
  },
  "actual": {
    "recalc": 148.3,
    "thrombin": 7.3,
    "fib": -44.8,
    "xiii": -65.9,
    "AP": 0.58,
    "D": 51.9
  },
  "press_per_obs": {
    "recalc": 1.3117912338296327,
    "thrombin": 0.9477540003056716,
    "fib": 0.043133513604903,
    "xiii": 0.08918668627359029,
    "AP": 0.20153289816641068,
    "D": 0.9139236313890603
  },
  "elapsed_s": 881.6579804420471,
  "failed": false
}