{
  "group": "G1",
  "t_value": 19.0,
  "t_idx": 15,
  "best_cost": 1.0584936363842556,
  "best_x": [
    1.3838200111570176,
    3.707960215540795,
    17.65197183270567,
    16.27956258867499,
    0.6715680158686421,
    310.04518318172273,
    6.037566322535212,
    76.17834733033612,
    10.112670774933495,
    2.9323485230748068,
    6.400529759199746,
    37.56726244772018,
    37.67357899479801,
    7.3876624894798075,
    6.20919230000159,
    0.4967045764322025,
    12.37704886693641,
    105.93582942235537,
    5.531188496808818,
    9.146542092508362,
    56.481066822577965,
    598.103953095153,
    33.700882653004776,
    2.5334322568292404,
    3.372305562869977,
    0.39790016192999106
  ],
  "pred": {
    "recalc": -0.6680438384346803,
    "thrombin": 0.04639247231566766,
    "fib": 2.1708225657220304,
    "xiii": 10.241206043799538,
    "AP": 0.036205901613710026,
    "D": 3.151977040217465
  },
  "actual": {
    "recalc": 6.3,
    "thrombin": 0.2,
    "fib": -2.2,
    "xiii": -5.7,
    "AP": 0.07,
    "D": 8.6
  },
  "press_per_obs": {
    "recalc": 0.04041278848518444,
    "thrombin": 0.004529140098869426,
    "fib": 0.09579003667251001,
    "xiii": 0.9619792513578883,
    "AP": 0.16000706527532754,
    "D": 1.02716316870986
  },
  "elapsed_s": 1219.260951757431,
  "failed": false
}