{
  "group": "G2",
  "t_value": 5.0,
  "t_idx": 5,
  "best_cost": 1.0408882583903756,
  "best_x": [
    0.9807015763336902,
    2.438873305787957,
    8.51409458615666,
    7.728131945143163,
    0.20955377934831448,
    455.1790639722189,
    9.999794845650854,
    66.98319627996486,
    10.087295812542353,
    2.849667851462791,
    5.9295441298019576,
    37.31782384925009,
    35.3711497653958,
    8.10357091632525,
    6.200443830425739,
    0.5501833410679142,
    12.146300146101815,
    99.38804891766583,
    5.921441436036529,
    26.28570695423319,
    56.250631139249876,
    593.4829117714817,
    37.402378444685354,
    2.598003271680283,
    3.477047136829298,
    0.39721983629247515
  ],
  "pred": {
    "recalc": 0.5502696657340849,
    "thrombin": -0.579337385841175,
    "fib": 0.7093826235861336,
    "xiii": -6.117594144792554,
    "AP": 0.23675142501039284,
    "D": 21.25941607699846
  },
  "actual": {
    "recalc": 6.7,
    "thrombin": 1.3,
    "fib": -3.9,
    "xiii": -4.9,
    "AP": 0.25,
    "D": 27.3
  },
  "press_per_obs": {
    "recalc": 2.635651831002694,
    "thrombin": 14.608947855567822,
    "fib": 0.6020339410981919,
    "xiii": 0.039778944697209495,
    "AP": 0.46670678677731003,
    "D": 1.4024964534430517
  },
  "elapsed_s": 773.921008348465,
  "failed": false
}