{
  "analysis": "20_loo_timepoint",
  "rmse_baseline_g1": {
    "recalc": 34.66182820233367,
    "thrombin": 2.282467602385382,
    "fib": 14.122221107271335,
    "xiii": 16.25317916168862,
    "AP": 0.08448338067898811,
    "D": 5.37550425521464
  },
  "rmse_baseline_g2": {
    "recalc": 3.7880181621717686,
    "thrombin": 0.4916944246628903,
    "fib": 5.940626827129228,
    "xiii": 6.104862998823341,
    "AP": 0.019393094337837636,
    "D": 5.100679511640206
  },
  "results": [
    {
      "group": "G1",
      "t_value": 1.0,
      "cost": 1.0489751131052258,
      "press_total": 3.9279892606192788,
      "press_per_obs": {
        "recalc": 0.09590202696041294,
        "thrombin": 0.19556454346707658,
        "fib": 0.29456110415070225,
        "xiii": 2.862316417109943,
        "AP": 0.10314689887776472,
        "D": 0.37649827005337905
      },
      "pred": {
        "recalc": -27.76590687863598,
        "thrombin": -4.5906316539545005,
        "fib": 20.33537861811364,
        "xiii": 43.50225099684924,
        "AP": 0.24713309728156177,
        "D": 23.998380106895826
      },
      "actual": {
        "recalc": -38.5,
        "thrombin": -5.6,
        "fib": 28.0,
        "xiii": 71.0,
        "AP": 0.22,
        "D": 20.7
      }
    },
    {
      "group": "G1",
      "t_value": 2.0,
      "cost": 0.9381467748683069,
      "press_total": 9.110206476608024,
      "press_per_obs": {
        "recalc": 0.45318646876799895,
        "thrombin": 0.21479842082160516,
        "fib": 1.9893204529813358,
        "xiii": 4.573127796224934,
        "AP": 0.9937542800324844,
        "D": 0.8860190577796639
      },
      "pred": {
        "recalc": -17.56596029568539,
        "thrombin": -3.842159564076061,
        "fib": 11.781557294585784,
        "xiii": 37.24278329506389,
        "AP": 0.27578086233305205,
        "D": 26.140113889764336
      },
      "actual": {
        "recalc": -40.9,
        "thrombin": -4.9,
        "fib": 31.7,
        "xiii": 72.0,
        "AP": 0.36,
        "D": 31.2
      }
    },
    {
      "group": "G1",
      "t_value": 3.0,
      "cost": 1.007808656896987,
      "press_total": 8.822216721820565,
      "press_per_obs": {
        "recalc": 1.8141272580495837,
        "thrombin": 0.5803619443969049,
        "fib": 3.2983443396319414,
        "xiii": 0.9055705001905862,
        "AP": 1.915453325740933,
        "D": 0.3083593538106157
      },
      "pred": {
        "recalc": 8.885857469680438,
        "thrombin": -1.2611821679381512,
        "fib": -1.647852260147804,
        "xiii": 40.53323610453505,
        "AP": 0.36307508276258016,
        "D": 32.61497637001432
      },
      "actual": {
        "recalc": -37.8,
        "thrombin": -3.0,
        "fib": 24.0,
        "xiii": 56.0,
        "AP": 0.48,
        "D": 35.6
      }
    },
    {
      "group": "G1",
      "t_value": 4.0,
      "cost": 1.033977371075262,
      "press_total": 10.47676469436686,
      "press_per_obs": {
        "recalc": 0.6446318159133139,
        "thrombin": 1.5434326634135527,
        "fib": 0.7769045456044462,
        "xiii": 0.012156537333862254,
        "AP": 5.744060988487345,
        "D": 1.7555781436143392
      },
      "pred": {
        "recalc": 5.3296236714234055,
        "thrombin": -0.6643771633411104,
        "fib": -1.2476347988068355,
        "xiii": 45.70797828988678,
        "AP": 0.3075206185433468,
        "D": 28.677551910286308
      },
      "actual": {
        "recalc": -22.5,
        "thrombin": -3.5,
        "fib": 11.2,
        "xiii": 47.5,
        "AP": 0.51,
        "D": 35.8
      }
    },
    {
      "group": "G1",
      "t_value": 5.0,
      "cost": 0.990637957430196,
      "press_total": 5.5460054981288405,
      "press_per_obs": {
        "recalc": 0.38517078751310496,
        "thrombin": 0.09039072322564828,
        "fib": 1.6755387782556195,
        "xiii": 1.0396022096933286,
        "AP": 0.27044428833806194,
        "D": 2.0848587111030765
      },
      "pred": {
        "recalc": 19.51186858607906,
        "thrombin": 1.0862250261771693,
        "fib": -4.619829227604976,
        "xiii": 21.971885335373308,
        "AP": 0.3360650444744954,
        "D": 32.43828799716116
      },
      "actual": {
        "recalc": -2.0,
        "thrombin": 0.4,
        "fib": -22.9,
        "xiii": 5.4,
        "AP": 0.38,
        "D": 40.2
      }
    },
    {
      "group": "G1",
      "t_value": 6.0,
      "cost": 1.0475482926795274,
      "press_total": 4.506999673881233,
      "press_per_obs": {
        "recalc": 0.7499378092751111,
        "thrombin": 0.3891237872751494,
        "fib": 1.5025873649359514,
        "xiii": 1.366529313718407,
        "AP": 0.08793299782611667,
        "D": 0.41088840085049766
      },
      "pred": {
        "recalc": 35.01677917725995,
        "thrombin": 2.623798437234907,
        "fib": -9.48897143037138,
        "xiii": 14.299746163796263,
        "AP": 0.3949477219067851,
        "D": 36.75427074032926
      },
      "actual": {
        "recalc": 5.0,
        "thrombin": 1.2,
        "fib": -26.8,
        "xiii": -4.7,
        "AP": 0.42,
        "D": 40.2
      }
    },
    {
      "group": "G1",
      "t_value": 7.0,
      "cost": 1.04055392210135,
      "press_total": 8.570441526960845,
      "press_per_obs": {
        "recalc": 2.6301236630573657,
        "thrombin": 3.145942277242252,
        "fib": 0.456769847472838,
        "xiii": 0.030315002950152537,
        "AP": 0.0004861835948887214,
        "D": 2.3068045526433476
      },
      "pred": {
        "recalc": 69.81336062997123,
        "thrombin": 5.548368124557903,
        "fib": -23.955532126149425,
        "xiii": -15.129874202599737,
        "AP": 0.4981371776733353,
        "D": 46.764406314067635
      },
      "actual": {
        "recalc": 13.6,
        "thrombin": 1.5,
        "fib": -33.5,
        "xiii": -12.3,
        "AP": 0.5,
        "D": 38.6
      }
    },
    {
      "group": "G1",
      "t_value": 8.0,
      "cost": 0.983468105681364,
      "press_total": 18.26835942636006,
      "press_per_obs": {
        "recalc": 6.4430198164562285,
        "thrombin": 4.999471645039423,
        "fib": 0.1996622354901543,
        "xiii": 0.025540626618464495,
        "AP": 0.20010438461350372,
        "D": 6.400560718142285
      },
      "pred": {
        "recalc": 105.28247989460935,
        "thrombin": 7.903483048944034,
        "fib": -32.78968598115677,
        "xiii": -23.197491270915602,
        "AP": 0.5777919748263323,
        "D": 54.39966532394631
      },
      "actual": {
        "recalc": 17.3,
        "thrombin": 2.8,
        "fib": -39.1,
        "xiii": -20.6,
        "AP": 0.54,
        "D": 40.8
      }
    },
    {
      "group": "G1",
      "t_value": 9.0,
      "cost": 1.0567497042402265,
      "press_total": 3.5073219635692685,
      "press_per_obs": {
        "recalc": 1.3117912338296327,
        "thrombin": 0.9477540003056716,
        "fib": 0.043133513604903,
        "xiii": 0.08918668627359029,
        "AP": 0.20153289816641068,
        "D": 0.9139236313890603
      },
      "pred": {
        "recalc": 108.60061055729693,
        "thrombin": 9.52204287696411,
        "fib": -47.73298893914706,
        "xiii": -61.046127807650855,
        "AP": 0.6179266303980258,
        "D": 57.038947294059625
      },
      "actual": {
        "recalc": 148.3,
        "thrombin": 7.3,
        "fib": -44.8,
        "xiii": -65.9,
        "AP": 0.58,
        "D": 51.9
      }
    },
    {
      "group": "G1",
      "t_value": 10.0,
      "cost": 1.057352440460578,
      "press_total": 3.074939848619972,
      "press_per_obs": {
        "recalc": 1.7484301587227868,
        "thrombin": 0.5545638575669763,
        "fib": 0.39032324705338967,
        "xiii": 0.07310782332822974,
        "AP": 0.05614627986332806,
        "D": 0.25236848208526114
      },
      "pred": {
        "recalc": 120.46728230504388,
        "thrombin": 9.90026818748501,
        "fib": -55.622978395945665,