{
  "analysis": "04_survivor_weighting",
  "best_cost": 0.9774876963620417,
  "best_x": [
    0.2544143901733614,
    0.291880807772704,
    14.670679565009976,
    13.528746386251118,
    2.343531999565058,
    323.3501926427232,
    3.2979878814734143,
    38.11615011092783,
    9.282962903213381,
    1.9625710495325914,
    3.3805845368334637,
    32.27761654450628,
    39.54485734902528,
    3.751162816234954,
    5.890246094568571,
    0.2764957225732767,
    9.495408069596223,
    93.25770255565163,
    2.850842858079213,
    1.6827733285160682,
    54.608721446722896,
    580.8364671001677,
    17.12265605901711,
    3.6573902096487254,
    4.03428644348409,
    0.42868877310922315
  ],
  "params": {
    "kd": 0.2544143901733614,
    "kr": 0.291880807772704,
    "krl": 14.670679565009976,
    "kcl": 13.528746386251118,
    "kca": 2.343531999565058,
    "kna": 323.3501926427232,
    "knd": 3.2979878814734143,
    "Hm": 38.11615011092783,
    "tp2": 9.282962903213381,
    "s2": 1.9625710495325914,
    "a2": 3.3805845368334637,
    "ar": 32.27761654450628,
    "cr": 39.54485734902528,
    "br": 3.751162816234954,
    "at": 5.890246094568571,
    "bt": 0.2764957225732767,
    "af": 9.495408069596223,
    "cf": 93.25770255565163,
    "bf": 2.850842858079213,
    "df": 1.6827733285160682,
    "ax": 54.608721446722896,
    "cx": 580.8364671001677,
    "bx": 17.12265605901711,
    "kx": 3.6573902096487254,
    "km": 4.03428644348409,
    "tm": 0.42868877310922315
  },
  "metrics_g1": {
    "recalc": {
      "R2": 0.7875880806690638,
      "RMSE": 34.62503751147622
    },
    "thrombin": {
      "R2": 0.8629647613083471,
      "RMSE": 2.257961625578242
    },
    "fib": {
      "R2": 0.7444788261865294,
      "RMSE": 14.068911721930242
    },
    "xiii": {
      "R2": 0.8693934704124672,
      "RMSE": 17.578109766407767
    },
    "AP": {
      "R2": 0.8125468543805587,
      "RMSE": 0.08692888880515334
    },
    "D": {
      "R2": 0.8901626218312575,
      "RMSE": 5.618669065817067
    }
  },
  "metrics_g2": {
    "recalc": {
      "R2": 0.9095438213807475,
      "RMSE": 3.732426944036294
    },
    "thrombin": {
      "R2": 0.9588800445499814,
      "RMSE": 0.43238724631910397
    },
    "fib": {
      "R2": 0.4729177816913973,
      "RMSE": 6.085532652501807
    },
    "xiii": {
      "R2": 0.2758320042563416,
      "RMSE": 5.408190041399481
    },
    "AP": {
      "R2": 0.9334884197730927,
      "RMSE": 0.026284963453270214
    },
    "D": {
      "R2": 0.746827979828875,
      "RMSE": 5.2318097836144135
    }
  },
  "avg_r2_g1": 0.8278557691313707,
  "avg_r2_g2": 0.7162483419134059,
  "wall_time": 600.0206866264343
}