{
  "analysis": "02_cx_bound",
  "seeds": [
    42
  ],
  "quick": true,
  "runs": [
    {
      "label": "baseline",
      "cx_bound": [
        10.0,
        600.0
      ],
      "cost": 1.0430509946763762,
      "avg_r2_g1": 0.8339819910814427,
      "avg_r2_g2": 0.6203816354856507,
      "metrics_g1": {
        "recalc": {
          "R2": 0.728871262098727,
          "RMSE": 39.11907591679563
        },
        "thrombin": {
          "R2": 0.8303644745987462,
          "RMSE": 2.512226720693405
        },
        "fib": {
          "R2": 0.8318330789628496,
          "RMSE": 11.413460602368795
        },
        "xiii": {
          "R2": 0.927003021001474,
          "RMSE": 13.141416223229772
        },
        "AP": {
          "R2": 0.785554445619684,
          "RMSE": 0.0929771619440054
        },
        "D": {
          "R2": 0.9002656642071745,
          "RMSE": 5.354029063246104
        }
      },
      "metrics_g2": {
        "recalc": {
          "R2": 0.6841397296161613,
          "RMSE": 6.974606319038987
        },
        "thrombin": {
          "R2": 0.8346891792635389,
          "RMSE": 0.8669562839507977
        },
        "fib": {
          "R2": 0.29306412349020483,
          "RMSE": 7.047732723937261
        },
        "xiii": {
          "R2": 0.7276793630874571,
          "RMSE": 3.316443152848483
        },
        "AP": {
          "R2": 0.6776652419510653,
          "RMSE": 0.0578645145339657
        },
        "D": {
          "R2": 0.5050521755054773,
          "RMSE": 7.315159534571951
        }
      },
      "xiii_channel": {
        "ax": 60.600071415280865,
        "cx": 599.7061557670704,
        "bx": 20.76503820428718,
        "kx": 2.607735822676677
      },
      "xiii_neutro_frac": 0.8084174321151909,
      "params": {
        "kd": 0.9915938127462712,
        "kr": 2.7033733960108037,
        "krl": 19.14505210644058,
        "kcl": 16.68980025919468,
        "kca": 3.693912643443625,
        "kna": 478.3369401315022,
        "knd": 5.905680090377306,
        "Hm": 96.68630858963104,
        "tp2": 10.165394351179653,
        "s2": 3.115624985828448,
        "a2": 5.751305145240568,
        "ar": 38.30379832452181,
        "cr": 35.74386336103702,
        "br": 4.307959002617819,
        "at": 6.23753548526817,
        "bt": 0.2883790257394166,
        "af": 13.345708641847366,
        "cf": 109.39488031031959,
        "bf": 3.40772256688939,
        "df": 1.847649575707294,
        "ax": 60.600071415280865,
        "cx": 599.7061557670704,
        "bx": 20.76503820428718,
        "kx": 2.607735822676677,
        "km": 3.1862134779777396,
        "tm": 0.3886840380037644
      },
      "cached": false,
      "wall_time": 710.8300673961639
    },
    {
      "label": "expanded",
      "cx_bound": [
        10.0,
        2000.0
      ],
      "cost": 0.9512441227856602,
      "avg_r2_g1": 0.8305038440905612,
      "avg_r2_g2": 0.6464732341154257,
      "metrics_g1": {
        "recalc": {
          "R2": 0.7482737430972204,
          "RMSE": 37.69337888960133
        },
        "thrombin": {
          "R2": 0.8405965304442569,
          "RMSE": 2.435282295366061
        },
        "fib": {
          "R2": 0.754365534694171,
          "RMSE": 13.794047248867448
        },
        "xiii": {
          "R2": 0.9305676839308425,
          "RMSE": 12.816532802758402
        },
        "AP": {
          "R2": 0.7965771004064983,
          "RMSE": 0.0905560940952782
        },
        "D": {
          "R2": 0.912642471970378,
          "RMSE": 5.0108170049065075
        }
      },
      "metrics_g2": {
        "recalc": {
          "R2": 0.9123185588199891,
          "RMSE": 3.674735096960434
        },
        "thrombin": {
          "R2": 0.9250725631291824,
          "RMSE": 0.5836694952105319
        },
        "fib": {
          "R2": 0.387781637776919,
          "RMSE": 6.558621828173023
        },
        "xiii": {
          "R2": -0.04676903475441341,
          "RMSE": 6.502160925301337
        },
        "AP": {
          "R2": 0.946743305188297,
          "RMSE": 0.023520462069914955
        },
        "D": {
          "R2": 0.7536923745325801,
          "RMSE": 5.160395892272201
        }
      },
      "xiii_channel": {
        "ax": 203.4029111920069,
        "cx": 1997.514738253832,
        "bx": 47.91110242436939,
        "kx": 9.678100418897234
      },
      "xiii_neutro_frac": 0.784333025135676,
      "params": {
        "kd": 0.23565536863851594,
        "kr": 0.1974430084176032,
        "krl": 9.212134557752837,
        "kcl": 8.079107938700389,
        "kca": 1.2727467107236077,
        "kna": 959.0102417118894,
        "knd": 8.556971551909207,
        "Hm": 55.68015573020584,
        "tp2": 9.129579931366756,
        "s2": 1.818823853037566,
        "a2": 2.538115369475884,
        "ar": 33.84576291626239,
        "cr": 36.50700976559256,
        "br": 3.123133906151306,
        "at": 6.041385504499832,
        "bt": 0.2126984689564656,
        "af": 13.255480309169911,
        "cf": 146.29573558574378,
        "bf": 2.9169830216465042,
        "df": 7.704526137061611,
        "ax": 203.4029111920069,
        "cx": 1997.514738253832,
        "bx": 47.91110242436939,
        "kx": 9.678100418897234,
        "km": 4.869029795541193,
        "tm": 0.43100871946385666
      },
      "cached": false,
      "wall_time": 837.6499614715576
    },
    {
      "label": "wide",
      "cx_bound": [
        10.0,
        5000.0
      ],
      "cost": 0.9395007570743257,
      "avg_r2_g1": 0.8364960319354892,
      "avg_r2_g2": 0.5902958935049271,
      "metrics_g1": {
        "recalc": {
          "R2": 0.760031137485663,
          "RMSE": 36.80257932184933
        },
        "thrombin": {
          "R2": 0.8452009622815637,
          "RMSE": 2.3998525270268196
        },
        "fib": {
          "R2": 0.763469607687646,
          "RMSE": 13.536005859990706
        },
        "xiii": {
          "R2": 0.9380412724943767,
          "RMSE": 12.10712348847154
        },
        "AP": {
          "R2": 0.8013007018444591,
          "RMSE": 0.08949853540690987
        },
        "D": {
          "R2": 0.9109325098192255,
          "RMSE": 5.059620945383447
        }
      },
      "metrics_g2": {
        "recalc": {
          "R2": 0.9137539603404945,
          "RMSE": 3.6445320890877904
        },
        "thrombin": {
          "R2": 0.9319673550808355,
          "RMSE": 0.5561670242823953
        },
        "fib": {
          "R2": 0.4474996142436649,
          "RMSE": 6.230540268883466
        },
        "xiii": {
          "R2": -0.4723072921056628,
          "RMSE": 7.711369473953457
        },
        "AP": {
          "R2": 0.9576127862090064,
          "RMSE": 0.020983415462946978
        },
        "D": {
          "R2": 0.7632489372612236,
          "RMSE": 5.059295669989154
        }
      },
      "xiii_channel": {
        "ax": 180.98552019250022,
        "cx": 1890.360603332641,
        "bx": 49.58553884259998,
        "kx": 8.089885476344676
      },
      "xiii_neutro_frac": 0.7975076756210955,
      "params": {
        "kd": 0.23239795705298671,
        "kr": 0.1918628688937761,
        "krl": 19.720269220458324,
        "kcl": 17.41063446625883,
        "kca": 1.136507203805573,
        "kna": 629.2158137143226,
        "knd": 6.04181628272066,
        "Hm": 111.94377529709087,
        "tp2": 9.131492800482842,
        "s2": 1.7479411939807976,
        "a2": 2.7170176408995808,
        "ar": 33.2486235683824,
        "cr": 35.9530180371665,
        "br": 3.3558706968294496,
        "at": 5.793620352695398,
        "bt": 0.22357113179139226,
        "af": 12.082839879990953,
        "cf": 115.1298265080143,
        "bf": 2.698537506243487,
        "df": 6.138400838410133,
        "ax": 180.98552019250022,
        "cx": 1890.360603332641,
        "bx": 49.58553884259998,
        "kx": 8.089885476344676,
        "km": 5.076256011011322,
        "tm": 0.4309345662220756
      },