{
  "seed": 26,
  "best_x": [
    0.25347305138755244,
    0.24053982435997984,
    8.124242716800335,
    7.2732515141688605,
    0.13177354604669456,
    279.9278608734911,
    6.734791816565235,
    11.467642208082628,
    9.281621866385123,
    1.7124600527732252,
    3.3472187824064497,
    37.22250262802241,
    38.76470990547112,
    10.253053961447424,
    5.657180546099117,
    0.5958422443471518,
    6.831856042526601,
    72.90468715613287,
    5.676565005142315,
    0.14329710424900952,
    42.213619270481345,
    599.9758073420035,
    37.304901362864875,
    3.4788858777116163,
    4.92799973647416,
    0.4331070729703924
  ],
  "best_cost": 1.0164062183520328,
  "decomp_synth": {
    "total": 1.0164062183520328,
    "failed": false,
    "g1_total": 0.7279558885067127,
    "g2_total": 0.28755062175671525,
    "g1_per_observable": {
      "recalc": 0.15985650869000603,
      "thrombin": 0.13253962337989983,
      "fib": 0.16724760993346485,
      "xiii": 0.12231739900297568,
      "AP": 0.08877347602719032,
      "D": 0.05722127147317586
    },
    "g2_per_observable": {
      "recalc": 0.012087196074708359,
      "thrombin": 0.021039518516332182,
      "fib": 0.06448592011430233,
      "xiii": 0.04242745857282005,
      "AP": 0.0266322184036616,
      "D": 0.12087831007489075
    },
    "constraint": 0.00044985404430241197,
    "constraint_weighted": 0.0008997080886048239,
    "saturation_penalty": 0.0,
    "w_group": [
      1.0,
      1.0
    ]
  },
  "g1_predictions": {
    "recalc": [
      0.0,
      -35.44790658854526,
      -15.340576541324161,
      17.532353821736656,
      35.22325653212685,
      39.81263493546392,
      41.44350085740756,
      53.970809729703774,
      92.59333179738485,
      143.26857133735552,
      174.1739046214898,
      176.7415835511194,
      152.11685659923174,
      112.48539286731977,
      73.31970310960156,
      3.432785928042093
    ],
    "thrombin": [
      0.0,
      -5.050273718342735,
      -3.58010522782111,
      -0.6957404685170463,
      1.1991648099276717,
      2.0754904604840454,
      2.585274127134383,
      3.677988836437664,
      6.331233739409169,
      9.616282476861672,
      11.5954584960988,
      11.781270774849496,
      10.258377531843227,
      7.77136407499855,
      5.275503759691723,
      0.5124627187749323
    ],
    "fib": [
      0.0,
      12.749161735754582,
      10.138504520586874,
      -0.3269774835020001,
      -5.652037095610271,
      -6.182206843739966,
      -5.797022267212507,
      -9.672300486917466,
      -24.971205824633252,
      -47.207915957291256,
      -61.278608578711314,
      -62.52378778415914,
      -51.36343769058737,
      -33.83201104843452,
      -17.28501980727237,
      5.249945553142997
    ],
    "xiii": [
      0.0,
      22.6478765317766,
      47.402486073727985,
      47.764296917629046,
      41.841715456348425,
      26.388380317468595,
      14.576665734504298,
      14.088335444622295,
      8.821088639918507,
      -33.465817725420415,
      -72.16789314158896,
      -84.67701332852802,
      -69.3161544586434,
      -58.76724909137326,
      -33.489413774826325,
      17.685949036526473
    ],
    "AP": [
      0.0,
      0.11569016399478978,
      0.2883201231347711,
      0.38005222441487596,
      0.40486067274830106,
      0.39562541469460966,
      0.3873805635513792,
      0.42540899177680896,
      0.5303978272075146,
      0.6355236142757745,
      0.6898925428831522,
      0.6905684887331401,
      0.6409046270510133,
      0.554256585377517,
      0.45387380099357494,
      0.1390963980572884
    ],
    "D": [
      0.0,
      12.721957333269323,
      27.472955393510905,
      34.674303501294894,
      36.27480598239444,
      35.22913697818316,
      34.757349862774674,
      39.00447312896001,
      48.99431445566116,
      57.86075423011412,
      62.13179314112689,
      61.49353683074072,
      56.51873731744226,
      48.40069362870551,
      39.4237315457328,
      12.041176342732983
    ]
  },
  "g2_predictions": {
    "recalc": [
      0.0,
      -35.21476065103415,
      -23.651574158267707,
      -5.03755001162115,
      6.334421348784026,
      9.790455164110526,
      6.9114473672980665,
      1.4949293789237679,
      -1.7808226473208437
    ],
    "thrombin": [
      0.0,
      -5.036900772165345,
      -4.1884332941439935,
      -2.225672566372329,
      -0.7343207335642439,
      0.05262106895023555,
      0.21430562880094217,
      0.027761906516587276,
      -0.13861058959840983
    ],
    "fib": [
      0.0,
      12.616063955447716,
      11.877529339030382,
      7.183488348539862,
      4.527102708958967,
      4.087290976499066,
      5.0051833799031975,
      5.6643699709408,
      4.77620277541309
    ],
    "xiii": [
      0.0,
      14.108165891403512,
      15.0976462881731,
      1.4988451254637134,
      -10.042172190972735,
      -11.998931980638698,
      -6.299902155564968,
      0.6746041950135933,
      4.195224513022627
    ],
    "AP": [
      0.0,
      0.11561203224762596,
      0.23267909818329727,
      0.28314305693883907,
      0.2918213366734191,
      0.27214506769313696,
      0.22571860150397352,
      0.15877464175909303,
      0.09297002530524805
    ],
    "D": [
      0.0,
      12.239611492208699,
      21.821933961990432,
      25.65842607368874,
      26.03482618824647,
      23.955890626273018,
      19.48476858445661,
      13.342410444882344,
      7.613689939500373
    ]
  },
  "elapsed_s": 809.3743002414703,
  "failed": false
}