{
  "seed": 82,
  "best_x": [
    0.26987608831588294,
    0.37430165949716176,
    8.64491023487658,
    7.668303134517846,
    11.069322456797313,
    163.6888347822477,
    5.564949608363592,
    859.7935155886016,
    9.487868486081815,
    2.100426735362129,
    4.520691236784975,
    35.07543047001183,
    36.7813044596889,
    11.416524618727692,
    5.934321004865213,
    0.8245661159188005,
    8.703530162287427,
    84.20539584146098,
    6.910428778446397,
    0.5973025279031536,
    34.22600293666649,
    379.6276219895809,
    36.285320251023336,
    1.7213841490616664,
    4.421764327692417,
    0.4278397201923697
  ],
  "best_cost": 0.9461371058592435,
  "decomp_synth": {
    "total": 0.9461371058592435,
    "failed": false,
    "g1_total": 0.6581961933463559,
    "g2_total": 0.28655254061835034,
    "g1_per_observable": {
      "recalc": 0.15026325560980988,
      "thrombin": 0.0956543710538051,
      "fib": 0.12661405365494366,
      "xiii": 0.10368878711781483,
      "AP": 0.10286948290635524,
      "D": 0.07910624300362719
    },
    "g2_per_observable": {
      "recalc": 0.014010423437679963,
      "thrombin": 0.02267406853467412,
      "fib": 0.07419682838660295,
      "xiii": 0.043415542000136365,
      "AP": 0.02974132491122986,
      "D": 0.1025143533480271
    },
    "constraint": 0.0006941859472685859,
    "constraint_weighted": 0.0013883718945371718,
    "saturation_penalty": 0.0,
    "w_group": [
      1.0,
      1.0
    ]
  },
  "g1_predictions": {
    "recalc": [
      0.0,
      -34.163900840023146,
      -21.202327278017062,
      1.459907642242527,
      13.65897002612131,
      19.184546806866425,
      26.51037496347308,
      45.0063467346218,
      79.92569970232715,
      115.75430263764093,
      136.2536498706833,
      140.79506588220994,
      126.55751289574674,
      97.46953893621546,
      62.27952815276821,
      -0.2848150907720388
    ],
    "thrombin": [
      0.0,
      -5.312274408513916,
      -4.029440247033875,
      -1.4552064951448793,
      0.24329943562656275,
      1.2451430887664512,
      2.255006438188038,
      4.068964544733725,
      7.063154613209075,
      9.97826408066849,
      11.62732760073613,
      11.992080934495876,
      10.872619176228664,
      8.559417603567368,
      5.72817520151346,
      0.20873626309393184
    ],
    "fib": [
      0.0,
      12.857473954184126,
      9.537856804135595,
      -0.4679757251047931,
      -5.7283813733967115,
      -7.001781678925971,
      -7.556923352661913,
      -11.556133570213232,
      -23.467021945807822,
      -38.029793808433304,
      -46.33303676665549,
      -47.72185507882955,
      -40.60533626194125,
      -27.31476779361066,
      -12.177906069932938,
      4.297176590281561
    ],
    "xiii": [
      0.0,
      23.360871546321203,
      49.9052033773764,
      45.870919222487245,
      36.953155403036405,
      24.822900000977004,
      13.100280625271619,
      4.734023530035036,
      -10.538048550799003,
      -44.81844010670969,
      -64.96974798741199,
      -71.04629783756052,
      -66.89286165151016,
      -67.466743495503,
      -50.33910209662382,
      16.19742684437216
    ],
    "AP": [
      0.0,
      0.12028028218614915,
      0.2827415955710492,
      0.3544621639775357,
      0.36503459478488054,
      0.36094013123258895,
      0.3830432258409317,
      0.46076366109411454,
      0.5753741765228217,
      0.6607528369445461,
      0.7019437830023951,
      0.7029256469557887,
      0.6612808887269431,
      0.577219369358559,
      0.46587589144721697,
      0.08645658955769568
    ],
    "D": [
      0.0,
      12.890062744841375,
      26.433666777831338,
      31.826708010807526,
      32.33471789431558,
      32.041376916592775,
      34.51177704845488,
      42.08643809415909,
      52.33692384147609,
      59.26954442157963,
      62.556157843925405,
      62.10228050688791,
      57.96072389754444,
      49.987795463321774,
      40.00326108403722,
      7.295704413018411
    ]
  },
  "g2_predictions": {
    "recalc": [
      0.0,
      -33.07989946789242,
      -23.790936291627823,
      -9.62793914809868,
      -0.6896721714215843,
      3.433574024864395,
      3.6067592902937164,
      1.0618186149670468,
      -1.3789535367458887
    ],
    "thrombin": [
      0.0,
      -5.161431766165789,
      -4.301874027563137,
      -2.440456594435079,
      -1.0071157037516623,
      -0.143714812075723,
      0.196251587623125,
      0.13754456301011797,
      -0.034956200335682475
    ],
    "fib": [
      0.0,
      13.893607282408789,
      9.111701778471929,
      1.9423923380074104,
      -2.035064313784005,
      -3.3259382993857702,
      -3.125726870743323,
      -2.6187623909539486,
      -2.8353335474826533
    ],
    "xiii": [
      0.0,
      16.601644239057556,
      18.124765064302803,
      3.6977602201993287,
      -8.281707097760084,
      -12.16689533835464,
      -9.688454589619885,
      -3.9311494985025366,
      1.8685421021187365
    ],
    "AP": [
      0.0,
      0.14759006453164825,
      0.25056842819839614,
      0.28504029658511054,
      0.28445093256064025,
      0.26636898958302085,
      0.23076856178537838,
      0.17562095120160867,
      0.11393887410842596
    ],
    "D": [
      0.0,
      14.843314174558719,
      22.967165377219153,
      25.413598281919114,
      25.092649331826138,
      23.32359715951385,
      19.945262023202776,
      14.860944217326965,
      9.426837222180612
    ]
  },
  "elapsed_s": 693.8616161346436,
  "failed": false
}