{
  "seed": 32,
  "best_x": [
    0.23720333561687318,
    0.2093682875523024,
    18.562713137341355,
    17.60312679585286,
    32.66980342469435,
    246.63232900544062,
    5.455616615511614,
    999.6724296540523,
    9.166339484865716,
    1.5785703332031924,
    3.5607409960397987,
    34.39609144429995,
    39.41047061448536,
    8.177988628083057,
    5.891950383446298,
    0.633611014315848,
    13.185474791708504,
    158.15929683716195,
    7.96651357790998,
    0.36277166244873627,
    59.777996395175464,
    592.8407767075951,
    39.21569131344802,
    2.5670511877018782,
    4.851706576974678,
    0.4283182221854181
  ],
  "best_cost": 0.9381828836583335,
  "decomp_synth": {
    "total": 0.9381828836583335,
    "failed": false,
    "g1_total": 0.6590176464117686,
    "g2_total": 0.275082318055338,
    "g1_per_observable": {
      "recalc": 0.1409386605315589,
      "thrombin": 0.09600761192130967,
      "fib": 0.1739886541028228,
      "xiii": 0.08861532572315847,
      "AP": 0.08394043460844068,
      "D": 0.07552695952447808
    },
    "g2_per_observable": {
      "recalc": 0.00943832463633588,
      "thrombin": 0.025682892939828828,
      "fib": 0.06932554396281948,
      "xiii": 0.03489630727662517,
      "AP": 0.029509954559514107,
      "D": 0.10622929468021451
    },
    "constraint": 0.0020414595956133987,
    "constraint_weighted": 0.004082919191226797,
    "saturation_penalty": 0.0,
    "w_group": [
      1.0,
      1.0
    ]
  },
  "g1_predictions": {
    "recalc": [
      0.0,
      -33.54822871479713,
      -20.495577000273776,
      4.90512981835456,
      20.920801146214465,
      26.659293224490142,
      28.694896127554053,
      37.85142058703098,
      67.72774361187916,
      109.32441007312457,
      134.91932161635197,
      136.49278354990324,
      116.07226574974297,
      85.16759875193274,
      56.068452328113025,
      3.206021167200663
    ],
    "thrombin": [
      0.0,
      -5.243170339397913,
      -3.836061177256845,
      -0.9042870859480518,
      1.1608510654118969,
      2.167157418164514,
      2.7043223256854274,
      3.792201951373404,
      6.598353724478402,
      10.23186249198217,
      12.417090821154837,
      12.545766671077006,
      10.811660381510807,
      8.1677510815802,
      5.644369612352951,
      0.7102822315341542
    ],
    "fib": [
      0.0,
      21.353530938736146,
      17.45229822127044,
      0.9348121025351404,
      -9.574903766926212,
      -12.188714273166205,
      -10.760753577857933,
      -10.844784768933916,
      -23.2062521673847,
      -48.13271296926932,
      -64.5850912046769,
      -64.81538959743978,
      -49.688967946106715,
      -28.189914257109386,
      -9.307952188647759,
      12.802298726766137
    ],
    "xiii": [
      0.0,
      31.830693060437582,
      56.895235461431014,
      46.075124843719635,
      32.091767351254376,
      14.941479828881224,
      4.677598839980329,
      4.509551105334826,
      -3.314138925119744,
      -43.01424347603993,
      -68.49189103035505,
      -73.80294787722094,
      -61.18304988605852,
      -56.18153831286039,
      -37.573279288296774,
      19.355705756992354
    ],
    "AP": [
      0.0,
      0.1174140802669574,
      0.27343189822677866,
      0.35697122721142216,
      0.38163870190084176,
      0.3749102300494859,
      0.3680342547912481,
      0.40757677922897695,
      0.5164160466351325,
      0.6196736533389411,
      0.6675404777291165,
      0.6591485045991681,
      0.6033216761571819,
      0.5181920906172282,
      0.4282266108574464,
      0.15138320494690571
    ],
    "D": [
      0.0,
      12.09036358066538,
      26.58326423332959,
      34.118795541353144,
      36.21488600401134,
      35.482592864518885,
      34.937606271375756,
      39.06944647313144,
      49.64626786604403,
      59.160432841434854,
      63.417726498384354,
      62.319288907675464,
      56.81943688832952,
      48.64494809691842,
      40.14710341030796,
      14.185140976870517
    ]
  },
  "g2_predictions": {
    "recalc": [
      0.0,
      -33.398688361582074,
      -25.099855212756324,
      -7.997530350266327,
      3.576094161952362,
      7.1883987003160605,
      4.43462319890453,
      -0.1750789410571354,
      -2.3534390035261916
    ],
    "thrombin": [
      0.0,
      -5.237295808226474,
      -4.326850016911186,
      -2.124258843339647,
      -0.4413924798862312,
      0.3525658787110475,
      0.375521059176285,
      0.05559936261846643,
      -0.1511029188595001
    ],
    "fib": [
      0.0,
      20.98502652053771,
      16.678769299294,
      4.860748129909869,
      -2.8155393206566437,
      -5.225679953755712,
      -4.74652815983881,
      -4.8043458383779,
      -6.702566290593403
    ],
    "xiii": [
      0.0,
      21.60546186538126,
      23.30962978556956,
      3.144616515870042,
      -14.400795480038694,
      -18.954817769184142,
      -12.23657315758329,
      -2.1420482063035395,
      4.049392460347979
    ],
    "AP": [
      0.0,
      0.11554356096991258,
      0.22952704103722615,
      0.2848213661447649,
      0.2970069341856342,
      0.2746841702266907,
      0.22092970823952582,
      0.14872017400884158,
      0.08420227367686357
    ],
    "D": [
      0.0,
      11.736672129907234,
      22.21531792531857,
      27.175016444782603,
      28.127841438100067,
      25.837887385534437,
      20.593431604607023,
      13.711122208264776,
      7.695227954454406
    ]
  },
  "elapsed_s": 1074.5204191207886,
  "failed": false
}