{
  "seed": 27,
  "best_x": [
    0.2225871486100721,
    0.2178201231073119,
    15.162922628720288,
    13.840517957754429,
    16.50828340246874,
    254.26393520140923,
    6.561741130170281,
    83.83833866876898,
    9.065051436953992,
    1.6939133246705513,
    3.7134604596450442,
    27.69504645922612,
    30.798033071539884,
    7.681950716820063,
    5.376286503913613,
    0.5386994313884671,
    11.47213920949095,
    135.72954575204747,
    7.750434028203167,
    0.6104757040408745,
    48.929121567694935,
    549.8972795183694,
    40.01402752613728,
    2.4695139293780164,
    4.918258271213279,
    0.41900821177399405
  ],
  "best_cost": 0.8506959237788473,
  "decomp_synth": {
    "total": 0.8506959237788473,
    "failed": false,
    "g1_total": 0.6173885819607803,
    "g2_total": 0.23182684545841875,
    "g1_per_observable": {
      "recalc": 0.13113136752173862,
      "thrombin": 0.08808451815301128,
      "fib": 0.12268714419899603,
      "xiii": 0.06827920305618629,
      "AP": 0.10928492776403215,
      "D": 0.09792142126681588
    },
    "g2_per_observable": {
      "recalc": 0.017321785450644427,
      "thrombin": 0.01969576064508541,
      "fib": 0.060055863420693155,
      "xiii": 0.027812781856767888,
      "AP": 0.018769580023544247,
      "D": 0.08817107406168362
    },
    "constraint": 0.0007402481798241541,
    "constraint_weighted": 0.0014804963596483083,
    "saturation_penalty": 0.0,
    "w_group": [
      1.0,
      1.0
    ]
  },
  "g1_predictions": {
    "recalc": [
      0.0,
      -26.798790005183147,
      -16.478993574388507,
      3.433767363816763,
      15.988177419111423,
      21.17383268622779,
      25.156446410534482,
      37.3884118307472,
      66.54826258724025,
      99.91618712851917,
      117.71825706325586,
      116.72673994419475,
      98.82872961203864,
      72.62902717549545,
      47.7649411789967,
      2.5575462685927723
    ],
    "thrombin": [
      0.0,
      -4.832713526016019,
      -3.862671900983744,
      -1.531840329362236,
      0.20126317381516357,
      1.1809104191972026,
      1.9007962069934252,
      3.158879785595868,
      5.618560080079598,
      8.264511935717163,
      9.660742517951011,
      9.602863312653753,
      8.246774767496396,
      6.23449101352017,
      4.295185566892423,
      0.5033436653335941
    ],
    "fib": [
      0.0,
      17.915682690218787,
      15.22273613359608,
      2.176267190757006,
      -6.162142216117978,
      -8.49944770001441,
      -8.317012744525456,
      -11.127990730640278,
      -25.536573648354707,
      -46.57248266692891,
      -57.93581202893198,
      -56.08720437910584,
      -42.24850487973212,
      -23.486389925548234,
      -7.073301288484328,
      11.262762801168842
    ],
    "xiii": [
      0.0,
      27.61071861609822,
      53.04416095033565,
      47.67116883788131,
      37.52570301413629,
      21.808735695370125,
      9.694326049430805,
      4.908629524206478,
      -8.782459531580276,
      -51.04917264045738,
      -75.16884144791223,
      -76.41286040333591,
      -60.208970044907254,
      -53.37265942845894,
      -34.692986662353015,
      20.237600585993242
    ],
    "AP": [
      0.0,
      0.11192801447405178,
      0.2656988617712609,
      0.34915624549013446,
      0.3749394047278692,
      0.3732637836643806,
      0.37995581250372895,
      0.4383229352258987,
      0.552019199920564,
      0.6466988798068076,
      0.6875464971102075,
      0.6769803224851797,
      0.6211115025275744,
      0.5349250492125631,
      0.44142567858481674,
      0.15018959070795704
    ],
    "D": [
      0.0,
      11.35842702197955,
      25.04793235780162,
      32.1996361834372,
      34.26891849220925,
      34.04136303324975,
      34.84641197211196,
      40.62178044380833,
      51.180090345789544,
      59.45432240842573,
      62.870415539912486,
      61.55909368622724,
      56.2122579342588,
      48.20390140743463,
      39.6992686970693,
      13.493515817637489
    ]
  },
  "g2_predictions": {
    "recalc": [
      0.0,
      -26.444502616761966,
      -18.6509404523563,
      -4.951775522010088,
      3.233998445662852,
      5.229701213677945,
      2.9191976534763953,
      -0.4429394052701312,
      -1.9619145648068903
    ],
    "thrombin": [
      0.0,
      -4.784688468282052,
      -4.072518196114117,
      -2.24594068673621,
      -0.8633816457910628,
      -0.16162240154321528,
      -0.013175879757693298,
      -0.12468593962777141,
      -0.19732781972539346
    ],
    "fib": [
      0.0,
      18.682551367126734,
      14.625575606938202,
      4.526280633382665,
      -1.545044279051254,
      -3.2898600217670797,
      -3.0640579386951856,
      -3.518733693050738,
      -5.435617209261091
    ],
    "xiii": [
      0.0,
      18.877482212674945,
      19.785883711337124,
      1.359938495418221,
      -13.348239181926685,
      -15.665428391017025,
      -8.7786671689465,
      -0.13025859963788378,
      4.6669299519061855
    ],
    "AP": [
      0.0,
      0.12266112090543889,
      0.23905758223828502,
      0.2907870451670839,
      0.29610815253262257,
      0.26934065814887453,
      0.21577853522681753,
      0.1463274636600499,
      0.08363118284453462
    ],
    "D": [
      0.0,
      12.182157475131824,
      22.370111704249464,
      26.703004442320626,
      26.94053964692975,
      24.31338740211764,
      19.272361455483562,
      12.894375550146941,
      7.284520839611623
    ]
  },
  "elapsed_s": 671.8150370121002,
  "failed": false
}