{
  "seed": 71,
  "best_x": [
    0.23712081432283588,
    0.2127108116442917,
    15.949371353008019,
    14.865582378528195,
    0.27673954667624423,
    382.33396936532426,
    9.173877444936588,
    704.746893260799,
    9.230300090449262,
    1.7605752472057548,
    2.9022845197530476,
    35.11984010380088,
    39.86521258874387,
    9.818960973587426,
    5.556261202555189,
    0.6475022648834186,
    10.081045586398208,
    112.05766652052186,
    7.4886232505949195,
    13.677425719848516,
    55.81200957087782,
    599.2361010987149,
    45.66361275042499,
    2.5719875469875277,
    4.919416712300059,
    0.4338244190022237
  ],
  "best_cost": 0.7435214138939898,
  "decomp_synth": {
    "total": 0.7435214138939898,
    "failed": false,
    "g1_total": 0.5220040964839383,
    "g2_total": 0.21992421435576132,
    "g1_per_observable": {
      "recalc": 0.0830548332735273,
      "thrombin": 0.08313028827209905,
      "fib": 0.12446858023780595,
      "xiii": 0.09341638675108226,
      "AP": 0.061959193006383494,
      "D": 0.07597481494304024
    },
    "g2_per_observable": {
      "recalc": 0.012761849544285641,
      "thrombin": 0.013181919747910723,
      "fib": 0.06503458482376591,
      "xiii": 0.049346365421328045,
      "AP": 0.01881066631807887,
      "D": 0.060788828500392134
    },
    "constraint": 0.0007965515271450817,
    "constraint_weighted": 0.0015931030542901633,
    "saturation_penalty": 0.0,
    "w_group": [
      1.0,
      1.0
    ]
  },
  "g1_predictions": {
    "recalc": [
      0.0,
      -33.24658608169129,
      -16.41781337603079,
      11.402170158641525,
      27.935450840581076,
      33.80828534496551,
      36.95708817759011,
      48.33651168415432,
      78.49484230961397,
      117.16116520649761,
      142.14902529747332,
      145.56161737715775,
      127.12831625157239,
      96.18967771390751,
      64.85819168859587,
      4.051503931022205
    ],
    "thrombin": [
      0.0,
      -4.898536157500757,
      -3.452386968967991,
      -0.6820506195099041,
      1.2283964959857268,
      2.189914425006232,
      2.792954651318115,
      3.8987443868032066,
      6.2857802601860335,
      9.166078986753877,
      10.995802000138049,
      11.254580572635144,
      9.942356975832883,
      7.7135753913458345,
      5.425279792798893,
      0.6721807010073017
    ],
    "fib": [
      0.0,
      17.332644174748086,
      14.051218667300883,
      1.4708319763664743,
      -5.969353947390126,
      -7.720824950509895,
      -7.710643282315915,
      -11.263640545846204,
      -25.167873700470537,
      -46.0354189245792,
      -60.135153798376095,
      -61.86066946638189,
      -50.70922011948103,
      -32.75523220281279,
      -15.505912176813593,
      8.795188385764952
    ],
    "xiii": [
      0.0,
      30.159741919397824,
      50.99741982588738,
      37.07479805803597,
      22.885824847934618,
      6.295831748861438,
      -4.5118901489142385,
      -7.338649865529225,
      -18.27938886415959,
      -55.65119267748564,
      -77.65189183496811,
      -82.92326044007632,
      -71.74420247439963,
      -67.6920190444992,
      -47.6089209899889,
      18.88927956733063
    ],
    "AP": [
      0.0,
      0.11742512102016629,
      0.2761591040020093,
      0.3614227783803244,
      0.3873381931016335,
      0.3833799772747304,
      0.3808310890371713,
      0.41758026204017396,
      0.5083205553657074,
      0.5975915666654619,
      0.6453888873219091,
      0.6458502462033273,
      0.6020205686262878,
      0.5263028334001164,
      0.43955543421931315,
      0.15419526356805321
    ],
    "D": [
      0.0,
      12.072627129188302,
      26.514775141004378,
      34.00446812531079,
      36.14024128026527,
      35.67573028468103,
      35.55799762918722,
      39.33785487061658,
      48.03403905649416,
      56.11973338752275,
      60.32118016103284,
      60.04750338899127,
      55.72747423631094,
      48.51556141807457,
      40.43507126975984,
      14.16625241050873
    ]
  },
  "g2_predictions": {
    "recalc": [
      0.0,
      -33.00644879953743,
      -22.99400535762173,
      -7.066124071586401,
      2.5559872570879385,
      5.647450506488131,
      3.7761432355736346,
      -0.03354224378336035,
      -2.2152065193086354
    ],
    "thrombin": [
      0.0,
      -4.879806796466218,
      -4.0137183252867565,
      -2.1362713466366396,
      -0.7395330088069265,
      -0.006624255299109816,
      0.15784823976549012,
      0.00688028120027373,
      -0.13284053302476878
    ],
    "fib": [
      0.0,
      17.239761325969187,
      15.1010752077386,
      8.21445302555076,
      4.245348729777137,
      3.2114592659245913,
      3.7107539295307053,
      3.8178256916175553,
      2.336689354053541
    ],
    "xiii": [
      0.0,
      19.92123443831442,
      18.33406518944495,
      -0.7700033210038386,
      -14.237746050197464,
      -16.330153746283298,
      -10.179405896936588,
      -1.613034563942142,
      4.120749467602493
    ],
    "AP": [
      0.0,
      0.11852587002778425,
      0.22759441018127063,
      0.27151882236617336,
      0.27538748934880014,
      0.2542377979740715,
      0.21078880808784878,
      0.15049036197738477,
      0.09130879306082483
    ],
    "D": [
      0.0,
      11.955494375704392,
      21.675124177849057,
      25.42813545826883,
      25.599219103266655,
      23.491706417898182,
      19.310919242926403,
      13.629035813083789,
      8.18151874834236
    ]
  },
  "elapsed_s": 615.9968318939209,
  "failed": false
}