{
  "seed": 50,
  "best_x": [
    0.22237344395744452,
    0.19580408684647407,
    12.912708976415024,
    11.52773354221144,
    2.449496435121252,
    306.1228403105959,
    7.4882272125613945,
    43.00077431041433,
    8.899814760438405,
    1.754602065227608,
    3.244928127672183,
    28.798025157564393,
    30.024124962052117,
    7.737972418976676,
    6.092924897334515,
    0.5106633901196739,
    15.695885376020865,
    157.87189191592415,
    7.970183194977984,
    5.288118571231043,
    34.78946020716054,
    414.2745575257073,
    27.81514096843493,
    2.2450828173571247,
    5.37063738080017,
    0.4113108199671208
  ],
  "best_cost": 0.9161598124796165,
  "decomp_synth": {
    "total": 0.9161598124796165,
    "failed": false,
    "g1_total": 0.6922579086031144,
    "g2_total": 0.2227930264461177,
    "g1_per_observable": {
      "recalc": 0.142058284198178,
      "thrombin": 0.09815253401020554,
      "fib": 0.20372754199320808,
      "xiii": 0.08707994907962512,
      "AP": 0.08524965719657616,
      "D": 0.07598994212532152
    },
    "g2_per_observable": {
      "recalc": 0.015780570163828788,
      "thrombin": 0.02521094687681099,
      "fib": 0.03415733062857735,
      "xiii": 0.01533593333596252,
      "AP": 0.012380707592820051,
      "D": 0.11992753784811802
    },
    "constraint": 0.0005544387151921592,
    "constraint_weighted": 0.0011088774303843183,
    "saturation_penalty": 0.0,
    "w_group": [
      1.0,
      1.0
    ]
  },
  "g1_predictions": {
    "recalc": [
      0.0,
      -27.46204079052347,
      -14.84809806259426,
      8.2373355820543,
      23.07489326526264,
      30.00612313874451,
      36.18971452933185,
      51.55571196659056,
      82.61825249444675,
      114.75764096334701,
      130.58282949230588,
      127.94423992170813,
      108.88273921418394,
      81.92266766177623,
      56.25378225574773,
      4.955789666224808
    ],
    "thrombin": [
      0.0,
      -5.489844144145074,
      -4.442795343391092,
      -1.817927163017059,
      0.1991946634737336,
      1.42479258387713,
      2.3816591503999565,
      3.84749759076173,
      6.3055620422600285,
      8.713320018103351,
      9.898152004583912,
      9.742426452854579,
      8.402799336842039,
      6.4774140609882025,
      4.617508880669575,
      0.6735412803351005
    ],
    "fib": [
      0.0,
      22.503824945327864,
      19.38266756408544,
      3.422740319189497,
      -7.278885662873012,
      -11.019365285204998,
      -11.954935394514365,
      -16.466332898205597,
      -31.90959926252131,
      -51.30022807970833,
      -60.40576569034069,
      -56.76556229711268,
      -41.85227196794267,
      -22.60724290752433,
      -5.86720310275548,
      14.713964580288831
    ],
    "xiii": [
      0.0,
      21.187530867017628,
      43.363199897048105,
      40.677295915549074,
      32.22338486601091,
      17.636467495572045,
      4.2850089239690545,
      -3.193428212537437,
      -16.738810600636455,
      -51.488128922299666,
      -71.53714949435438,
      -70.63361141350521,
      -55.207037390664766,
      -48.32746731876456,
      -33.88263757484615,
      17.85924251302006
    ],
    "AP": [
      0.0,
      0.11262385132702485,
      0.27375500686029314,
      0.36491918184637623,
      0.3976759105501119,
      0.4036032156503735,
      0.4180070960099986,
      0.4770336040005493,
      0.5787017546623245,
      0.6608572599060183,
      0.6950018967310037,
      0.6830530967220583,
      0.6297103241322743,
      0.549090257595753,
      0.4615240180473827,
      0.17509707217343246
    ],
    "D": [
      0.0,
      11.436973839384203,
      25.435882425985223,
      33.020129516602154,
      35.60984384023344,
      36.05943313879349,
      37.55712737784742,
      43.25810343469655,
      52.47646997015668,
      59.42468432633542,
      62.146047135055895,
      60.70912502954043,
      55.682935037316085,
      48.33695832810842,
      40.545741237791304,
      15.366348281832925
    ]
  },
  "g2_predictions": {
    "recalc": [
      0.0,
      -26.867480310059108,
      -17.284836439712365,
      -3.133808518993913,
      4.179404644047992,
      5.26562654901738,
      2.63090050192438,
      -0.593011079666093,
      -1.971836586788672
    ],
    "thrombin": [
      0.0,
      -5.419179511769346,
      -4.655694568223847,
      -2.7077795440758647,
      -1.2555842674622615,
      -0.4904832900447147,
      -0.2516538893577551,
      -0.26104064855399356,
      -0.2621504837806796
    ],
    "fib": [
      0.0,
      23.906204671024298,
      18.554941537214653,
      6.200715300596293,
      -1.1295399712582572,
      -3.639058018867349,
      -4.209643551215251,
      -5.48712369098666,
      -7.903417884479612
    ],
    "xiii": [
      0.0,
      14.490989684371398,
      15.205148669931642,
      0.5745840602363681,
      -10.456589922902726,
      -11.285981460079096,
      -5.418405683619167,
      1.0069121253329836,
      4.234695335475278
    ],
    "AP": [
      0.0,
      0.1284846127118549,
      0.24746688867074762,
      0.29455584997430406,
      0.29281146070745506,
      0.2610090042274439,
      0.2067366062418499,
      0.1404018968714741,
      0.08146678110662982
    ],
    "D": [
      0.0,
      12.67808660389774,
      22.724423535822762,
      26.432368530251416,
      25.98777801219036,
      22.959386284416787,
      17.97063575677703,
      12.022831133862287,
      6.886744581999289
    ]
  },
  "elapsed_s": 668.3045029640198,
  "failed": false
}