{
  "seed": 87,
  "best_x": [
    0.2776128686240176,
    0.26101468501963143,
    8.54236189457842,
    8.289221002861979,
    20.363787389409815,
    321.47010089559535,
    7.392498311434344,
    35.63215131827006,
    9.465098224298458,
    1.8286967011561401,
    3.770153735459191,
    33.90894837295696,
    36.145242437710436,
    8.849039486953302,
    5.623769302856374,
    0.5538091785989074,
    12.567205873696576,
    132.27389828280906,
    7.083355213021491,
    0.4340266565825641,
    53.1397040203189,
    543.7773288033636,
    35.50746605385018,
    2.633067834713607,
    4.881170756572473,
    0.39981700045768076
  ],
  "best_cost": 0.792041240888733,
  "decomp_synth": {
    "total": 0.792041240888733,
    "failed": false,
    "g1_total": 0.6036357186445896,
    "g2_total": 0.1866385455727213,
    "g1_per_observable": {
      "recalc": 0.12451519325350889,
      "thrombin": 0.08605180022443365,
      "fib": 0.1411886717861608,
      "xiii": 0.08665381435402697,
      "AP": 0.08929557062334,
      "D": 0.07593066840311932
    },
    "g2_per_observable": {
      "recalc": 0.009081262685765572,
      "thrombin": 0.024429791636914958,
      "fib": 0.05247635132128787,
      "xiii": 0.01827223156793733,
      "AP": 0.025968508441384874,
      "D": 0.05641039991943069
    },
    "constraint": 0.0008834883357109927,
    "constraint_weighted": 0.0017669766714219855,
    "saturation_penalty": 0.0,
    "w_group": [
      1.0,
      1.0
    ]
  },
  "g1_predictions": {
    "recalc": [
      0.0,
      -32.21333197955829,
      -14.907437567439082,
      12.314840187359259,
      26.683081802561276,
      30.602358469120688,
      32.85733196324186,
      44.72703718970383,
      77.04133199506707,
      117.16827387487439,
      142.134355142501,
      146.75108178058488,
      130.45743364186555,
      99.94993709544539,
      66.23249466584572,
      2.1800347647591254
    ],
    "thrombin": [
      0.0,
      -5.005712417531313,
      -3.632548686218496,
      -0.971418601080706,
      0.7834455847373825,
      1.6362941427764768,
      2.200724425945415,
      3.3199534979314906,
      5.745015787095031,
      8.574733252926046,
      10.310736314311765,
      10.644705621533744,
      9.555729630112781,
      7.4841537058114245,
      5.162123375990456,
      0.4268407718747101
    ],
    "fib": [
      0.0,
      19.644603754466452,
      15.690243563466792,
      1.054445921567428,
      -7.025071705662594,
      -8.552907637543889,
      -7.78426810308958,
      -9.855334969130487,
      -22.4745867032982,
      -42.38845687998928,
      -55.184567469047835,
      -56.713354365123486,
      -46.32238305897698,
      -28.650685954113683,
      -10.653320992700106,
      9.894337442004073
    ],
    "xiii": [
      0.0,
      28.070268835526747,
      52.71946906006741,
      45.71994187296521,
      35.453027218187145,
      20.540900669303575,
      9.831603000836663,
      7.538847891608432,
      -1.3074446262672867,
      -39.334400087982104,
      -67.32711589582236,
      -76.68272484086083,
      -68.32593575319333,
      -65.58871869270418,
      -44.15333513467432,
      18.336844417621375
    ],
    "AP": [
      0.0,
      0.1185859395282805,
      0.2854710979149865,
      0.36877287940436027,
      0.3877596537211359,
      0.3770505024029965,
      0.37209256146229897,
      0.41485421833987685,
      0.5165700481170552,
      0.6115615602768668,
      0.6613897883243391,
      0.6657606188003543,
      0.6262773236855274,
      0.5495225764838464,
      0.4530613192630774,
      0.1285457487109777
    ],
    "D": [
      0.0,
      13.743038667642821,
      29.18143003786308,
      36.314121228906124,
      37.61050952475092,
      36.41854831948821,
      36.23931976656817,
      41.15696197460038,
      51.46092766373223,
      60.15918804550305,
      64.5269466954151,
      64.37862995092888,
      60.09389540497053,
      52.24518146424716,
      42.82372293436112,
      12.081234410958675
    ]
  },
  "g2_predictions": {
    "recalc": [
      0.0,
      -31.26327514117756,
      -19.106967221949343,
      -3.108720606090735,
      5.321441295068027,
      7.145621219945838,
      4.4315723746837286,
      0.24094907303546975,
      -2.0328201472963183
    ],
    "thrombin": [
      0.0,
      -4.905686319338947,
      -3.972325960327389,
      -2.108793106132189,
      -0.7727725326342334,
      -0.08848962997551046,
      0.0654265016298834,
      -0.06404148864090409,
      -0.17431008854750615
    ],
    "fib": [
      0.0,
      20.738270132279688,
      15.536060760170429,
      5.53678176355136,
      0.054468517749079126,
      -1.5068478399716092,
      -1.3074842985109,
      -1.6499221615312276,
      -3.515849593259052
    ],
    "xiii": [
      0.0,
      19.39453363043624,
      18.26888227813832,
      0.3759453605023244,
      -12.039229513307955,
      -13.252288422478147,
      -7.053723138397406,
      0.41009073112648686,
      4.6389559835851415
    ],
    "AP": [
      0.0,
      0.13651942239867546,
      0.2514527556232852,
      0.2926915868733805,
      0.2908066631024401,
      0.2635440348007852,
      0.2145864531525407,
      0.1496720743603456,
      0.08752903865040491
    ],
    "D": [
      0.0,
      15.115679338264865,
      25.26834325048275,
      28.568819654052568,
      28.018362195028978,
      25.123506962694144,
      20.13672153005549,
      13.734666589341465,
      7.8581651105919175
    ]
  },
  "elapsed_s": 808.2771072387695,
  "failed": false
}