{
  "seed": 62,
  "best_x": [
    0.3029327862128975,
    0.3307830331540682,
    14.323555173629936,
    14.202369509694563,
    3.049604682572882,
    56.7065839303263,
    1.7816449155315794,
    8.886312030123975,
    9.69137754237141,
    2.080458821529007,
    3.8825288997294543,
    33.547708602788134,
    35.62198180768132,
    11.19062236983942,
    5.622041101395181,
    0.86980838818092,
    8.931648988511768,
    96.29918263408734,
    7.997506544384239,
    1.7674996409261468,
    36.200459814230044,
    383.7325130374446,
    35.53187307934297,
    3.216379062283034,
    4.220620878479561,
    0.40160467840206715
  ],
  "best_cost": 0.7989357767668047,
  "decomp_synth": {
    "total": 0.7989357767668047,
    "failed": false,
    "g1_total": 0.6143617627592849,
    "g2_total": 0.18361663183335272,
    "g1_per_observable": {
      "recalc": 0.1187944204236905,
      "thrombin": 0.10787575985600373,
      "fib": 0.1462809241115762,
      "xiii": 0.07656158100292225,
      "AP": 0.09561248093549013,
      "D": 0.06923659642960213
    },
    "g2_per_observable": {
      "recalc": 0.007589982111959856,
      "thrombin": 0.016813875534462557,
      "fib": 0.04279830209895136,
      "xiii": 0.030712731097834508,
      "AP": 0.027510319182178403,
      "D": 0.058191421807966014
    },
    "constraint": 0.0004786910870835128,
    "constraint_weighted": 0.0009573821741670256,
    "saturation_penalty": 0.0,
    "w_group": [
      1.0,
      1.0
    ]
  },
  "g1_predictions": {
    "recalc": [
      0.0,
      -33.959862046016354,
      -23.133492663287292,
      3.0424927052478736,
      18.121173730452313,
      22.998857322503,
      25.999097149539256,
      36.021750797363026,
      61.927294946305146,
      95.43088786774383,
      117.5787819372568,
      125.09558697160212,
      115.96191706357476,
      93.80637111851844,
      65.41019569440442,
      1.8757611595591568
    ],
    "thrombin": [
      0.0,
      -5.076262831637892,
      -3.865938356107188,
      -0.9796811608920715,
      0.9137310035057564,
      1.8023735671035275,
      2.420466038495506,
      3.588782316481547,
      6.022011216180464,
      8.93980154729925,
      10.83594682747965,
      11.468642463535437,
      10.688929259636884,
      8.783890679319724,
      6.321884348726057,
      0.42537477788817196
    ],
    "fib": [
      0.0,
      16.741157549501626,
      15.731759766467917,
      2.342376374918681,
      -5.558391170064397,
      -7.157130078015918,
      -6.378675969294994,
      -7.412812301563607,
      -17.01872463207421,
      -33.57777641605901,
      -44.92595380138294,
      -48.72501321862462,
      -43.51839420997355,
      -31.87407580134283,
      -17.63497156208833,
      4.817435575286745
    ],
    "xiii": [
      0.0,
      19.474877445878214,
      39.155425646401795,
      36.59334058157526,
      27.312982996859304,
      14.974898871133457,
      7.199435954318489,
      7.27916875291648,
      4.6659111246271925,
      -21.773129289295863,
      -47.75828954179181,
      -63.157216623161816,
      -66.45275384381956,
      -70.87983669476475,
      -54.981422873112614,
      7.838516717723221
    ],
    "AP": [
      0.0,
      0.13292157777935582,
      0.29331406463679977,
      0.36181251868450104,
      0.3696725853666169,
      0.35725440214645826,
      0.36116255787249396,
      0.4148141920326942,
      0.5127218970261409,
      0.5938216172202553,
      0.6379996116783484,
      0.6445662792903194,
      0.6131239186748488,
      0.5435176069371013,
      0.44949102574264593,
      0.10109377694319906
    ],
    "D": [
      0.0,
      14.54563717725157,
      29.871152577363386,
      36.09167947316258,
      36.59663170833261,
      35.34841792440119,
      35.974459150791574,
      41.704660292870784,
      51.55227613949285,
      59.28313798227799,
      63.46294874410505,
      63.81705432583388,
      60.45915660626384,
      53.277409045384694,
      43.88599303782542,
      9.79097112216785
    ]
  },
  "g2_predictions": {
    "recalc": [
      0.0,
      -33.321590795316865,
      -23.347738393007347,
      -6.713671120022138,
      2.780635250230965,
      6.378569733918454,
      6.142798593355206,
      3.558488310979568,
      0.7717109398333246
    ],
    "thrombin": [
      0.0,
      -4.942536211370865,
      -3.959391207089314,
      -1.9267790708314494,
      -0.5094677135209382,
      0.2473019654101809,
      0.4926279812824297,
      0.37732219576076553,
      0.14469322876776508
    ],
    "fib": [
      0.0,
      18.437737114931434,
      13.919696233384386,
      4.4836243142996395,
      -0.5014570347278156,
      -2.01456922477257,
      -2.0254696562914454,
      -1.8208738282684127,
      -2.0692873948957393
    ],
    "xiii": [
      0.0,
      13.665099978930442,
      13.968098649915197,
      1.0447330840932796,
      -8.969956192027517,
      -11.040688518118522,
      -8.222620049417754,
      -4.008018225827577,
      -0.40451878728129326
    ],
    "AP": [
      0.0,
      0.16330181756374798,
      0.26557605308666704,
      0.2936288894744537,
      0.28630292819940273,
      0.2621819419298578,
      0.22230084909503234,
      0.16625541221917844,
      0.10679996985341979
    ],
    "D": [
      0.0,
      17.27530367370153,
      26.748212976868846,
      29.145190782646274,
      28.258425517597995,
      25.774026761679096,
      21.705489209689713,
      16.059278650669505,
      10.200956911017496
    ]
  },
  "elapsed_s": 863.382107257843,
  "failed": false
}