{
  "seed": 54,
  "best_x": [
    0.2897587517251292,
    0.26391494306403984,
    17.381819529179353,
    15.64608258102686,
    4.998390610001998,
    288.7435696242429,
    9.87766199171215,
    488.670665730678,
    9.355095936314118,
    1.8507972470786291,
    3.4708441228238684,
    35.27546104372544,
    31.966220441959877,
    11.489233005723374,
    5.366485135192363,
    0.8726342882128385,
    10.777903071343783,
    92.54580674172118,
    7.9989694827260145,
    1.289301958115511,
    39.11290007898258,
    408.15079586033744,
    38.31302979304529,
    1.634579942315971,
    5.506304575195733,
    0.4629425784556318
  ],
  "best_cost": 0.8471907337549685,
  "decomp_synth": {
    "total": 0.8471907337549685,
    "failed": false,
    "g1_total": 0.6183652326844421,
    "g2_total": 0.22834116160135254,
    "g1_per_observable": {
      "recalc": 0.15733038544653555,
      "thrombin": 0.09689149762730408,
      "fib": 0.12222448556482127,
      "xiii": 0.08895900987544436,
      "AP": 0.0665862214502339,
      "D": 0.08637363272010293
    },
    "g2_per_observable": {
      "recalc": 0.01555662055274539,
      "thrombin": 0.020333370179723056,
      "fib": 0.05562891069736107,
      "xiii": 0.037503719325099785,
      "AP": 0.028134530582912473,
      "D": 0.07118401026351073
    },
    "constraint": 0.0002421697345868849,
    "constraint_weighted": 0.0004843394691737698,
    "saturation_penalty": 0.0,
    "w_group": [
      1.0,
      1.0
    ]
  },
  "g1_predictions": {
    "recalc": [
      0.0,
      -32.16882052073889,
      -11.364653268342344,
      16.5375873201979,
      30.474592290628635,
      34.20711468411416,
      37.34677726434263,
      51.553289898704875,
      85.23949595705095,
      122.52336397023964,
      143.92110379907865,
      145.44473855465495,
      126.93908052048438,
      95.21692050557382,
      61.805469906822104,
      1.8532938145096907
    ],
    "thrombin": [
      0.0,
      -4.591699737815245,
      -2.637868255569328,
      0.2799516185155695,
      2.0039914142708004,
      2.7431415981259297,
      3.3104190820164794,
      4.727798904364958,
      7.677658133858307,
      10.810117098080836,
      12.589948056729241,
      12.726063721826257,
      11.219454405164413,
      8.609299856018536,
      5.824002842469921,
      0.4567587245894801
    ],
    "fib": [
      0.0,
      16.234648884448266,
      9.075830574021136,
      -4.683547416243114,
      -11.380017790316986,
      -12.274491447599816,
      -11.953508614815496,
      -15.813976649774489,
      -29.622615499257222,
      -47.340076555776655,
      -57.57044648528111,
      -57.539597802915516,
      -46.967487881026784,
      -30.07371353709258,
      -13.404701072603157,
      6.6670747175084415
    ],
    "xiii": [
      0.0,
      28.613472933582884,
      55.48499935216319,
      45.4214757259843,
      32.20923934555887,
      16.996762131313496,
      4.5578533801114425,
      -1.2161612414878606,
      -14.037290349318909,
      -50.066421756691994,
      -72.77081598786904,
      -77.10445228050538,
      -67.43372700023363,
      -63.30554198225764,
      -45.43681963374873,
      22.61660060422146
    ],
    "AP": [
      0.0,
      0.14490643265943468,
      0.32646078198146555,
      0.4123040114181246,
      0.4295247611994058,
      0.4174994422308729,
      0.41558417090850913,
      0.4665566148474197,
      0.5731703056346436,
      0.6642824308313222,
      0.7087478598215613,
      0.7060369892768362,
      0.6580705963275773,
      0.5717898621574687,
      0.4677935959705978,
      0.13027196855275355
    ],
    "D": [
      0.0,
      14.282348772840209,
      30.153161099454984,
      37.3703156297091,
      38.64263434546758,
      37.498871529164376,
      37.507278694971724,
      42.48718490481595,
      52.25146210532669,
      60.161530464174554,
      63.93491888206005,
      63.39842927598336,
      58.850676554682465,
      50.88735037049713,
      41.51150083875807,
      11.528705606178855
    ]
  },
  "g2_predictions": {
    "recalc": [
      0.0,
      -32.37271092466556,
      -23.978889220818996,
      -10.49641886247715,
      -0.9264683562393152,
      3.8778309645442732,
      3.88424101465621,
      0.7801751808524191,
      -1.6839536986393018
    ],
    "thrombin": [
      0.0,
      -4.637396892379947,
      -3.823012712568496,
      -2.119280604655681,
      -0.7532371306448926,
      0.06583797036529426,
      0.3139127644800541,
      0.14955654984034394,
      -0.06265149581446655
    ],
    "fib": [
      0.0,
      15.50260310666089,
      11.284119163778772,
      4.121699072791159,
      -0.2953645578355779,
      -1.9787579187711533,
      -1.8277986728801405,
      -1.3649112039270825,
      -2.0592742684072665
    ],
    "xiii": [
      0.0,
      18.24775373651356,
      22.371110466585773,
      9.291084252703106,
      -3.7620596126210146,
      -9.637565992368044,
      -8.006442618924249,
      -1.8400825857751373,
      4.0650438301535905
    ],
    "AP": [
      0.0,
      0.13246313678185276,
      0.23293854387101318,
      0.269821023503971,
      0.27620600909945264,
      0.263571498176838,
      0.22820161102490932,
      0.16922068154385972,
      0.10434353987534599
    ],
    "D": [
      0.0,
      12.760623753420186,
      21.330029571855793,
      24.386089121246712,
      24.833516142945516,
      23.590556258394777,
      20.266353282046854,
      14.851172514495017,
      9.04546607332151
    ]
  },
  "elapsed_s": 720.1401851177216,
  "failed": false
}