{
  "seed": 95,
  "best_x": [
    0.270024353220028,
    0.2243273427997921,
    16.179476129820095,
    14.052569025724836,
    16.906329901017745,
    325.3669256379892,
    6.436606148019387,
    769.780054663577,
    9.199211271585966,
    1.623194346017257,
    3.2592891992841984,
    30.737207167714768,
    27.277978258506714,
    5.942331489332039,
    5.309381832432463,
    0.3778869506008098,
    16.068197556034413,
    133.7646941012719,
    5.603275146183173,
    0.48651202291944,
    43.25046044450728,
    599.9882591859784,
    30.468975425107978,
    2.0678816933646473,
    5.7556420328307585,
    0.431470078599923
  ],
  "best_cost": 0.9332792916048547,
  "decomp_synth": {
    "total": 0.9332792916048547,
    "failed": false,
    "g1_total": 0.6822245484700711,
    "g2_total": 0.2478478602982101,
    "g1_per_observable": {
      "recalc": 0.14105215568228105,
      "thrombin": 0.07273599507110598,
      "fib": 0.19348485685977504,
      "xiii": 0.0918071177133113,
      "AP": 0.0822685094074172,
      "D": 0.10087591373618056
    },
    "g2_per_observable": {
      "recalc": 0.020497891947210186,
      "thrombin": 0.025227926152020887,
      "fib": 0.050534211271469835,
      "xiii": 0.04388194463198421,
      "AP": 0.01283719735880734,
      "D": 0.09486868893671764
    },
    "constraint": 0.00160344141828673,
    "constraint_weighted": 0.00320688283657346,
    "saturation_penalty": 0.0,
    "w_group": [
      1.0,
      1.0
    ]
  },
  "g1_predictions": {
    "recalc": [
      0.0,
      -28.592659548567756,
      -10.539554067025833,
      16.907246182361526,
      31.982843200864057,
      35.77969018565874,
      36.260212603328796,
      44.89427094786505,
      74.19272010648265,
      113.48553213100763,
      137.01935985519523,
      137.82293892789752,
      117.34807665521716,
      86.12215089374295,
      56.34503132178962,
      3.362503807807018
    ],
    "thrombin": [
      0.0,
      -4.695079847993628,
      -3.3080900797704853,
      -0.6608867128962892,
      1.119160800577336,
      1.9457767362591578,
      2.3719934717488256,
      3.2546469009801617,
      5.475882352355319,
      8.258857014744976,
      9.900711089833267,
      9.970827363596904,
      8.583844512242246,
      6.445258937357441,
      4.380548565224673,
      0.47842852820376286
    ],
    "fib": [
      0.0,
      25.672120671774273,
      21.927115537928103,
      4.830548985519201,
      -5.5143163489028275,
      -7.937358289757146,
      -6.884338744012583,
      -8.184444449174602,
      -21.294348354754653,
      -44.61352608601342,
      -59.497812063617445,
      -59.57903918748817,
      -45.434105264665554,
      -25.087655986462693,
      -7.1390882665097495,
      11.802001974342085
    ],
    "xiii": [
      0.0,
      33.78858555392075,
      67.16835028190775,
      54.98586330724499,
      38.649710860590574,
      18.55188296890692,
      5.748554066280527,
      6.475195389804869,
      0.36997506403449953,
      -42.35602960258542,
      -70.92170145007307,
      -75.77795715027877,
      -61.25755281082379,
      -56.89589605790945,
      -37.50156676095615,
      28.263411997686028
    ],
    "AP": [
      0.0,
      0.14092796567685104,
      0.3269613884921747,
      0.4221051862269431,
      0.44675149091601907,
      0.4351509874311956,
      0.42325553767692853,
      0.4611190215215765,
      0.572211970956685,
      0.6788991410502895,
      0.7290681378746597,
      0.7206174381792053,
      0.6605718181181942,
      0.5661931583565196,
      0.4640421297245883,
      0.15274554381299393
    ],
    "D": [
      0.0,
      13.566667782632225,
      29.27331555276566,
      36.9950740525011,
      38.80904782995038,
      37.67908515926858,
      36.7801106768183,
      40.53384201424301,
      50.49485707876061,
      59.43694435589008,
      63.46508769202668,
      62.360260908984735,
      56.88112605354755,
      48.536162139319835,
      39.698875115248214,
      13.055014421808897
    ]
  },
  "g2_predictions": {
    "recalc": [
      0.0,
      -28.686779736606944,
      -20.332347516236474,
      -6.430905982018867,
      2.542379949873169,
      5.2738212729708,
      3.0220775508403044,
      -0.5734156423356103,
      -2.0577480604693155
    ],
    "thrombin": [
      0.0,
      -4.722670150265055,
      -4.080644930597398,
      -2.3788875281130633,
      -1.018881711040032,
      -0.28365957377705664,
      -0.10648614668987222,
      -0.19453205770620052,
      -0.23531199401161573
    ],
    "fib": [
      0.0,
      24.41604623068512,
      21.830213947295533,
      12.269185633924119,
      5.687351608578339,
      2.796496022303277,
      1.7365002280174906,
      -0.05214003004271994,
      -3.0990708489711523
    ],
    "xiii": [
      0.0,
      20.072863355660527,
      22.883387679239217,
      4.555653919788142,
      -11.410502743479126,
      -15.083588769156046,
      -8.161586316037788,
      1.3871780373641474,
      6.40601141831514
    ],
    "AP": [
      0.0,
      0.12847317032414446,
      0.24060042110278934,
      0.2872828866122391,
      0.29349269360136254,
      0.26826302264012136,
      0.21296337030742862,
      0.1395705283900163,
      0.07514589859718981
    ],
    "D": [
      0.0,
      12.105348430572558,
      21.363133729494503,
      25.092747157077273,
      25.420880452548992,
      23.045857342236438,
      18.078863108634483,
      11.66752415484153,
      6.200622622311604
    ]
  },
  "elapsed_s": 727.8736801147461,
  "failed": false
}