{
  "seed": 31,
  "best_x": [
    0.25790452003994624,
    0.23867319033211476,
    9.313664087651034,
    8.216405599071692,
    6.196569230427942,
    506.21527340511045,
    7.020862203618787,
    31.019796076800887,
    9.267178221882457,
    1.973249793671782,
    2.7947463567144917,
    36.61652623548913,
    37.9595250051689,
    5.61070457143984,
    5.1216091155769305,
    0.29168504364518477,
    12.150333419395224,
    110.61138150291838,
    3.964788393788762,
    1.0192185564044078,
    55.482016908716574,
    512.0668749943088,
    19.951758124156754,
    3.4834057089250914,
    5.120880961646005,
    0.4445345665586232
  ],
  "best_cost": 0.8295096640835554,
  "decomp_synth": {
    "total": 0.8295096640835554,
    "failed": false,
    "g1_total": 0.5676405907136399,
    "g2_total": 0.25805897303729153,
    "g1_per_observable": {
      "recalc": 0.11781432595418437,
      "thrombin": 0.07777992150385393,
      "fib": 0.1623221888764364,
      "xiii": 0.05630644937835677,
      "AP": 0.10184368285251146,
      "D": 0.05157402214829699
    },
    "g2_per_observable": {
      "recalc": 0.013931378746248009,
      "thrombin": 0.015526809176147753,
      "fib": 0.06972135775593909,
      "xiii": 0.033995503696282604,
      "AP": 0.01727245287159109,
      "D": 0.10761147079108296
    },
    "constraint": 0.001905050166311969,
    "constraint_weighted": 0.003810100332623938,
    "saturation_penalty": 0.0,
    "w_group": [
      1.0,
      1.0
    ]
  },
  "g1_predictions": {
    "recalc": [
      0.0,
      -34.7350297509098,
      -14.138420167214079,
      18.70070583657354,
      36.98086432652776,
      43.58994825338841,
      48.5247974946213,
      63.222398161830604,
      96.14172895621887,
      134.40384314565097,
      158.27526939710947,
      162.29013908835213,
      144.67436440897177,
      112.48266443725763,
      77.08181087587451,
      4.1432486045238175
    ],
    "thrombin": [
      0.0,
      -4.558250776047201,
      -3.2177679661865324,
      -0.6188671862769164,
      1.1329175231153363,
      2.053631541042834,
      2.7163522064784535,
      3.8207920002229767,
      5.862295600466616,
      8.10744935062547,
      9.492179829073429,
      9.740537864033273,
      8.766905664595729,
      6.957681088572167,
      4.9407350301921396,
      0.513534772797059
    ],
    "fib": [
      0.0,
      18.579132035906962,
      13.554724776840711,
      -2.1100809110723606,
      -10.899329349473803,
      -13.18011118859498,
      -13.76096658268068,
      -18.191782863343228,
      -32.054924734336375,
      -50.45693938575491,
      -62.081569355482245,
      -63.34851577848559,
      -53.09901446074724,
      -35.69703363402982,
      -17.721627109649194,
      8.569872977426787
    ],
    "xiii": [
      0.0,
      24.039315230903963,
      42.93129379142268,
      36.203458823144175,
      26.168424910102804,
      10.667189607047352,
      -1.2089347210203478,
      -5.6878128209183165,
      -15.855076585269952,
      -50.595104245924894,
      -74.34156953563763,
      -81.35229938291421,
      -71.46991571555085,
      -66.95976015118941,
      -44.91334276021704,
      14.128622102268988
    ],
    "AP": [
      0.0,
      0.12242620185610603,
      0.2998172880310116,
      0.3935416126421146,
      0.4211984007944761,
      0.41942704701718386,
      0.42289441180377313,
      0.46513481249943694,
      0.5520349789159813,
      0.6335535523984982,
      0.6780650716899802,
      0.6817816679690764,
      0.6431303254828249,
      0.5691034803153764,
      0.4766791808804027,
      0.1512549860046814
    ],
    "D": [
      0.0,
      12.94055990968824,
      27.9283877890164,
      35.303786226559346,
      37.234175558112184,
      36.945777957180596,
      37.492900493669104,
      41.76745359153494,
      49.73677161965841,
      56.54496911634539,
      60.111977994394074,
      59.942771159205975,
      56.13065720090824,
      49.25702372143293,
      41.04883222224767,
      12.95629969597399
    ]
  },
  "g2_predictions": {
    "recalc": [
      0.0,
      -34.24253313996044,
      -22.812183035208825,
      -6.992235452908826,
      1.97633714972822,
      5.374597127750931,
      4.603715158841794,
      1.3712455289605252,
      -1.3172712009750596
    ],
    "thrombin": [
      0.0,
      -4.522555961179833,
      -3.78866385863488,
      -2.185764780785203,
      -0.9756263496459399,
      -0.2585384672018911,
      0.02800247225089314,
      0.011428531984177925,
      -0.08388127149686542
    ],
    "fib": [
      0.0,
      18.66020602727233,
      14.590072935503889,
      6.228762093431381,
      1.5761334736681931,
      0.00596740143692287,
      0.0794242301532968,
      0.29954489367729487,
      -0.5299416906899967
    ],
    "xiii": [
      0.0,
      16.375991196777807,
      16.066155914417426,
      3.620922471387837,
      -4.969024767913702,
      -6.518426121826381,
      -3.6359093163450806,
      0.45059540178478363,
      3.3433266566879927
    ],
    "AP": [
      0.0,
      0.12753982281967202,
      0.2390236128824012,
      0.2763878597009732,
      0.27487554291723476,
      0.25450478817025385,
      0.21765895279518882,
      0.1641874728938837,
      0.10633334910413414
    ],
    "D": [
      0.0,
      12.924283257162314,
      21.8316260547722,
      24.512080514430544,
      24.104861401584657,
      22.148323858749393,
      18.712858200697593,
      13.852600216552963,
      8.79686922691664
    ]
  },
  "elapsed_s": 768.6882185935974,
  "failed": false
}