{
  "seed": 79,
  "best_x": [
    0.2655911202180167,
    0.26810739215790214,
    3.890095023470961,
    3.2375979747650776,
    1.0714576038625747,
    230.90509698603012,
    8.421326650157926,
    726.6345277661012,
    9.224793512571729,
    1.8170759988441585,
    3.1557293854572936,
    34.72423931008602,
    37.38452353104313,
    12.40682315357078,
    5.792629339610064,
    0.7963122459048217,
    7.389887660303909,
    69.35510884060307,
    7.410210665125209,
    1.5106401517260233,
    29.369719200716304,
    379.3582857238646,
    35.93505200974799,
    1.311074929386276,
    4.892194433098167,
    0.43804487134892145
  ],
  "best_cost": 0.8909926634765409,
  "decomp_synth": {
    "total": 0.8909926634765409,
    "failed": false,
    "g1_total": 0.6526979534718056,
    "g2_total": 0.23722455978353207,
    "g1_per_observable": {
      "recalc": 0.10380348999818337,
      "thrombin": 0.10742946323867564,
      "fib": 0.16145384743692226,
      "xiii": 0.10040814822359016,
      "AP": 0.09501184538460736,
      "D": 0.08459115918982679
    },
    "g2_per_observable": {
      "recalc": 0.014151535092961102,
      "thrombin": 0.025911805125485503,
      "fib": 0.060429740903617975,
      "xiii": 0.026709061296862506,
      "AP": 0.026771431216769784,
      "D": 0.0832509861478352
    },
    "constraint": 0.0005350751106016544,
    "constraint_weighted": 0.0010701502212033089,
    "saturation_penalty": 0.0,
    "w_group": [
      1.0,
      1.0
    ]
  },
  "g1_predictions": {
    "recalc": [
      0.0,
      -33.7889301834213,
      -19.38310159446773,
      11.220377679958155,
      29.438247733215427,
      34.94052300048183,
      37.159653099916206,
      47.79351583426638,
      77.795323043389,
      118.88810662128924,
      146.58237046412944,
      152.90566849270502,
      135.41689444141426,
      102.32763192171166,
      66.16625818126896,
      1.419071669054719
    ],
    "thrombin": [
      0.0,
      -5.2461902788727155,
      -3.958645078136561,
      -0.9455898697976286,
      1.131112286606085,
      2.112014677903679,
      2.68215119485986,
      3.7416337323169664,
      6.084038624376333,
      9.07791643749399,
      11.05460174262237,
      11.511248180433324,
      10.29909740509689,
      7.9772694023749935,
      5.4024853383687566,
      0.40853824066328404
    ],
    "fib": [
      0.0,
      11.54708380100339,
      10.18754226006754,
      -0.7958186695686336,
      -7.357489159878084,
      -8.518872066810076,
      -8.238860007191555,
      -11.375844182651468,
      -23.54209001644074,
      -42.41215389075357,
      -55.703575819857825,
      -58.76458468519355,
      -50.153710117514876,
      -34.24681678176126,
      -17.551954290928947,
      5.079434822446453
    ],
    "xiii": [
      0.0,
      21.1505568109165,
      56.10391159373659,
      57.64299169079165,
      45.05365761988582,
      26.63506053202696,
      11.303979139164229,
      6.741449061976711,
      0.5957268638506902,
      -31.143074664619178,
      -60.635446826365964,
      -73.3781304770254,
      -70.44338037360559,
      -69.66636967070116,
      -53.63241372804725,
      27.036071512964003
    ],
    "AP": [
      0.0,
      0.09935091549366519,
      0.2876883658682039,
      0.39859940376132114,
      0.43205152813075676,
      0.42568228932099256,
      0.4196200721940282,
      0.4581066177110503,
      0.5585903894781117,
      0.6632110925576805,
      0.7204259303620237,
      0.7266864649848025,
      0.6808088781902545,
      0.5934625818186858,
      0.4849847489170155,
      0.132464655761509
    ],
    "D": [
      0.0,
      13.159610582628684,
      28.006346053360424,
      34.88357044738923,
      36.13906525202634,
      35.084362944989046,
      35.144973105332504,
      39.99334816157173,
      49.5189569612503,
      57.28224806404525,
      60.8348932108018,
      59.92683798225682,
      54.91634542468796,
      46.730584010520836,
      37.565194331220646,
      10.112673161641839
    ]
  },
  "g2_predictions": {
    "recalc": [
      0.0,
      -33.60895926448044,
      -25.282092406139462,
      -8.7807697683273,
      1.6162797205801667,
      5.552146879937752,
      4.4848835821196555,
      0.8086092199386634,
      -1.8660307959556786
    ],
    "thrombin": [
      0.0,
      -5.224546194283766,
      -4.470564580513359,
      -2.4934889965000897,
      -0.9767380891373956,
      -0.124292442449905,
      0.1498792244928453,
      0.048715850785628456,
      -0.10757068684553373
    ],
    "fib": [
      0.0,
      11.637564736328823,
      11.098222272160683,
      5.9728427612492085,
      2.9460515856146423,
      2.173076666613498,
      2.749442735077499,
      3.41322648385419,
      2.8965832286802735
    ],
    "xiii": [
      0.0,
      15.19340361860877,
      23.26707129174666,
      9.064984474897756,
      -7.687332007967137,
      -14.903140047213215,
      -12.255740257628908,
      -4.36925094223358,
      3.1531753532715223
    ],
    "AP": [
      0.0,
      0.10355724126975248,
      0.23213345201614086,
      0.28850940802617625,
      0.29779603423287027,
      0.2797911548978501,
      0.23829067884490326,
      0.17584957935099294,
      0.10904383898031178
    ],
    "D": [
      0.0,
      12.692041926151528,
      21.64801454433411,
      24.7156764610949,
      24.616447139823574,
      22.527569361973047,
      18.46742467267947,
      12.87005614253446,
      7.494783770780865
    ]
  },
  "elapsed_s": 704.5983877182007,
  "failed": false
}