{
  "seed": 14,
  "best_x": [
    0.20395896331619395,
    0.23357434185551088,
    11.729074587230759,
    10.162732043020563,
    4.6614001695669,
    259.61300923344936,
    7.125255858189948,
    32.85900968759962,
    9.136762391320426,
    1.9476734908117395,
    3.1812665539711467,
    37.176296304077724,
    42.39718444621725,
    12.147038495845184,
    5.755390158551915,
    0.6713311190999027,
    8.683203082697942,
    110.52948425024915,
    7.535335288083826,
    1.0538697599067819,
    49.60948451254691,
    599.7783664620192,
    46.90381684136214,
    2.839133526684901,
    4.521884938747841,
    0.4221172240091868
  ],
  "best_cost": 0.8573647473476509,
  "decomp_synth": {
    "total": 0.8573647473476509,
    "failed": false,
    "g1_total": 0.6590473390416716,
    "g2_total": 0.19699444781968742,
    "g1_per_observable": {
      "recalc": 0.18058361699315512,
      "thrombin": 0.09427703192388943,
      "fib": 0.15162598704740735,
      "xiii": 0.08667779369382522,
      "AP": 0.06441795990115995,
      "D": 0.08146494948223444
    },
    "g2_per_observable": {
      "recalc": 0.008784626918824274,
      "thrombin": 0.020442379754473963,
      "fib": 0.04290434987661472,
      "xiii": 0.03488775028571898,
      "AP": 0.018861632084546533,
      "D": 0.07111370889950897
    },
    "constraint": 0.0006614802431459178,
    "constraint_weighted": 0.0013229604862918356,
    "saturation_penalty": 0.0,
    "w_group": [
      1.0,
      1.0
    ]
  },
  "g1_predictions": {
    "recalc": [
      0.0,
      -35.83658248855153,
      -21.333204727047118,
      6.507128252526364,
      24.2880680588473,
      33.004391677546174,
      41.39440671168308,
      60.82120218525824,
      99.85166771664134,
      143.35745021832,
      169.26404897933452,
      172.2659994271752,
      151.43182453847174,
      115.80799170816134,
      78.25155811447027,
      4.059355451318533
    ],
    "thrombin": [
      0.0,
      -5.180697608724241,
      -4.119874474444209,
      -1.5734215006769912,
      0.3345084533654026,
      1.4971869765244132,
      2.457971304431889,
      3.9625651670478996,
      6.533463130225937,
      9.247398750839478,
      10.845414775394921,
      11.048311955094308,
      9.816658549070356,
      7.678788192930781,
      5.39359710799602,
      0.5703274031950053
    ],
    "fib": [
      0.0,
      14.904601833753912,
      14.307834410052994,
      4.619304011503559,
      -1.7588902214932158,
      -4.048155178213555,
      -5.397718514873134,
      -10.40740722901121,
      -24.472573251720696,
      -42.75487048529632,
      -53.91802655266788,
      -54.7697225341785,
      -44.660803724622674,
      -28.391020208353147,
      -12.313402005145212,
      9.018180029976161
    ],
    "xiii": [
      0.0,
      25.82212068386974,
      49.869522800303564,
      46.2479239025255,
      37.78800232572712,
      21.864646569831667,
      7.868572236434996,
      0.5073836596188741,
      -13.88682448083097,
      -55.14685957259916,
      -80.33544637185993,
      -85.70647451444346,
      -73.02423550037557,
      -68.4942356393458,
      -46.354209698231145,
      19.34664108112476
    ],
    "AP": [
      0.0,
      0.10375180169261689,
      0.2538308246646537,
      0.33707349130058195,
      0.3653756673895862,
      0.37102178491603843,
      0.3871789155248118,
      0.44495740535246914,
      0.5437013131600261,
      0.6290915944630091,
      0.6726096210991177,
      0.6725416868315508,
      0.6292609285879415,
      0.5520034835648668,
      0.45970499676470705,
      0.14782582859167034
    ],
    "D": [
      0.0,
      10.408205129161855,
      23.00926590550308,
      29.638870926270695,
      31.756896090719067,
      32.190064894027714,
      33.820008506088605,
      39.26346665985408,
      48.00047931684514,
      55.033394665657475,
      58.48926974783767,
      58.073544064566676,
      54.00374925206417,
      47.06296988182053,
      39.047657546502286,
      12.514302198126506
    ]
  },
  "g2_predictions": {
    "recalc": [
      0.0,
      -34.95387444756874,
      -22.812655255246035,
      -4.889550829868014,
      4.744716544590574,
      7.300099195540472,
      5.18976672111982,
      1.0959819099688222,
      -1.698920626605192
    ],
    "thrombin": [
      0.0,
      -5.082828681152144,
      -4.238606944621253,
      -2.3330694305089095,
      -0.9425400443415255,
      -0.18993188219346613,
      0.05339404875480791,
      -0.01112049130513959,
      -0.11869554038058627
    ],
    "fib": [
      0.0,
      16.12192298059047,
      13.896605111137466,
      7.023015569384658,
      3.284952060977634,
      2.3167374887452556,
      2.551559963144628,
      2.456186037884235,
      1.1481031611841486
    ],
    "xiii": [
      0.0,
      17.90990192858056,
      17.011674990050597,
      -0.21849965109543906,
      -11.9190876406605,
      -12.845782335880655,
      -7.204383564602081,
      -0.341667571260536,
      4.172921065155929
    ],
    "AP": [
      0.0,
      0.1246996179928473,
      0.23805406824111897,
      0.28168395788287304,
      0.2813249663767097,
      0.2572791171620444,
      0.21491075496518663,
      0.1578041494784326,
      0.09996181498901974
    ],
    "D": [
      0.0,
      12.083300457858263,
      21.278875653865693,
      24.544240342140224,
      24.246834713937293,
      22.00641735863986,
      18.188454673612164,
      13.156328959208091,
      8.211215355704313
    ]
  },
  "elapsed_s": 797.0608296394348,
  "failed": false
}