{
  "seed": 84,
  "best_x": [
    0.24126056114551547,
    0.18492896970346057,
    14.110259640122695,
    12.449688193016087,
    8.089919538224878,
    198.62515722902384,
    7.102218663830286,
    995.0324038445503,
    9.148703008241428,
    1.598244713824968,
    3.0051752228761233,
    31.877470993782932,
    32.18365853172997,
    11.303689372043493,
    5.744354676466429,
    0.7843562764008036,
    8.077167198720048,
    81.74908597979834,
    7.810888418286824,
    0.3679332640273998,
    45.036609714896585,
    470.81561257144307,
    48.20306565734299,
    2.1309277715226567,
    5.468740177422757,
    0.4183289513193316
  ],
  "best_cost": 0.8834586175384571,
  "decomp_synth": {
    "total": 0.8834586175384571,
    "failed": false,
    "g1_total": 0.6442593141669919,
    "g2_total": 0.2385358081202552,
    "g1_per_observable": {
      "recalc": 0.1475655558644384,
      "thrombin": 0.12734898307738002,
      "fib": 0.11441056196181708,
      "xiii": 0.09458193834355556,
      "AP": 0.07338510937201786,
      "D": 0.08696716554778303
    },
    "g2_per_observable": {
      "recalc": 0.020484746660207418,
      "thrombin": 0.019576938356436896,
      "fib": 0.07943914376040537,
      "xiii": 0.028883684187782217,
      "AP": 0.01881162993629475,
      "D": 0.07133966521912855
    },
    "constraint": 0.0003317476256050003,
    "constraint_weighted": 0.0006634952512100006,
    "saturation_penalty": 0.0,
    "w_group": [
      1.0,
      1.0
    ]
  },
  "g1_predictions": {
    "recalc": [
      0.0,
      -30.406928430978873,
      -15.381290548353334,
      11.363599983420777,
      28.19131704148235,
      34.28103058833545,
      36.17109595808568,
      44.229244703204486,
      70.5817846191442,
      107.90819203019932,
      132.11545031274588,
      134.66549631363185,
      116.66844095479514,
      88.55187671061559,
      61.37677218934419,
      6.113977635852703
    ],
    "thrombin": [
      0.0,
      -5.117983455575964,
      -3.7723638626742577,
      -0.922046327392656,
      1.139569354343108,
      2.1935892649470574,
      2.7466553478274176,
      3.658929145785123,
      5.880933152020386,
      8.804479466110756,
      10.663157923986022,
      10.868410912788496,
      9.524151293631611,
      7.401810689815726,
      5.325353066223448,
      0.8527169466646769
    ],
    "fib": [
      0.0,
      13.82529876060287,
      11.166717202694166,
      0.010787991720865975,
      -7.0522008818561845,
      -8.871004676604542,
      -8.45347187019103,
      -10.392922964687546,
      -21.39193027867953,
      -40.00870347112197,
      -52.75821297139974,
      -54.04250487259274,
      -44.15652669190805,
      -29.170907293188854,
      -15.302680786368477,
      6.64842864709204
    ],
    "xiii": [
      0.0,
      27.48639479320004,
      52.055489916247495,
      40.76377766250429,
      25.049976126025868,
      6.78694401883447,
      -4.915775196324112,
      -5.786196241994678,
      -12.316879477248802,
      -47.37455817992683,
      -72.67056134489549,
      -79.34743256856994,
      -68.95315868848952,
      -64.81184915490739,
      -48.447486415917474,
      18.88257425922343
    ],
    "AP": [
      0.0,
      0.12471119411973014,
      0.29988192637571065,
      0.3978282160754313,
      0.4310157173368425,
      0.42837996766027236,
      0.42102499515898195,
      0.4528279714614089,
      0.5510237315387382,
      0.6535901989126369,
      0.7062546779325487,
      0.7030527708753538,
      0.6512463992525321,
      0.5693975759544431,
      0.481093394914717,
      0.19203582765259863
    ],
    "D": [
      0.0,
      12.389113665215717,
      27.443774107329165,
      35.53139585454974,
      38.10389681315545,
      37.718753408490024,
      37.17094479693762,
      40.42433657480334,
      49.455851455556456,
      58.21523223404489,
      62.502930301431505,
      61.81580712849465,
      56.966911599158145,
      49.6057588069165,
      41.84466152309755,
      16.692103560751185
    ]
  },
  "g2_predictions": {
    "recalc": [
      0.0,
      -30.27905226895113,
      -21.281349360219643,
      -5.570382753694247,
      3.9300056466614812,
      6.124020021898378,
      3.2095961163802187,
      -0.6727377723940489,
      -2.2534009879488184
    ],
    "thrombin": [
      0.0,
      -5.1134285367076675,
      -4.30338776177921,
      -2.3160899478557035,
      -0.8227937645898753,
      -0.09690414587748775,
      0.010432761761254739,
      -0.13959895125585964,
      -0.2167146526017181
    ],
    "fib": [
      0.0,
      13.622161531898431,
      12.002617554283754,
      5.875749368048665,
      2.280575184265161,
      1.6132444174709457,
      2.3569120096000455,
      2.4391856089887813,
      1.1262382751235522
    ],
    "xiii": [
      0.0,
      18.33711998038445,
      19.821125079665585,
      0.9344481702404037,
      -14.68928268576912,
      -17.610037475177126,
      -10.447356929444224,
      -1.0262303926812644,
      4.36067874317491
    ],
    "AP": [
      0.0,
      0.12277750148043413,
      0.24542103471173662,
      0.2997607980081782,
      0.3061345820320084,
      0.2776122487604033,
      0.2199490738034814,
      0.1470762415664159,
      0.0836874690408982
    ],
    "D": [
      0.0,
      11.951594442429371,
      22.267580806573363,
      26.63527930911235,
      26.916182191210176,
      24.17959892030754,
      18.91988083566464,
      12.46537623317385,
      7.011815663386771
    ]
  },
  "elapsed_s": 805.2777466773987,
  "failed": false
}