{
  "seed": 34,
  "best_x": [
    0.30589823777312575,
    0.2716700801224549,
    8.794603380899677,
    8.454282272625331,
    2.8361249103589334,
    297.37572406399613,
    7.656944234962048,
    16.16237171218721,
    9.207017913168581,
    1.771718206140036,
    3.044518278626745,
    37.91971779932443,
    37.20989273973008,
    10.57980181793209,
    6.363510425507715,
    0.7727005298521163,
    8.69276255900618,
    87.61625687324366,
    6.843162732787816,
    1.7613862435985723,
    49.78227089418474,
    468.8683854555237,
    35.08027036445161,
    2.642365662741711,
    4.570659402555222,
    0.46410638459185627
  ],
  "best_cost": 0.771284795657855,
  "decomp_synth": {
    "total": 0.771284795657855,
    "failed": false,
    "g1_total": 0.5795527343609278,
    "g2_total": 0.18989487318972592,
    "g1_per_observable": {
      "recalc": 0.11125614670109367,
      "thrombin": 0.06419835294179267,
      "fib": 0.10384320127459348,
      "xiii": 0.10412391876413833,
      "AP": 0.10879808830825932,
      "D": 0.08733302637105025
    },
    "g2_per_observable": {
      "recalc": 0.011047087515905095,
      "thrombin": 0.013111215180595477,
      "fib": 0.06732612796133396,
      "xiii": 0.025954740496342756,
      "AP": 0.01223787511064066,
      "D": 0.06021782692490795
    },
    "constraint": 0.000918594053600615,
    "constraint_weighted": 0.00183718810720123,
    "saturation_penalty": 0.0,
    "w_group": [
      1.0,
      1.0
    ]
  },
  "g1_predictions": {
    "recalc": [
      0.0,
      -35.338867468133344,
      -12.073035551968196,
      20.0668731828475,
      35.34881081352002,
      38.35722587601302,
      39.81312243185673,
      52.366113612628844,
      86.22665574228093,
      125.13749191057518,
      146.0129150362085,
      144.6471902855376,
      122.02182930067704,
      87.6847179547405,
      54.50039602680451,
      1.0376995841227692
    ],
    "thrombin": [
      0.0,
      -5.568727118295967,
      -3.472662775151481,
      -0.10396835423116091,
      1.8909407575581052,
      2.719057836802877,
      3.2469693839899514,
      4.556069342403024,
      7.464276306758806,
      10.644179117836735,
      12.337946005016661,
      12.255041720044044,
      10.482443366428006,
      7.751950418754109,
      5.066123870183305,
      0.3648217968750419
    ],
    "fib": [
      0.0,
      13.721597909521591,
      5.708057068141492,
      -8.808115507115719,
      -15.060733814332874,
      -15.037883654602373,
      -13.863529659971089,
      -17.212967671868952,
      -31.16016346466568,
      -49.33318130109724,
      -59.056011755758924,
      -57.57679628450528,
      -45.38233569720471,
      -27.958018852351046,
      -12.212001792363562,
      5.166191918030197
    ],
    "xiii": [
      0.0,
      26.347540106829772,
      48.7769973072502,
      40.58966722875798,
      29.27839962184323,
      14.585923218392544,
      3.9368583939180923,
      1.0669368873576688,
      -9.088082191779831,
      -47.103421943889856,
      -75.34786791789364,
      -79.9871839921573,
      -63.166398508015156,
      -49.892220734312865,
      -27.18346914896473,
      14.679513377313958
    ],
    "AP": [
      0.0,
      0.1310604458033739,
      0.31010002346462734,
      0.3954811865774732,
      0.4119094398914092,
      0.39716565240678525,
      0.3881839170737881,
      0.42691738095501763,
      0.5218612961118505,
      0.6071460134763529,
      0.6464117584589544,
      0.6393343200318771,
      0.5875475827834813,
      0.5013321755771977,
      0.40245426224652087,
      0.10649799158120356
    ],
    "D": [
      0.0,
      14.97020588661967,
      31.31880414421412,
      38.52075675572274,
      39.53984371014739,
      37.967564674087875,
      37.40189309880494,
      41.85947813835096,
      51.36387832653758,
      59.04119716029052,
      62.352932133362145,
      61.10417375719489,
      55.68545336908235,
      47.07778044909668,
      37.59273280947442,
      9.909093978269246
    ]
  },
  "g2_predictions": {
    "recalc": [
      0.0,
      -35.385625178172546,
      -24.169999284823785,
      -7.633212916702767,
      3.078459340188033,
      7.735767853706115,
      6.740337295212299,
      2.2829645386957473,
      -1.2533040862795515
    ],
    "thrombin": [
      0.0,
      -5.5950201038929555,
      -4.56368796735659,
      -2.4544965743140974,
      -0.8199827622994094,
      0.13024055087390884,
      0.403110344792837,
      0.20261255708255732,
      -0.05508968115802737
    ],
    "fib": [
      0.0,
      13.217374731566123,
      8.67985001202247,
      1.451140595241478,
      -2.466969199550528,
      -3.4713177848619026,
      -2.4886727616470505,
      -1.0844575647357342,
      -1.0057534413599285
    ],
    "xiii": [
      0.0,
      17.470524621746076,
      18.93191052043497,
      4.8420964304216225,
      -7.358575494050732,
      -11.595999221491168,
      -8.537632538906324,
      -2.0231640662922983,
      3.1240783497046944
    ],
    "AP": [
      0.0,
      0.12264210984859261,
      0.23374039293235097,
      0.27499429804734005,
      0.2816332026078264,
      0.2675070712266576,
      0.2305569670612503,
      0.17095579193257696,
      0.10597553324711106
    ],
    "D": [
      0.0,
      13.555570857583135,
      23.26588058836733,
      26.65139963264928,
      27.01295699044354,
      25.432775920884843,
      21.60484781227922,
      15.677810098971104,
      9.504233633038037
    ]
  },
  "elapsed_s": 1657.0882365703583,
  "failed": false
}