{
  "seed": 13,
  "best_x": [
    1.5116435149899448,
    3.6666730470165323,
    10.724091599964368,
    10.510162841318806,
    21.50445256687697,
    249.34582735158688,
    5.16883843271021,
    25.992805045309417,
    10.109953289897824,
    2.3616535922783175,
    8.021255937411802,
    39.54178034505394,
    40.027212999129645,
    8.891718400321654,
    5.86920754755797,
    0.5905310312142751,
    7.378986012224523,
    74.29347219293936,
    5.039524456764294,
    0.1269209881806473,
    36.412665610221964,
    462.8653768022333,
    26.600221010137105,
    2.0657431793853487,
    3.6499061608199277,
    0.41000144394287497
  ],
  "best_cost": 1.0887545760596669,
  "decomp_synth": {
    "total": 1.0887545760596669,
    "failed": false,
    "g1_total": 0.789022397272318,
    "g2_total": 0.299537657377399,
    "g1_per_observable": {
      "recalc": 0.18596642118168777,
      "thrombin": 0.13888058712040063,
      "fib": 0.11798969174060173,
      "xiii": 0.08887923712583425,
      "AP": 0.08285128306623421,
      "D": 0.17445517703755942
    },
    "g2_per_observable": {
      "recalc": 0.020608784536722328,
      "thrombin": 0.018623696485198946,
      "fib": 0.07385095206191858,
      "xiii": 0.05664566553714447,
      "AP": 0.03870380852181503,
      "D": 0.09110475023459966
    },
    "constraint": 9.726070497492742e-05,
    "constraint_weighted": 0.00019452140994985484,
    "saturation_penalty": 0.0,
    "w_group": [
      1.0,
      1.0
    ]
  },
  "g1_predictions": {
    "recalc": [
      0.0,
      -28.14022072896188,
      -12.129036315935068,
      -7.6945572914184766,
      -3.4079193642090857,
      6.775155503847579,
      26.884582959946247,
      62.365819577352624,
      105.12819659662524,
      133.99118587260529,
      153.3858213254957,
      155.46331371390096,
      140.25718489016194,
      102.29161994933878,
      60.696568289412106,
      -0.20509766046569253
    ],
    "thrombin": [
      0.0,
      -4.242814527423272,
      -3.1152334064351326,
      -2.185806207519506,
      -1.2031590003493058,
      0.13015263547451994,
      2.07440668197686,
      4.9846819559068845,
      8.24981008325366,
      10.404294773734746,
      11.843714304944072,
      12.010222211924235,
      10.927054937443705,
      8.167505709582894,
      5.103463784374065,
      0.0014164668880756914
    ],
    "fib": [
      0.0,
      12.962272319564125,
      4.174381743288482,
      2.0238655012799853,
      1.426604211063033,
      -0.2107758862177045,
      -5.343885914820017,
      -17.958710742192856,
      -35.68144835408325,
      -48.23966810938763,
      -56.57438355166988,
      -57.194531132905496,
      -49.85790133458868,
      -32.76729145993053,
      -14.84068304233715,
      -0.09401157334731752
    ],
    "xiii": [
      0.0,
      39.00071106917629,
      53.43299923553683,
      50.215390273841884,
      48.586445325047265,
      41.618381915732584,
      29.961216105333598,
      13.35719748187364,
      -12.527407400045355,
      -49.976117644411694,
      -68.94410056305317,
      -73.23887509344725,
      -66.09479281059731,
      -63.58857312935955,
      -37.9523955850319,
      2.93457746651537
    ],
    "AP": [
      0.0,
      0.2420604851961184,
      0.2966772051550216,
      0.26759194672179326,
      0.2470017901159721,
      0.27403752846604773,
      0.35163208470018276,
      0.4625434486408868,
      0.5623270141779889,
      0.6156329084505082,
      0.6513825367122255,
      0.6498706053868085,
      0.6153170498653386,
      0.5217932936527905,
      0.4061396517028012,
      0.005789299749674657
    ],
    "D": [
      0.0,
      25.257449796191345,
      28.981502096245304,
      25.89468585327791,
      24.244259936092348,
      27.333069173157703,
      35.32814731803852,
      46.35202491968924,
      55.88481514303682,
      60.6668884544312,
      64.05344517950459,
      63.53575231095314,
      59.829023028685604,
      50.01293766854404,
      38.63484997424824,
      0.4883751745515242
    ]
  },
  "g2_predictions": {
    "recalc": [
      0.0,
      -30.815440693022154,
      -22.169142281416335,
      -9.006452703170531,
      0.26181885448618303,
      5.406054831199935,
      6.018369174151115,
      2.8524246319233058,
      -0.47583260114467407
    ],
    "thrombin": [
      0.0,
      -4.543187862953907,
      -3.898445504443487,
      -2.2681744079060233,
      -0.9071904661303507,
      -0.014171098781339042,
      0.35104578579338575,
      0.2641678309946801,
      0.049571340485978166
    ],
    "fib": [
      0.0,
      12.09671032787235,
      7.604730157589662,
      2.859374591088521,
      0.36087385374108827,
      -0.47151966204197837,
      -0.07084187990625601,
      0.8617529028477904,
      1.133686935664497
    ],
    "xiii": [
      0.0,
      16.58173069825074,
      14.207418014193264,
      2.547791414645107,
      -7.0033367869212935,
      -10.4174301567944,
      -8.353862834911677,
      -2.9655490495867602,
      2.5277086570595593
    ],
    "AP": [
      0.0,
      0.19590317511250868,
      0.252885960128894,
      0.26938234101445924,
      0.26665607988716217,
      0.2539510827608194,
      0.22465093190877408,
      0.1736368251817279,
      0.11592440565667161
    ],
    "D": [
      0.0,
      19.900654503096177,
      25.16993123386594,
      26.424859570053886,
      26.018353938238683,
      24.685037304459236,
      21.650434765286672,
      16.479863802758427,
      10.830895839019709
    ]
  },
  "elapsed_s": 774.5135025978088,
  "failed": false
}