{
  "seed": 75,
  "best_x": [
    0.2819318858883054,
    0.30397523098881407,
    5.955799912759664,
    5.350663394307226,
    5.580852105556266,
    226.48648661100458,
    2.115638761076692,
    118.61477333616122,
    9.268241984516948,
    1.9907739875407584,
    3.545570915779768,
    28.996673083020127,
    27.843841976632497,
    3.2685189682069993,
    5.483872896875106,
    0.22977931784045474,
    9.946251302051706,
    104.68513352256355,
    2.586078329487094,
    1.341676901290417,
    48.47106160455087,
    545.7458111324868,
    15.059818839729857,
    3.5523496499506653,
    4.944495224009604,
    0.42365621471574166
  ],
  "best_cost": 0.8241714936141203,
  "decomp_synth": {
    "total": 0.8241714936141203,
    "failed": false,
    "g1_total": 0.6024424629681198,
    "g2_total": 0.22122749624321963,
    "g1_per_observable": {
      "recalc": 0.12159628841894775,
      "thrombin": 0.07613655217967653,
      "fib": 0.12239043736901538,
      "xiii": 0.1217066377928913,
      "AP": 0.07967710466771706,
      "D": 0.08093544253987167
    },
    "g2_per_observable": {
      "recalc": 0.013552749697987383,
      "thrombin": 0.016694588741415647,
      "fib": 0.055717230749835735,
      "xiii": 0.04741635340249763,
      "AP": 0.020204546408720776,
      "D": 0.06764202724276247
    },
    "constraint": 0.00025076720139044706,
    "constraint_weighted": 0.0005015344027808941,
    "saturation_penalty": 0.0,
    "w_group": [
      1.0,
      1.0
    ]
  },
  "g1_predictions": {
    "recalc": [
      0.0,
      -28.670568863832454,
      -17.0906748580398,
      11.11362783924902,
      29.112774835706794,
      35.4530687752042,
      39.20627042514981,
      50.92478537097315,
      79.41908596888477,
      116.28108298092098,
      140.42767425863607,
      147.31461461922407,
      134.5042802894734,
      107.14004192018021,
      73.66561347245116,
      2.7002235009063957
    ],
    "thrombin": [
      0.0,
      -4.99465683785117,
      -3.917471302870359,
      -1.003567980236515,
      1.1011592963991896,
      2.1577171383652027,
      2.866225748788632,
      4.077513978526709,
      6.447709973564726,
      9.304782123606174,
      11.140271744291322,
      11.657189868237696,
      10.69014016518692,
      8.61627080018218,
      6.064184797925192,
      0.4019524725342646
    ],
    "fib": [
      0.0,
      16.06207299097524,
      15.401432922563638,
      -0.6366792815203777,
      -11.813056861652017,
      -14.8682986527778,
      -14.420482333053776,
      -16.346877684983603,
      -28.215637332754007,
      -48.42150965145742,
      -62.488369109985086,
      -66.55488176376146,
      -58.84567439518666,
      -43.00117880349976,
      -24.346656479199336,
      5.44315525694979
    ],
    "xiii": [
      0.0,
      22.83289234616619,
      45.49196678813417,
      37.216470379254766,
      22.9242880426387,
      6.710631012147663,
      -2.0178093290203165,
      -2.538723455765602,
      -8.792809506787147,
      -41.663873383906676,
      -64.77744066959363,
      -75.64382922077176,
      -73.08035176436175,
      -74.44449787936041,
      -53.25934716139755,
      10.297443985846197
    ],
    "AP": [
      0.0,
      0.11572262390217211,
      0.2940831820267783,
      0.38320836010496206,
      0.4035064216040266,
      0.3979814501136188,
      0.40672362741702767,
      0.4641023590615348,
      0.5648403445268351,
      0.6485115694225312,
      0.6884292525271758,
      0.6874980123644093,
      0.6434534593132099,
      0.5610512714257097,
      0.4562926875326706,
      0.10855947860500181
    ],
    "D": [
      0.0,
      13.740785574238762,
      28.710769907325727,
      35.22572202004927,
      36.25993165585054,
      35.66666226157231,
      37.01292870770626,
      43.134810493563194,
      52.50465084582018,
      59.23554057407333,
      62.22720111951763,
      61.36477134100319,
      56.756228617833905,
      48.73467193303023,
      39.212002903266736,
      9.199630008206707
    ]
  },
  "g2_predictions": {
    "recalc": [
      0.0,
      -28.289023729434554,
      -19.742913827341035,
      -4.141048842399183,
      5.109113815099441,
      8.307548518200427,
      7.4411485770272705,
      4.187806763925899,
      0.9728943119313094
    ],
    "thrombin": [
      0.0,
      -4.934842216914536,
      -4.200859039088465,
      -2.2748870435692536,
      -0.8304389289830647,
      -0.028985370898158225,
      0.25822819901482985,
      0.19270313686510931,
      0.01936227932839296
    ],
    "fib": [
      0.0,
      17.154054190254033,
      13.406557417931248,
      3.032818947939692,
      -3.1299788354274014,
      -5.144600846345423,
      -5.117799249326911,
      -4.668612622405307,
      -4.722678534106933
    ],
    "xiii": [
      0.0,
      16.017180356344735,
      16.708165507917993,
      2.080051411680379,
      -8.665916852232948,
      -10.88270448934711,
      -7.949084901397489,
      -3.458769063449589,
      0.42881693151546185
    ],
    "AP": [
      0.0,
      0.13257712066118116,
      0.2445627772049723,
      0.2815941887615568,
      0.2787911685043017,
      0.2557794847498005,
      0.21520547944250823,
      0.15800584002824888,
      0.09814881159484266
    ],
    "D": [
      0.0,
      14.586180020345793,
      23.13258153737726,
      25.486890106799603,
      24.788233237011646,
      22.45034937844168,
      18.5029005714731,
      13.15350680995846,
      7.893977933270124
    ]
  },
  "elapsed_s": 889.2125904560089,
  "failed": false
}