{
  "seed": 4,
  "best_x": [
    0.3048076580381165,
    0.32792928214574446,
    6.164952357648177,
    5.567177141788864,
    1.5259783285506412,
    347.4185067710831,
    3.9294894317195146,
    152.49792706935392,
    9.361606369513705,
    1.9118787739445828,
    3.021649593723496,
    32.728578927377114,
    32.60306163032767,
    4.401105608109775,
    5.548249946496091,
    0.26379282084007405,
    13.087810192468854,
    128.5688742403977,
    3.7052909068865656,
    4.979882715633433,
    64.75516388689971,
    599.8723191579588,
    19.964623973051005,
    3.1649445666765814,
    4.504958095913816,
    0.4306859763297498
  ],
  "best_cost": 0.8902715244488079,
  "decomp_synth": {
    "total": 0.8902715244488079,
    "failed": false,
    "g1_total": 0.6793094296041695,
    "g2_total": 0.2087063016717029,
    "g1_per_observable": {
      "recalc": 0.1530059823047568,
      "thrombin": 0.10866453685535736,
      "fib": 0.12050833755775796,
      "xiii": 0.09469766488751473,
      "AP": 0.1130836519739408,
      "D": 0.08934925602484191
    },
    "g2_per_observable": {
      "recalc": 0.006543334173947194,
      "thrombin": 0.01983736035135454,
      "fib": 0.06601917843583925,
      "xiii": 0.04712080324900172,
      "AP": 0.022137578888023167,
      "D": 0.047048046573537006
    },
    "constraint": 0.0011278965864677114,
    "constraint_weighted": 0.002255793172935423,
    "saturation_penalty": 0.0,
    "w_group": [
      1.0,
      1.0
    ]
  },
  "g1_predictions": {
    "recalc": [
      0.0,
      -31.561236371944364,
      -12.473951193354985,
      19.30038826008103,
      34.666102778047374,
      37.049586563208365,
      37.40836051400437,
      47.19288417421306,
      76.65578253044575,
      116.41178835992133,
      142.46156970370694,
      148.63279724414303,
      131.92373409680843,
      99.53104153046367,
      63.02437095762984,
      0.7380363489333774
    ],
    "thrombin": [
      0.0,
      -4.985759331644347,
      -3.5717265993663987,
      -0.7117141806009797,
      1.066396148266116,
      1.8215742425542851,
      2.2716601896862723,
      3.2253926596484783,
      5.3592675849993485,
      8.026453419416237,
      9.741584979331089,
      10.150180203708793,
      9.079469300919984,
      6.980571994750726,
      4.588423899073573,
      0.21578125358153283
    ],
    "fib": [
      0.0,
      21.52572696564349,
      17.69461533276182,
      -1.1952782727301656,
      -11.14893019004981,
      -12.272167172218513,
      -10.533716345946862,
      -11.84457858316011,
      -24.311224931999178,
      -46.44567611600185,
      -61.8563396999194,
      -65.41796614987966,
      -54.75565948412567,
      -35.203599413775265,
      -14.51966883422326,
      6.8613529419631725
    ],
    "xiii": [
      0.0,
      30.141265153645215,
      53.506106598984346,
      38.73729932236706,
      24.11830310589159,
      9.413492997781029,
      2.134167202604788,
      3.0544094716666144,
      -2.421443986705687,
      -35.32129069396464,
      -56.8648786339434,
      -65.39947130060663,
      -58.9169413346282,
      -57.46601781183576,
      -35.53327819251073,
      13.012661944642904
    ],
    "AP": [
      0.0,
      0.12431295819750915,
      0.3082935142093265,
      0.39419142122652934,
      0.4068379789793888,
      0.38902893310572245,
      0.3805949288992969,
      0.4219640106362075,
      0.5197739084293999,
      0.6109934511098375,
      0.6578076020907833,
      0.6591913125036287,
      0.6132607718887138,
      0.5267987066562732,
      0.4190679084101946,
      0.08798395041132712
    ],
    "D": [
      0.0,
      14.637841332029883,
      30.0556954475442,
      36.27488892147815,
      36.58953077676607,
      34.80442194222621,
      34.528041375743044,
      39.317172433986144,
      48.71155820720063,
      56.24979196065255,
      59.848406718281666,
      59.14013938994167,
      54.3093190202753,
      45.89285228060505,
      36.09688885370497,
      7.477959512432121
    ]
  },
  "g2_predictions": {
    "recalc": [
      0.0,
      -31.13983033359603,
      -20.31427116789342,
      -4.526601751669315,
      4.284702952749743,
      7.246912178801789,
      5.968389983006755,
      2.3128464624536136,
      -0.6613690170389273
    ],
    "thrombin": [
      0.0,
      -4.953792133294567,
      -4.17524093083264,
      -2.370138964808736,
      -1.0135406769402804,
      -0.23197653185272626,
      0.05751711514651081,
      0.012371655740767373,
      -0.1059571648088723
    ],
    "fib": [
      0.0,
      21.518880222648917,
      17.38274007325854,
      6.946982296945816,
      1.029464322161875,
      -1.0104628395628108,
      -1.1253104012385027,
      -1.1238515936434297,
      -2.219092378503362
    ],
    "xiii": [
      0.0,
      20.829139795140957,
      20.759017361431617,
      3.831344425861483,
      -7.571881914838621,
      -9.80728592056167,
      -6.297841609607626,
      -0.9740424027672615,
      3.0777825652852444
    ],
    "AP": [
      0.0,
      0.1277461641360102,
      0.23993547007931365,
      0.27634720524134593,
      0.2743302626953854,
      0.25227308967471684,
      0.21187836378985517,
      0.1543254510738753,
      0.09452636196859429
    ],
    "D": [
      0.0,
      14.133276328811187,
      22.77064405144045,
      25.14170161928792,
      24.542268027945045,
      22.280305288251352,
      18.32651945882564,
      12.925190420626953,
      7.6519606415678005
    ]
  },
  "elapsed_s": 636.7274174690247,
  "failed": false
}