{
  "seed": 6,
  "best_x": [
    0.2454413773020948,
    0.22685726330846073,
    11.50610110125847,
    10.448892154597061,
    5.681367795653344,
    437.2931073297839,
    9.998799292638767,
    995.5493908672735,
    9.136843464524517,
    1.9232783248951333,
    2.6760790246462247,
    35.99534102043776,
    37.3798940423703,
    9.116074453439435,
    6.197483560428476,
    0.5396146997919051,
    9.871855099032,
    111.09956281015224,
    6.313995757943525,
    1.1809109654400334,
    47.284365097849935,
    599.8526860190798,
    40.11397328535135,
    2.3241336405568807,
    4.557511180760605,
    0.44039245049330167
  ],
  "best_cost": 0.8744039249942548,
  "decomp_synth": {
    "total": 0.8744039249942548,
    "failed": false,
    "g1_total": 0.6557081561708644,
    "g2_total": 0.21842091260062768,
    "g1_per_observable": {
      "recalc": 0.1525142620997011,
      "thrombin": 0.10928094267036349,
      "fib": 0.13536583229639637,
      "xiii": 0.08316788694419523,
      "AP": 0.08425921685972972,
      "D": 0.09112001530047854
    },
    "g2_per_observable": {
      "recalc": 0.01615543072668753,
      "thrombin": 0.026922398089846502,
      "fib": 0.04998483371316906,
      "xiii": 0.03572540839950886,
      "AP": 0.02078822864005753,
      "D": 0.06884461303135818
    },
    "constraint": 0.0001374281113813529,
    "constraint_weighted": 0.0002748562227627058,
    "saturation_penalty": 0.0,
    "w_group": [
      1.0,
      1.0
    ]
  },
  "g1_predictions": {
    "recalc": [
      0.0,
      -33.768856433458566,
      -15.583424606503595,
      13.635672426138548,
      30.857200979011296,
      37.821752535549685,
      43.21122033977376,
      57.32723046760742,
      87.31852735394554,
      121.36820732730463,
      141.92414524126363,
      144.03085730381684,
      126.50193709119709,
      96.6905714608751,
      65.37972836456919,
      3.5639961640822495
    ],
    "thrombin": [
      0.0,
      -5.520135715405897,
      -4.176631346957676,
      -1.35701117021897,
      0.6672945738892975,
      1.813380176966171,
      2.648848960072473,
      3.90332304339302,
      6.065114256719592,
      8.370195062309095,
      9.745071554461434,
      9.908117409303026,
      8.80097776976087,
      6.885881564606181,
      4.845548004625263,
      0.5367690206718106
    ],
    "fib": [
      0.0,
      15.818347782796938,
      11.73924168311665,
      -1.142096021092085,
      -8.684394591022567,
      -10.723134926045919,
      -11.163565250573242,
      -14.711376510779193,
      -26.04646992753556,
      -41.17743355316105,
      -50.429109963651996,
      -50.64176743929656,
      -40.96865627553821,
      -25.710253051231817,
      -10.758147724712028,
      8.846301444311818
    ],
    "xiii": [
      0.0,
      29.48997169143716,
      54.75909278447634,
      43.066423789481554,
      29.42041307336425,
      11.444816670623652,
      -2.6317468381215656,
      -8.124117116362564,
      -18.448117730552156,
      -50.398667731131525,
      -64.9867799539941,
      -65.81728074046922,
      -55.478397275406195,
      -56.00251096757197,
      -40.15303392960154,
      22.798813294896974
    ],
    "AP": [
      0.0,
      0.11865347638836685,
      0.2852292292458419,
      0.37421745997522254,
      0.40180257075663145,
      0.40183165778259466,
      0.4071610490202965,
      0.4496965642168007,
      0.5337701114907925,
      0.6102915505002267,
      0.6498245337110478,
      0.6487038286626529,
      0.6067459101490342,
      0.5328004910111711,
      0.4449854270401204,
      0.14744468079660727
    ],
    "D": [
      0.0,
      12.408267519026559,
      27.029046141278855,
      34.44145368636284,
      36.56117303496338,
      36.464180788497565,
      37.13692202354077,
      41.421423265967206,
      49.273960991632634,
      55.90744458259498,
      59.20435697659314,
      58.7091509603297,
      54.59029756852999,
      47.64060224552475,
      39.65073387189891,
      13.099251860784205
    ]
  },
  "g2_predictions": {
    "recalc": [
      0.0,
      -33.19078026243565,
      -21.351182099760692,
      -5.120009857762675,
      3.781874430630136,
      6.58488778041356,
      5.058975758667643,
      1.3554704525506658,
      -1.404788297086255
    ],
    "thrombin": [
      0.0,
      -5.4657529036933115,
      -4.609805807695449,
      -2.663908203720511,
      -1.1948230469542562,
      -0.344665183258843,
      -0.018736373839583376,
      -0.03648226906979002,
      -0.12891745823619477
    ],
    "fib": [
      0.0,
      16.195161077417257,
      12.2002652676007,
      4.2733886237558725,
      0.07760676430081048,
      -0.988401926018085,
      -0.49738251420181356,
      -0.07554767235606619,
      -0.8775201629208933
    ],
    "xiii": [
      0.0,
      19.042232062043016,
      16.799534548411792,
      -3.1913462670186963,
      -16.09791013072498,
      -17.284167731305175,
      -10.995162370294635,
      -2.4686746557957746,
      4.05454907040601
    ],
    "AP": [
      0.0,
      0.12776664518259145,
      0.24375906530061167,
      0.28532985503252273,
      0.2845555768387672,
      0.262172392021361,
      0.22222016668351222,
      0.16649555138277533,
      0.10796278799321822
    ],
    "D": [
      0.0,
      12.968652727424379,
      22.787992665578876,
      26.03819712696413,
      25.71698760057534,
      23.53717786739286,
      19.75836524804707,
      14.596276882310544,
      9.33131805428659
    ]
  },
  "elapsed_s": 871.4450070858002,
  "failed": false
}