{
  "seed": 20,
  "best_x": [
    0.2238134817689874,
    0.2510748490514406,
    17.56677811923928,
    16.68146144353154,
    15.837615166050632,
    132.17669507021304,
    4.005194762325191,
    998.5864878820464,
    9.073186733296025,
    1.741895399203269,
    4.496232605944821,
    28.338092513456594,
    34.54715029103656,
    10.717039163982015,
    5.488970704373354,
    0.6503076006053723,
    7.594812246027214,
    88.99726461114705,
    7.9990545111495575,
    0.2821389559850296,
    39.115887154156866,
    509.37248311237124,
    44.66173250434224,
    2.1689088119773556,
    4.910119055060971,
    0.41672219289350393
  ],
  "best_cost": 1.0085970916560847,
  "decomp_synth": {
    "total": 1.0085970916560847,
    "failed": false,
    "g1_total": 0.7489442649191954,
    "g2_total": 0.25935400184379775,
    "g1_per_observable": {
      "recalc": 0.10685459223680632,
      "thrombin": 0.109751887285653,
      "fib": 0.2278796302479131,
      "xiii": 0.10341711240466879,
      "AP": 0.10741417532814458,
      "D": 0.09362686741600972
    },
    "g2_per_observable": {
      "recalc": 0.026464670249656486,
      "thrombin": 0.020488354694537275,
      "fib": 0.07419562265955311,
      "xiii": 0.03998016403133171,
      "AP": 0.019271032384031217,
      "D": 0.07895415782468794
    },
    "constraint": 0.0001494124465457268,
    "constraint_weighted": 0.0002988248930914536,
    "saturation_penalty": 0.0,
    "w_group": [
      1.0,
      1.0
    ]
  },
  "g1_predictions": {
    "recalc": [
      0.0,
      -27.94293720153955,
      -18.146058408312452,
      2.3824980997113983,
      15.383870264463717,
      20.887066175986764,
      26.05444188299463,
      41.73610243488914,
      76.78487474741289,
      115.19540698257413,
      135.14797296251513,
      134.69119755356022,
      114.88554344055174,
      84.2529286436349,
      53.8535386107438,
      1.688910421959645
    ],
    "thrombin": [
      0.0,
      -4.974201126086257,
      -4.173609654161032,
      -1.9456514841344292,
      -0.2406959059778795,
      0.7697687547489698,
      1.5848747968551715,
      2.9945508918214494,
      5.559964746114025,
      8.185518131898355,
      9.53154953405221,
      9.510549428915214,
      8.208191850294671,
      6.172947366576851,
      4.128260296888595,
      0.35415022382425476
    ],
    "fib": [
      0.0,
      12.68841670896672,
      10.560005010778402,
      0.5192830661710381,
      -5.768818744006534,
      -7.494692961920668,
      -8.00445302256939,
      -12.955804759403179,
      -29.8031389802481,
      -51.55190582202816,
      -63.19942465697538,
      -62.86768086499598,
      -51.010610647074465,
      -33.21756521218512,
      -16.26187883708428,
      5.508335004149675
    ],
    "xiii": [
      0.0,
      25.567010765937617,
      52.843416270107575,
      49.39111639254785,
      39.512209396462296,
      24.891350071722854,
      13.582689184597882,
      8.799010134659119,
      -4.871242089333735,
      -44.54513756321588,
      -65.87865267713357,
      -68.1523254100382,
      -57.089659925621696,
      -53.33667752591869,
      -35.75398121787167,
      18.83361587588449
    ],
    "AP": [
      0.0,
      0.10898709897908405,
      0.25220488387383827,
      0.32588843727637173,
      0.3455361840094652,
      0.3438290565343846,
      0.3599512637026281,
      0.4348857310838304,
      0.5555033622617345,
      0.6429739076166607,
      0.6762978428345181,
      0.6614529231240348,
      0.6031827891464767,
      0.5131830288235124,
      0.41448752478705786,
      0.12024772087881037
    ],
    "D": [
      0.0,
      11.285423882355262,
      24.573694854565833,
      31.183791219422908,
      32.830792980464345,
      32.64788847469525,
      34.40483146586439,
      41.91007593727436,
      53.42388023910035,
      61.37069632254581,
      64.28578915073146,
      62.59290336750887,
      56.84886442178922,
      48.16512831545367,
      38.81869937491682,
      11.246903339758896
    ]
  },
  "g2_predictions": {
    "recalc": [
      0.0,
      -27.45570845453962,
      -19.086405289679483,
      -4.1810811117556135,
      4.77109272694338,
      6.988938034325777,
      4.437070674602516,
      0.4498830025560654,
      -1.6431386538928443
    ],
    "thrombin": [
      0.0,
      -4.908424282104191,
      -4.267957586431174,
      -2.4379200190861985,
      -1.0129841248481402,
      -0.253846466079408,
      -0.05025547472848957,
      -0.1337160922029299,
      -0.20336180342327206
    ],
    "fib": [
      0.0,
      13.417132635776616,
      10.137357907358862,
      2.583358448419835,
      -1.7167668300141994,
      -2.5576175760546764,
      -1.6211585114367537,
      -0.9269696212846474,
      -1.5498656932843575
    ],
    "xiii": [
      0.0,
      17.607948901961596,
      19.686426273723907,
      2.272271721195982,
      -12.587560124566787,
      -15.859674940323783,
      -10.128286507408353,
      -1.8897274685106136,
      3.3981154718061752
    ],
    "AP": [
      0.0,
      0.12626118939961078,
      0.23441752164074506,
      0.28105164318488335,
      0.28433007720148795,
      0.2578305500533186,
      0.20568383631091727,
      0.13768391812740954,
      0.07640910155585494
    ],
    "D": [
      0.0,
      12.796707538652342,
      22.697968362121266,
      26.806745018039475,
      26.91843443302971,
      24.254622626043915,
      19.175475809674563,
      12.683309229298729,
      6.962861448760564
    ]
  },
  "elapsed_s": 689.9158623218536,
  "failed": false
}