{
  "seed": 25,
  "best_x": [
    1.1039933620737765,
    3.5450642067197604,
    6.992623101962449,
    6.188044751286522,
    2.022557735626841,
    144.50191278896375,
    3.092669013066942,
    998.9988780016891,
    9.949592369679687,
    2.7342572742173425,
    8.575830505750162,
    38.10730200033038,
    41.584400350164756,
    8.670774889860741,
    5.981131951562668,
    0.42049434292287813,
    7.8806160042366455,
    83.80571384084834,
    4.571008161406533,
    2.7604434077083746,
    43.40642171675238,
    596.8118565333674,
    34.45832061329999,
    2.2410128482066867,
    3.2653530321310136,
    0.4084257403943259
  ],
  "best_cost": 0.9904316064619121,
  "decomp_synth": {
    "total": 0.9904316064619121,
    "failed": false,
    "g1_total": 0.7113353223291667,
    "g2_total": 0.27874837588250434,
    "g1_per_observable": {
      "recalc": 0.13629619934794082,
      "thrombin": 0.08070181659447524,
      "fib": 0.13053407675752632,
      "xiii": 0.10708684877407944,
      "AP": 0.12962662092209837,
      "D": 0.1270897599330465
    },
    "g2_per_observable": {
      "recalc": 0.01498488664752731,
      "thrombin": 0.016375353036505808,
      "fib": 0.03858128176618858,
      "xiii": 0.04725728908162361,
      "AP": 0.05839700249918535,
      "D": 0.1031525628514737
    },
    "constraint": 0.00017395412512047549,
    "constraint_weighted": 0.00034790825024095097,
    "saturation_penalty": 0.0,
    "w_group": [
      1.0,
      1.0
    ]
  },
  "g1_predictions": {
    "recalc": [
      0.0,
      -35.0063052501265,
      -19.26482247275001,
      -8.00557843994373,
      2.6447845261042247,
      19.182880476607586,
      41.13244049528579,
      72.2690134957399,
      109.58701132416607,
      137.91118394372347,
      155.73811429445072,
      162.22887334976542,
      151.58262269935153,
      121.07416748854753,
      80.06882258788404,
      -0.41576058789717085
    ],
    "thrombin": [
      0.0,
      -5.13234438157882,
      -4.317367301631367,
      -2.865686849751241,
      -1.3457416523219439,
      0.31112315482091346,
      2.0373501277071644,
      4.065273441067073,
      6.250956710096505,
      7.838494774458055,
      8.8394557978055,
      9.194631677424058,
      8.63773041437583,
      6.996243142708015,
      4.801409022862918,
      0.02468973520578156
    ],
    "fib": [
      0.0,
      16.646644593170038,
      8.381220124562438,
      2.1238928221454714,
      -0.5158747638180525,
      -3.6288628862124988,
      -8.309491236785183,
      -16.817266093977885,
      -29.330405206107997,
      -39.84853017371974,
      -45.92201490739641,
      -48.26353444386501,
      -43.70412148272199,
      -32.24419342328399,
      -16.564472859709248,
      0.5700613587878538
    ],
    "xiii": [
      0.0,
      43.7598794099122,
      63.20661964035049,
      55.329815923936245,
      53.9523972003019,
      41.858221432154515,
      19.78647180681132,
      -0.6766143608230186,
      -21.125255453958665,
      -51.23889631356683,
      -57.02850369359483,
      -59.740744702405486,
      -59.22739447736693,
      -72.87522934191318,
      -55.57828857551169,
      7.934706582050206
    ],
    "AP": [
      0.0,
      0.20369009274147598,
      0.2804381574978375,
      0.2794275607484874,
      0.30134341685473864,
      0.35544886392303676,
      0.4292776460646969,
      0.5224332490783458,
      0.6078162043152481,
      0.6533089507058043,
      0.6853726709853567,
      0.6848349907333865,
      0.6529572962525303,
      0.5660101815907096,
      0.460016372340609,
      0.022463483938803114
    ],
    "D": [
      0.0,
      20.61461719172803,
      24.987790985283116,
      24.73969430712582,
      27.350493843438862,
      32.31432955608722,
      39.11524787117812,
      47.55059095636742,
      54.828779716432926,
      58.22497704558135,
      60.98724976719685,
      60.38085366376087,
      57.12240312010394,
      48.46074282789163,
      39.12221135739792,
      1.64249139479331
    ]
  },
  "g2_predictions": {
    "recalc": [
      0.0,
      -30.65003780403646,
      -20.812795602365654,
      -7.500692301196459,
      1.0836680848633442,
      6.001972162738603,
      7.591934004962013,
      5.679617520750188,
      2.2641697533363185
    ],
    "thrombin": [
      0.0,
      -4.891058494784063,
      -4.407796297696627,
      -2.8312558274806188,
      -1.470414168467369,
      -0.5117667293862944,
      0.030791186553959182,
      0.18338052399548643,
      0.11939874533609945
    ],
    "fib": [
      0.0,
      15.272082274189092,
      8.725776575193773,
      2.162047958741949,
      -1.1957895142840105,
      -2.3167330997061804,
      -2.2884837957160524,
      -1.738917459143794,
      -1.1947472373285164
    ],
    "xiii": [
      0.0,
      21.203141982760098,
      13.985569671110598,
      -1.4631725192993987,
      -11.405811567945685,
      -13.878754760246586,
      -11.81335711976589,
      -7.122051115357124,
      -0.8088911822371614
    ],
    "AP": [
      0.0,
      0.21857913055501596,
      0.27282203685575274,
      0.2843596122762315,
      0.27706304590611674,
      0.26437056700326383,
      0.24085109437490004,
      0.19882844102604752,
      0.1482080180446439
    ],
    "D": [
      0.0,
      20.426914727309615,
      24.675815534131416,
      25.11490158857881,
      24.30919207160261,
      23.13293679311001,
      20.868463516917643,
      16.894330274383588,
      12.369634173879403
    ]
  },
  "elapsed_s": 847.1447212696075,
  "failed": false
}