{
  "seed": 86,
  "best_x": [
    0.24815386723156352,
    0.2640522560969939,
    4.1228404930961355,
    3.521460647951386,
    35.374571724031284,
    230.26082009343853,
    4.557124253173367,
    300.38792084906964,
    9.312552839198997,
    1.842851022552627,
    3.208696672991578,
    29.880709536745606,
    34.51681450863987,
    6.507397995660749,
    5.268582634544666,
    0.44273211889107383,
    11.463518265774532,
    123.69335944371461,
    5.1702008867893845,
    0.2609963034259348,
    49.757848873075176,
    599.8965034039923,
    34.098631195184424,
    2.840677363432511,
    4.981235440034686,
    0.40534495192297226
  ],
  "best_cost": 0.9004943665084013,
  "decomp_synth": {
    "total": 0.9004943665084013,
    "failed": false,
    "g1_total": 0.671724552676959,
    "g2_total": 0.22827479614842305,
    "g1_per_observable": {
      "recalc": 0.14266591204087628,
      "thrombin": 0.09780936509552157,
      "fib": 0.13184799061279392,
      "xiii": 0.11076772738413039,
      "AP": 0.09158659900029781,
      "D": 0.09704695854333896
    },
    "g2_per_observable": {
      "recalc": 0.015595550611049093,
      "thrombin": 0.018239040355512486,
      "fib": 0.07140079466459456,
      "xiii": 0.03721957572089556,
      "AP": 0.020176838081097898,
      "D": 0.06564299671527342
    },
    "constraint": 0.00024750884150967413,
    "constraint_weighted": 0.0004950176830193483,
    "saturation_penalty": 0.0,
    "w_group": [
      1.0,
      1.0
    ]
  },
  "g1_predictions": {
    "recalc": [
      0.0,
      -29.574374788230372,
      -19.35505951945251,
      6.794482998607592,
      23.653873159093013,
      29.309478224684973,
      31.268081952326543,
      39.33123469763174,
      63.905576294553505,
      101.11665731986191,
      129.1598103676592,
      138.84464034573548,
      126.57871638422785,
      98.84684679077844,
      66.18768198940106,
      2.0556376436196784
    ],
    "thrombin": [
      0.0,
      -4.801282271218853,
      -3.7756188754868916,
      -1.0444479557847126,
      0.9273520240730542,
      1.8835220068688077,
      2.4071073230614415,
      3.302133102148445,
      5.363657677638582,
      8.236111896853851,
      10.341142028151385,
      11.057585940621113,
      10.147176274946668,
      8.080207761017025,
      5.62174706018807,
      0.45454532568800016
    ],
    "fib": [
      0.0,
      16.095869418909643,
      17.230590262794763,
      4.1876444061771245,
      -5.341350102543995,
      -8.038413324769774,
      -7.195322978533003,
      -7.082210330391808,
      -14.461220973052638,
      -31.567723010484656,
      -45.99251503926334,
      -50.89811044795571,
      -43.54844901179111,
      -28.106193107724163,
      -11.079130639309197,
      9.563984536874866
    ],
    "xiii": [
      0.0,
      24.356025372156246,
      51.32998397642883,
      42.92343477931272,
      28.2026822003892,
      10.639427680434963,
      0.8887661347746378,
      1.5087659799368158,
      -2.8974311340547336,
      -36.77640981483242,
      -63.1502676439488,
      -77.07701287545669,
      -74.90714753454755,
      -76.87836983905719,
      -54.89752611724415,
      17.57342269027708
    ],
    "AP": [
      0.0,
      0.09422961113255142,
      0.2693195325768666,
      0.3721496889012621,
      0.4035783467804451,
      0.3982929553898968,
      0.3935301346935766,
      0.431022512304093,
      0.5290087473115216,
      0.6333911959812977,
      0.6933995652953983,
      0.7040691396038463,
      0.6638562143811815,
      0.5826502355206259,
      0.47944723966592406,
      0.13415373818255086
    ],
    "D": [
      0.0,
      12.37263095036543,
      26.553370674731525,
      33.28805449633761,
      34.6422748837924,
      33.73581053310288,
      33.83245643575788,
      38.5189593878869,
      47.99899624841771,
      56.10186244666756,
      60.14519681706438,
      59.73773760417394,
      55.20588608354073,
      47.396954748934924,
      38.4201824588602,
      10.600217879585172
    ]
  },
  "g2_predictions": {
    "recalc": [
      0.0,
      -29.38280322200388,
      -21.889740288090554,
      -6.743053557072653,
      2.0817281982722093,
      4.648691207592371,
      3.179872867209145,
      0.16794953685418434,
      -1.7072465080106256
    ],
    "thrombin": [
      0.0,
      -4.756159579564472,
      -4.036089744146644,
      -2.1755182601540985,
      -0.8194553973377812,
      -0.12158860828634976,
      0.07001946157447714,
      -0.022215514059109154,
      -0.13258796338661435
    ],
    "fib": [
      0.0,
      17.260066900948623,
      15.635641995769607,
      6.331407130499681,
      0.3541899462132676,
      -1.8633384842509386,
      -2.346868611239529,
      -3.0173437962376717,
      -4.648003104278761
    ],
    "xiii": [
      0.0,
      17.703638994700405,
      19.37374921467444,
      1.2146899605455714,
      -11.982311818532619,
      -13.610226606055308,
      -8.044472680696416,
      -1.01603858016286,
      3.584535878611613
    ],
    "AP": [
      0.0,
      0.1078940852854565,
      0.23183660002714793,
      0.28270792712957243,
      0.28471137666990043,
      0.25891513940219313,
      0.2120838229974721,
      0.15003187522316205,
      0.08944032649408251
    ],
    "D": [
      0.0,
      13.007697965922006,
      21.878816498626083,
      24.655355795356844,
      23.96697200228645,
      21.225334198893357,
      16.75630564511885,
      11.24015977504159,
      6.340164644316997
    ]
  },
  "elapsed_s": 674.5874176025391,
  "failed": false
}