{
  "seed": 78,
  "best_x": [
    0.22025466881440628,
    0.198873477786577,
    17.33294872394099,
    15.522234193810107,
    2.786269298140326,
    93.49559325825246,
    2.1432206346774394,
    81.94746329674693,
    8.737667440784266,
    1.7756112569487854,
    3.6676211844501574,
    32.85929714452277,
    35.73014762139782,
    9.11397706273692,
    5.1294347599119465,
    0.5123481207170002,
    7.53231608687162,
    84.10622671550115,
    4.931956447041303,
    1.608054241257093,
    37.100104862523835,
    490.7172959165199,
    30.430238904510126,
    2.5649270245977642,
    5.378624859576376,
    0.3737654094624716
  ],
  "best_cost": 0.8114683526128882,
  "decomp_synth": {
    "total": 0.8114683526128882,
    "failed": false,
    "g1_total": 0.5477972269257407,
    "g2_total": 0.2636276187791619,
    "g1_per_observable": {
      "recalc": 0.108978860897863,
      "thrombin": 0.06784086955602232,
      "fib": 0.10973932432822568,
      "xiii": 0.0912494866509349,
      "AP": 0.09718758866048834,
      "D": 0.07280109683220648
    },
    "g2_per_observable": {
      "recalc": 0.013027254042613332,
      "thrombin": 0.022180880471336175,
      "fib": 0.07680222985189829,
      "xiii": 0.034392603459008735,
      "AP": 0.027799808152323146,
      "D": 0.08942484280198224
    },
    "constraint": 2.1753453992732934e-05,
    "constraint_weighted": 4.350690798546587e-05,
    "saturation_penalty": 0.0,
    "w_group": [
      1.0,
      1.0
    ]
  },
  "g1_predictions": {
    "recalc": [
      0.0,
      -32.830668908488164,
      -22.478103072852985,
      5.668529121898075,
      27.213928878404378,
      38.77555236245562,
      48.49461700640056,
      68.64749330216279,
      107.42423777733205,
      149.2180241509798,
      170.73849397121216,
      169.52358795421557,
      147.50340704960462,
      114.28439775428181,
      80.64588846602376,
      8.039851205304611
    ],
    "thrombin": [
      0.0,
      -4.668331086319022,
      -3.850761045918896,
      -1.3697294533298718,
      0.6696006362658622,
      1.9359436650063118,
      2.9469614722379323,
      4.49349450955439,
      7.045568595741756,
      9.636456441779083,
      10.949424910995537,
      10.872622995877727,
      9.534543148552242,
      7.508563087123236,
      5.444343418824182,
      0.7944107678202454
    ],
    "fib": [
      0.0,
      13.23094573188148,
      14.072319880471131,
      4.469615703246026,
      -3.6455706490832185,
      -7.228980065058229,
      -8.719432325276387,
      -12.984562902876656,
      -25.654983936604115,
      -42.3193938047899,
      -51.39234809972461,
      -51.173466404394944,
      -42.354414194080974,
      -29.224549601724213,
      -16.298820096540823,
      5.869599778283021
    ],
    "xiii": [
      0.0,
      23.538599721416265,
      51.06902481125074,
      49.714326615480346,
      38.14404677211935,
      19.578868920026938,
      5.148177536813175,
      -0.3656976504076336,
      -10.537824246394436,
      -44.83023344789977,
      -64.08960222657623,
      -65.92911485305679,
      -56.680138874550565,
      -56.79164588608096,
      -43.52496178841235,
      15.579563374568803
    ],
    "AP": [
      0.0,
      0.11504490329652288,
      0.2731359221887009,
      0.3617153165320223,
      0.3947569364474386,
      0.4068010749362518,
      0.4353570270607271,
      0.5107847588961948,
      0.615544814386212,
      0.6874270833575473,
      0.7104207314692944,
      0.6897837061325391,
      0.6305346226996116,
      0.546307387283909,
      0.457108994692695,
      0.1706676090962391
    ],
    "D": [
      0.0,
      11.323611510405975,
      25.183244762608037,
      32.71333933378954,
      35.447565964334046,
      36.508831404393355,
      39.26523249308505,
      46.3112494610241,
      55.69746825391022,
      61.80983394449541,
      63.63713940513698,
      61.529918427227656,
      56.04123307732225,
      48.40079946433388,
      40.440854114784386,
      15.088170979438129
    ]
  },
  "g2_predictions": {
    "recalc": [
      0.0,
      -32.11355233625046,
      -19.466598192804646,
      0.9642137994784505,
      10.729000369149627,
      10.876830675001514,
      6.36935763499724,
      1.5578967119151006,
      -0.967206951865871
    ],
    "thrombin": [
      0.0,
      -4.546363568322001,
      -3.6717640564222034,
      -1.7234349981096355,
      -0.4428105153798678,
      0.0664266913011835,
      0.0916895340954842,
      -0.05460063993981157,
      -0.14523861972687424
    ],
    "fib": [
      0.0,
      15.476443045074607,
      12.755422810775894,
      4.136558702733954,
      -0.7134375872956031,
      -1.843919127867558,
      -1.6336888820019766,
      -1.7229278227670726,
      -2.391273553367345
    ],
    "xiii": [
      0.0,
      17.083962477458357,
      18.059419988231426,
      -0.788052554523888,
      -14.712769321871612,
      -15.32094544587472,
      -8.524438269761289,
      -1.672295981038348,
      2.059595515356321
    ],
    "AP": [
      0.0,
      0.15569740493835685,
      0.27796681190514017,
      0.31728152798652876,
      0.302304065929666,
      0.25685919207375557,
      0.19281255942835976,
      0.12414102439961337,
      0.06913657080965142
    ],
    "D": [
      0.0,
      14.906786674068117,
      25.35014205866145,
      28.447818728628377,
      26.87611480158883,
      22.67558637258844,
      16.868152181081282,
      10.745077185444607,
      5.935002599957382
    ]
  },
  "elapsed_s": 873.5687215328217,
  "failed": false
}