{
  "seed": 46,
  "best_x": [
    0.2656344034917264,
    0.24640375073609672,
    5.609518400692643,
    5.1311177836758155,
    25.113778998706092,
    357.32857442062675,
    9.175557189145339,
    999.7945265422413,
    9.080424391279585,
    1.798401571737636,
    3.1308982454513883,
    35.8655799756133,
    36.789127984137764,
    9.070075624119145,
    5.820177314592044,
    0.64675060268259,
    9.376957738581254,
    100.52795685959902,
    6.398435135291338,
    0.21858268771031453,
    47.12646505003062,
    459.05915247541293,
    35.29630672688582,
    2.3486897538229146,
    4.811698969402254,
    0.42365819892522283
  ],
  "best_cost": 0.8931346087009199,
  "decomp_synth": {
    "total": 0.8931346087009199,
    "failed": false,
    "g1_total": 0.6342032354660943,
    "g2_total": 0.2557988804819914,
    "g1_per_observable": {
      "recalc": 0.11529057108039605,
      "thrombin": 0.10593281055315755,
      "fib": 0.13120715315185744,
      "xiii": 0.09631555013620505,
      "AP": 0.10723749540156784,
      "D": 0.07821965514291039
    },
    "g2_per_observable": {
      "recalc": 0.014724150384214998,
      "thrombin": 0.01675698423088698,
      "fib": 0.07263383605490308,
      "xiii": 0.016043091486899926,
      "AP": 0.027764731868504085,
      "D": 0.10787608645658231
    },
    "constraint": 0.0015662463764171213,
    "constraint_weighted": 0.0031324927528342426,
    "saturation_penalty": 0.0,
    "w_group": [
      1.0,
      1.0
    ]
  },
  "g1_predictions": {
    "recalc": [
      0.0,
      -34.45299545282372,
      -19.334066006679755,
      8.731584507591855,
      25.29247711196188,
      31.235488884406628,
      35.19257227658539,
      47.93370364637158,
      77.80480805484308,
      112.77683631091675,
      132.52040938574547,
      133.14402339386595,
      114.40037903241264,
      84.50057175366086,
      54.36987044257045,
      1.553204000513058
    ],
    "thrombin": [
      0.0,
      -5.209193436987656,
      -3.7516462932616066,
      -0.7820969661849277,
      1.229075387937617,
      2.2300602076867593,
      2.9185900302442116,
      4.20514971116757,
      6.747034451284122,
      9.565034741237579,
      11.135901945632813,
      11.199803213554635,
      9.751167034193765,
      7.410742698960429,
      5.013989243501555,
      0.4527895444220926
    ],
    "fib": [
      0.0,
      14.536846554442782,
      12.239832531076834,
      0.2039893592903823,
      -6.901365231877918,
      -8.493442611983761,
      -8.473316843676432,
      -11.702920747999203,
      -23.60014691189321,
      -40.10695815133339,
      -49.62514097593899,
      -49.30946160107001,
      -38.87846631626696,
      -23.253007314492848,
      -8.604455341177733,
      7.615655799223801
    ],
    "xiii": [
      0.0,
      24.27127085493235,
      45.67396016644142,
      34.88408116235463,
      21.909064543189473,
      7.315002692555637,
      -2.8441512223871896,
      -6.88372477861628,
      -17.68498979325268,
      -48.696944198297764,
      -64.41817054046068,
      -65.37368343889304,
      -54.37224778186097,
      -49.901293891288454,
      -33.02028453805704,
      16.50638731513869
    ],
    "AP": [
      0.0,
      0.10795549025429647,
      0.2836655282767856,
      0.379632460714634,
      0.4074711358973353,
      0.4030950885993625,
      0.4036617653881521,
      0.44844311491179967,
      0.5441486308414285,
      0.6309942477288921,
      0.6715442851043637,
      0.6664679020030106,
      0.6166079377394124,
      0.5331428771686353,
      0.4362516657383835,
      0.13052003119677555
    ],
    "D": [
      0.0,
      13.26117204843667,
      28.442787529958764,
      35.72589811944772,
      37.37477254861432,
      36.71834382507568,
      37.21298359476211,
      42.360957873074646,
      51.64812068851141,
      58.81939845906916,
      61.783043455620444,
      60.440565954876405,
      55.18897703814035,
      47.070068583742376,
      38.20845822656309,
      11.366126821107345
    ]
  },
  "g2_predictions": {
    "recalc": [
      0.0,
      -34.04963813697361,
      -24.140635232605938,
      -7.897438591225008,
      1.51668733902261,
      4.3967912964687486,
      2.7260200853908056,
      -0.6151771376653432,
      -2.4304769245452618
    ],
    "thrombin": [
      0.0,
      -5.153704465294501,
      -4.204565523669995,
      -2.2029351999644837,
      -0.7697484669717638,
      -0.04194307962462562,
      0.11979740994380728,
      -0.024872034989659064,
      -0.15693538886188824
    ],
    "fib": [
      0.0,
      15.01266189490816,
      12.498139170424679,
      5.250793932249913,
      1.243746805073993,
      0.255290381092113,
      0.6782176911708557,
      0.707170136444331,
      -0.6210136550295431
    ],
    "xiii": [
      0.0,
      17.42922270404823,
      17.46158537470019,
      0.2036890144250187,
      -12.037061180549264,
      -13.777787729278907,
      -8.355367216778745,
      -1.051092143068747,
      3.7682228286604476
    ],
    "AP": [
      0.0,
      0.118143932311053,
      0.24166394302603575,
      0.2900159976350512,
      0.2917887098994393,
      0.26653204739709396,
      0.21926187964908656,
      0.15560552350992451,
      0.09329613247186318
    ],
    "D": [
      0.0,
      13.692319256712365,
      23.579433687577094,
      26.877116686423676,
      26.43822722698166,
      23.729164360472463,
      19.038372046481012,
      13.043491625659811,
      7.551505664489594
    ]
  },
  "elapsed_s": 952.3893659114838,
  "failed": false
}