{
  "seed": 88,
  "best_x": [
    0.24199873660124827,
    0.20510744625351607,
    15.932620903506606,
    14.396515285059792,
    13.553106982366096,
    208.35156041559685,
    8.076592326936588,
    33.82083897483932,
    9.005105270221296,
    1.7162789993396794,
    3.4210103228301345,
    30.62655846689467,
    31.486393745398907,
    12.287633781225658,
    4.951451380748514,
    0.7851497848922775,
    6.162555680396112,
    62.282370904016446,
    7.158604697838175,
    0.1557082421556122,
    24.989238416986254,
    324.81377387324324,
    33.98052843143115,
    1.4083776748766432,
    5.413663949256923,
    0.4528794361946066
  ],
  "best_cost": 0.7986321812076199,
  "decomp_synth": {
    "total": 0.7986321812076199,
    "failed": false,
    "g1_total": 0.583030705879371,
    "g2_total": 0.21534416881533402,
    "g1_per_observable": {
      "recalc": 0.13644963600391757,
      "thrombin": 0.06925809660355288,
      "fib": 0.1543947836944613,
      "xiii": 0.08615191960770212,
      "AP": 0.07963533236162416,
      "D": 0.05714093760811302
    },
    "g2_per_observable": {
      "recalc": 0.015588738019454491,
      "thrombin": 0.00906877667068074,
      "fib": 0.04735162166157885,
      "xiii": 0.05093908328399948,
      "AP": 0.014456671696388791,
      "D": 0.07793927748323169
    },
    "constraint": 0.00012865325645742472,
    "constraint_weighted": 0.00025730651291484943,
    "saturation_penalty": 0.0,
    "w_group": [
      1.0,
      1.0
    ]
  },
  "g1_predictions": {
    "recalc": [
      0.0,
      -29.001623359921744,
      -14.4476182333111,
      10.001354014410879,
      24.800096653132023,
      30.79813776710219,
      35.682116979625924,
      50.3195049511506,
      82.57888633833302,
      116.69491319318318,
      133.672831737541,
      131.03379281416645,
      111.05058947307714,
      82.60159367237173,
      55.65369797597694,
      4.050632930285016
    ],
    "thrombin": [
      0.0,
      -4.39104145467735,
      -3.19851448821169,
      -0.7959964117805756,
      0.9031688145240566,
      1.8268735497626944,
      2.525885339881759,
      3.8136583549394603,
      6.236311169009101,
      8.679483902384662,
      9.889548827093474,
      9.726759145223898,
      8.356001406356436,
      6.3782870576817325,
      4.477352094567003,
      0.5947426993257409
    ],
    "fib": [
      0.0,
      10.2947219993955,
      7.223633199388532,
      -1.5773178209221368,
      -6.668129980266322,
      -8.031146381643467,
      -8.786948837307104,
      -13.465459297413949,
      -26.533781184605797,
      -41.78071701115435,
      -49.44352606884687,
      -47.94318886900741,
      -38.33813670212403,
      -25.158745823347747,
      -13.239898584081436,
      4.589921242951951
    ],
    "xiii": [
      0.0,
      20.321228986769288,
      47.01480843118146,
      47.4624498353465,
      38.97680694563585,
      24.158473820611825,
      9.289341052024074,
      0.7720036514223968,
      -12.72184572498465,
      -48.34831888501702,
      -75.5270320301825,
      -80.56843386479783,
      -67.96727709811299,
      -58.57837458024405,
      -43.064096221607265,
      22.181762647319417
    ],
    "AP": [
      0.0,
      0.12336023374093208,
      0.29102452065112383,
      0.38180926354037054,
      0.4109204598405715,
      0.41099687354559167,
      0.4186246970321243,
      0.4749576271295795,
      0.5811987925948772,
      0.6680360860708552,
      0.7044282851943688,
      0.69239018762757,
      0.6371999745190704,
      0.5529077865535766,
      0.4612222431819702,
      0.1671264913496266
    ],
    "D": [
      0.0,
      12.337104982661035,
      27.1187301612284,
      34.843251202793994,
      37.18722500233172,
      37.11763803456377,
      37.983551767676055,
      43.46874440745019,
      53.21424058402771,
      60.728648416034346,
      63.73936433182299,
      62.33860355890343,
      57.12674238615973,
      49.380046080668684,
      41.11931209966499,
      14.886352000996656
    ]
  },
  "g2_predictions": {
    "recalc": [
      0.0,
      -28.865680897641116,
      -20.700433436641553,
      -6.610068723090908,
      2.6262400707180262,
      5.988781517407347,
      4.368533270563827,
      0.5711180820237978,
      -1.7235016163132437
    ],
    "thrombin": [
      0.0,
      -4.386212759586331,
      -3.7124573355014396,
      -2.0552146958092607,
      -0.7507883416158156,
      -0.032110736988771205,
      0.14490692759312396,
      0.007444902424138644,
      -0.12474013930040873
    ],
    "fib": [
      0.0,
      10.131487151786047,
      8.367859395080828,
      3.7803262776539306,
      1.071756033495224,
      0.4443028310882866,
      1.1543050627471825,
      1.8149001174184014,
      1.3007082351183747
    ],
    "xiii": [
      0.0,
      13.182809994270515,
      17.930360494670566,
      5.997266030444571,
      -7.677509279651769,
      -13.604619742136508,
      -10.72952838461181,
      -3.3098908094214905,
      2.9070110742364648
    ],
    "AP": [
      0.0,
      0.12144279788720949,
      0.2341613459168994,
      0.28349991064188235,
      0.2930709385217834,
      0.2749431309155889,
      0.22969074913444926,
      0.16310718327540302,
      0.09691385487470591
    ],
    "D": [
      0.0,
      11.906183808609248,
      21.6495617616714,
      25.77554142931951,
      26.442144947275764,
      24.643588241123613,
      20.391331898144514,
      14.293615137271424,
      8.39006385260709
    ]
  },
  "elapsed_s": 686.9994397163391,
  "failed": false
}