{
  "seed": 58,
  "best_x": [
    0.23711583497073718,
    0.23362933788436835,
    9.962299028083976,
    8.95691249820296,
    8.787107564089492,
    335.26767455066874,
    7.334585758173317,
    90.21252960529408,
    9.20139688029212,
    1.7222253049869687,
    3.8037898354785113,
    33.415642649782285,
    35.35876145918031,
    7.000516934094464,
    5.259654079523545,
    0.5056348867735299,
    9.9672366393165,
    96.8425360565372,
    5.210687740160282,
    0.6760565561732238,
    46.2155752983017,
    599.9462581125572,
    34.89646835336852,
    2.650742689830694,
    5.4470436234667945,
    0.4315326560889283
  ],
  "best_cost": 0.9011376032493255,
  "decomp_synth": {
    "total": 0.9011376032493255,
    "failed": false,
    "g1_total": 0.6540236675939253,
    "g2_total": 0.24602324071252146,
    "g1_per_observable": {
      "recalc": 0.09725226121076144,
      "thrombin": 0.09297692045735591,
      "fib": 0.21493813519787155,
      "xiii": 0.10963827756569283,
      "AP": 0.06482336627679292,
      "D": 0.07439470688545052
    },
    "g2_per_observable": {
      "recalc": 0.022788730949829472,
      "thrombin": 0.02540733364588924,
      "fib": 0.06532252212698111,
      "xiii": 0.044908180086579874,
      "AP": 0.024539247572546014,
      "D": 0.06305722633069574
    },
    "constraint": 0.0005453474714393447,
    "constraint_weighted": 0.0010906949428786893,
    "saturation_penalty": 0.0,
    "w_group": [
      1.0,
      1.0
    ]
  },
  "g1_predictions": {
    "recalc": [
      0.0,
      -32.36605357352435,
      -20.287448280615045,
      3.1530544115973385,
      17.53359890647221,
      23.03900914179839,
      26.78047892702635,
      39.272241977652115,
      70.97628921516662,
      109.27485677838249,
      131.2236859639633,
      132.37273289556043,
      113.74895228950214,
      84.1578912372494,
      54.74341486481255,
      2.068160116603578
    ],
    "thrombin": [
      0.0,
      -4.697428538943001,
      -3.478964094174405,
      -0.937270839663995,
      0.8260944899393685,
      1.7242326367903216,
      2.351253810356263,
      3.617182722028436,
      6.34104192025396,
      9.451767805093208,
      11.208672621907565,
      11.308703485028397,
      9.845839911115695,
      7.494182194209942,
      5.120019121496005,
      0.5201391678807689
    ],
    "fib": [
      0.0,
      14.93645632440006,
      12.397959556298876,
      1.2691432867642707,
      -5.497152563012021,
      -7.2074331659364095,
      -7.184699246877532,
      -10.284834888033943,
      -23.683878706578245,
      -43.244133999184086,
      -54.748769729712826,
      -54.718443102197895,
      -43.56722234824898,
      -26.90330977401704,
      -11.379234037379325,
      7.6014108066401365
    ],
    "xiii": [
      0.0,
      27.006209937111993,
      53.31168651729301,
      48.26646849489951,
      39.10630295945617,
      23.699860815209224,
      12.41749243509403,
      9.652255822447593,
      -1.0673787702182276,
      -42.32376947863637,
      -66.59733539365763,
      -69.69594945727614,
      -55.63058747822486,
      -51.942980322909094,
      -32.811665006398755,
      21.55694557566835
    ],
    "AP": [
      0.0,
      0.11290592369280313,
      0.2762272117353464,
      0.3637707232926448,
      0.3888816147244498,
      0.3837814334181163,
      0.3851926487747677,
      0.4385926252968742,
      0.5535684093629091,
      0.6555073642832252,
      0.7033388664976234,
      0.698823722783143,
      0.6463516914006937,
      0.5588140765014759,
      0.4590565450031563,
      0.1452949245027442
    ],
    "D": [
      0.0,
      11.984291261510666,
      26.11843753913699,
      33.21964206698277,
      35.00910410566389,
      34.415206371728694,
      34.8250312906871,
      40.33774511304508,
      51.02983673451048,
      59.65705525587457,
      63.47465238101117,
      62.52166868984016,
      57.394482226600665,
      49.24816958575741,
      40.29581855499458,
      12.722722311102693
    ]
  },
  "g2_predictions": {
    "recalc": [
      0.0,
      -32.14039972178538,
      -25.246160188878974,
      -11.029625535984227,
      -1.3330185394345193,
      2.454255876499605,
      1.4592498652756074,
      -1.3415008465516278,
      -2.609301998979058
    ],
    "thrombin": [
      0.0,
      -4.67530493667126,
      -3.9686738783378903,
      -2.192705090766761,
      -0.8107399338428707,
      -0.07594958118736805,
      0.084288982351574,
      -0.06139085215240825,
      -0.17514729935739404
    ],
    "fib": [
      0.0,
      14.929949515657105,
      12.456012228283724,
      5.4446778287270075,
      0.975515977220569,
      -0.539674579528354,
      -0.4341589175527645,
      -0.6306483094601347,
      -2.083074186649675
    ],
    "xiii": [
      0.0,
      17.641704808077108,
      19.447291711419965,
      4.348918801658578,
      -8.243849417683949,
      -10.962971175780666,
      -5.773764014806952,
      1.3641375138472234,
      5.28489159270464
    ],
    "AP": [
      0.0,
      0.11518675884332362,
      0.22471743468575467,
      0.27330341304920136,
      0.28154297411975887,
      0.26107418284936096,
      0.2136677601777848,
      0.14683686514688668,
      0.08321614941668197
    ],
    "D": [
      0.0,
      11.802476018023526,
      20.97425125593412,
      24.817984139315445,
      25.231468629835994,
      23.128715438212264,
      18.614462271372645,
      12.502356594324986,
      6.93314187744434
    ]
  },
  "elapsed_s": 1043.3482310771942,
  "failed": false
}