{
  "seed": 96,
  "best_x": [
    0.2784929099154203,
    0.3033490249391173,
    7.482216043202161,
    6.862075791340889,
    6.289177999153324,
    280.14952073146003,
    7.5249225164402915,
    998.2353055727684,
    9.325214205035234,
    1.9307957705912355,
    3.244914072310043,
    33.86104096128496,
    35.61868942386934,
    10.511950745439371,
    6.1418447347628025,
    0.7917421233268849,
    10.150644552266668,
    105.9643864481873,
    7.3709726033652,
    1.160262788040015,
    57.99940141508865,
    550.2994241138206,
    45.687394072203375,
    2.637484015831305,
    4.47587251442336,
    0.4293013573413078
  ],
  "best_cost": 0.9193021343608577,
  "decomp_synth": {
    "total": 0.9193021343608577,
    "failed": false,
    "g1_total": 0.6845614348886898,
    "g2_total": 0.23167074645071123,
    "g1_per_observable": {
      "recalc": 0.13793989624055256,
      "thrombin": 0.09131969746216721,
      "fib": 0.16103090258481756,
      "xiii": 0.13451432422676865,
      "AP": 0.09107681679089547,
      "D": 0.06867979758348838
    },
    "g2_per_observable": {
      "recalc": 0.008359067988076932,
      "thrombin": 0.02266961667107564,
      "fib": 0.09032179745534955,
      "xiii": 0.031505261203233915,
      "AP": 0.024657791655081782,
      "D": 0.05415721147789342
    },
    "constraint": 0.0015349765107283808,
    "constraint_weighted": 0.0030699530214567615,
    "saturation_penalty": 0.0,
    "w_group": [
      1.0,
      1.0
    ]
  },
  "g1_predictions": {
    "recalc": [
      0.0,
      -32.03320719537184,
      -13.518233656123957,
      14.495387619481228,
      28.497827201957925,
      32.16280000598999,
      35.34620547933189,
      49.00683675530634,
      81.48580559557418,
      119.64215936365102,
      142.66020262383228,
      146.277597162758,
      128.40575294303204,
      95.97870151503274,
      60.636439059103054,
      0.7002638994874135
    ],
    "thrombin": [
      0.0,
      -5.433727847454995,
      -3.6683432690388074,
      -0.5477752716679594,
      1.3830234164597472,
      2.277058929907893,
      2.962350295276975,
      4.408216425122167,
      7.296707167307892,
      10.510942289128078,
      12.424310130841778,
      12.733038616693968,
      11.287717599942704,
      8.634399045996739,
      5.70330848218524,
      0.3211189895070709
    ],
    "fib": [
      0.0,
      15.49933267339145,
      10.314455015013733,
      -3.4882783103467343,
      -10.453600597034962,
      -11.40575906832682,
      -10.901233622812807,
      -13.940407966902233,
      -26.373241716997597,
      -44.03965841279014,
      -54.92753225108945,
      -56.025722962603474,
      -45.92281508008157,
      -28.922828838357425,
      -11.654816351950668,
      6.264692753607326
    ],
    "xiii": [
      0.0,
      29.208392651958924,
      49.83291469563449,
      35.41281078924503,
      22.7967119155217,
      9.283023292785323,
      0.22579337620387557,
      -3.601924776766607,
      -15.832146777677007,
      -50.45591882987111,
      -68.00960601985412,
      -72.02315633100966,
      -62.85433316886434,
      -59.539240693128164,
      -38.19869901256515,
      15.57030109864188
    ],
    "AP": [
      0.0,
      0.11947107945094662,
      0.29113762058492854,
      0.3738444611630409,
      0.38972674901891324,
      0.37854022111597724,
      0.3784839411778598,
      0.4269979632982221,
      0.5258491170846542,
      0.6131403659228805,
      0.6568723356538024,
      0.6569550993114464,
      0.6122908560932675,
      0.5293173817214433,
      0.4265540634967525,
      0.10018359508572357
    ],
    "D": [
      0.0,
      13.585559300559094,
      28.419764961892195,
      34.85462757036501,
      35.68976769287893,
      34.55123379775051,
      34.95504078947948,
      40.22186549448693,
      49.65660244325023,
      57.06356902373994,
      60.57936514884214,
      59.93206541844306,
      55.30502921828491,
      47.22278388191978,
      37.74526919334035,
      8.782350760313586
    ]
  },
  "g2_predictions": {
    "recalc": [
      0.0,
      -31.37321060017512,
      -20.12831413198887,
      -5.022465597842011,
      3.427766890588348,
      6.2250010280135015,
      4.785312192326355,
      1.1409770250965305,
      -1.484961731401797
    ],
    "thrombin": [
      0.0,
      -5.356837201273712,
      -4.301562319166646,
      -2.273976316172866,
      -0.8073945180038722,
      -0.007107454643163091,
      0.22227758117934848,
      0.0807551828821711,
      -0.10060827389198596
    ],
    "fib": [
      0.0,
      15.857837100864725,
      10.8628891207629,
      2.463652172460172,
      -1.9974684078447726,
      -3.198179548165962,
      -2.70322662441146,
      -2.1818532011410348,
      -2.8538505880123335
    ],
    "xiii": [
      0.0,
      20.222641074730024,
      18.17852080965719,
      0.4232347593491309,
      -11.024263487541564,
      -12.800305209065746,
      -8.227707858252472,
      -1.4874941550394403,
      3.5904532564268603
    ],
    "AP": [
      0.0,
      0.12960282782739968,
      0.24068204956158892,
      0.2783637583483067,
      0.277086654964515,
      0.2553169642559671,
      0.2151141033020018,
      0.1577631369146785,
      0.09789115555596753
    ],
    "D": [
      0.0,
      13.981104802412833,
      22.998145572236,
      25.69720181604597,
      25.226517334382198,
      23.004707362873113,
      19.066736727857815,
      13.637901755229642,
      8.244105806340963
    ]
  },
  "elapsed_s": 923.4508912563324,
  "failed": false
}