{
  "seed": 91,
  "best_x": [
    0.28069858319782615,
    0.26127222193517596,
    9.966803923191321,
    9.296182063401773,
    23.95509219132338,
    255.11216227361638,
    4.5200271056477845,
    996.4584024385877,
    9.369052106385993,
    1.8972959528131526,
    3.556400701215538,
    35.460203543840635,
    36.602504301071576,
    6.55984305374553,
    5.660748091735088,
    0.44245839014087673,
    10.92344094916373,
    114.36770542026625,
    4.954539122722906,
    0.27458927065929295,
    65.46732854824836,
    599.9769464474994,
    31.198004251651014,
    2.6294665584277874,
    4.964249499433706,
    0.44173960049817573
  ],
  "best_cost": 0.8552274543164747,
  "decomp_synth": {
    "total": 0.8552274543164747,
    "failed": false,
    "g1_total": 0.6150258719108912,
    "g2_total": 0.23697844283781214,
    "g1_per_observable": {
      "recalc": 0.09644743530720311,
      "thrombin": 0.08003259870977728,
      "fib": 0.19124523719994319,
      "xiii": 0.08788877932168365,
      "AP": 0.09152091820157905,
      "D": 0.06789090317070488
    },
    "g2_per_observable": {
      "recalc": 0.013638668131445994,
      "thrombin": 0.02494462548649678,
      "fib": 0.06327675535370172,
      "xiii": 0.06357170405121695,
      "AP": 0.01657240262008666,
      "D": 0.054974287194864024
    },
    "constraint": 0.0016115697838856964,
    "constraint_weighted": 0.0032231395677713927,
    "saturation_penalty": 0.0,
    "w_group": [
      1.0,
      1.0
    ]
  },
  "g1_predictions": {
    "recalc": [
      0.0,
      -34.40001866429727,
      -17.766253156924336,
      11.607805579861797,
      28.31559736795119,
      33.79434677265832,
      37.220620238557295,
      49.7909742843501,
      80.87317819129667,
      119.12879478266912,
      143.3814251608334,
      149.16552945056014,
      134.45099633487095,
      105.09636006976072,
      70.92392771552719,
      2.5003607127968728
    ],
    "thrombin": [
      0.0,
      -5.047708212080357,
      -3.576830433760029,
      -0.664847328214619,
      1.270616632622135,
      2.210302095213625,
      2.8505286012110034,
      4.082197231252955,
      6.587974638357938,
      9.4810798493702,
      11.282466636945001,
      11.707599555435841,
      10.630662046709388,
      8.467123142303961,
      5.925896128935282,
      0.4956076590857624
    ],
    "fib": [
      0.0,
      18.659636936958584,
      15.62709000782318,
      0.9349515590988435,
      -7.684272654734826,
      -9.587615816517019,
      -9.134836172636723,
      -11.676281753321682,
      -24.15202069234998,
      -43.5269674588997,
      -56.418458553660464,
      -59.38365700134742,
      -50.802415077859784,
      -34.55488474702366,
      -16.518758636264526,
      8.384577515417242
    ],
    "xiii": [
      0.0,
      34.21412831066832,
      60.778200605983315,
      45.45191904879667,
      28.772898439342907,
      10.743662475018247,
      -0.4920899466487316,
      -3.073600259599509,
      -13.1350145683069,
      -50.01256630441294,
      -70.71014450261808,
      -77.88117850989731,
      -72.3841498954468,
      -74.64125273617107,
      -54.61721561279251,
      18.551804054214657
    ],
    "AP": [
      0.0,
      0.12720131336711665,
      0.3015977498517444,
      0.3877914089205028,
      0.4079763431187333,
      0.40000926658243485,
      0.40141629339421026,
      0.45113237063366685,
      0.5516485274753453,
      0.6391933307670342,
      0.6832595995157082,
      0.6841444705657058,
      0.642351550063995,
      0.5637044773391376,
      0.46558385002678115,
      0.13257923755273224
    ],
    "D": [
      0.0,
      13.883912365154211,
      29.447122888013975,
      36.63896715566782,
      38.0534423657693,
      37.2082522501936,
      37.63232155136588,
      42.890126576924565,
      52.53805053244543,
      60.2435692955826,
      63.98322689380094,
      63.59118302378404,
      59.31287431714834,
      51.63488213850227,
      42.43200616094712,
      12.018649704228915
    ]
  },
  "g2_predictions": {
    "recalc": [
      0.0,
      -33.928650059231714,
      -23.84273745967411,
      -7.573143778595032,
      2.6270165181060605,
      6.89756040989932,
      6.2823730837717005,
      2.5491403301797977,
      -0.7810066659151547
    ],
    "thrombin": [
      0.0,
      -5.001463469683433,
      -4.12750241442202,
      -2.211446589902029,
      -0.7561396187232363,
      0.07870251647421544,
      0.3482427422258434,
      0.211536429533437,
      -0.010744267360676574
    ],
    "fib": [
      0.0,
      18.811910927263618,
      15.269893986538978,
      6.5389546835018795,
      1.387537714598805,
      -0.4234016894874362,
      -0.36372150652474033,
      -0.030017272550844964,
      -0.8099633530935506
    ],
    "xiii": [
      0.0,
      23.639066810183483,
      23.900616324047004,
      3.924225943782199,
      -10.963865842373831,
      -15.203628412813316,
      -11.58984362179208,
      -4.28489496927611,
      2.384669004130338
    ],
    "AP": [
      0.0,
      0.13305477182529538,
      0.24456005615541734,
      0.2853729013261325,
      0.2888615145192359,
      0.2714363150078597,
      0.23311118977235906,
      0.1739876974580328,
      0.10966374379202846
    ],
    "D": [
      0.0,
      13.979037580415627,
      23.52452129664158,
      26.785680716358772,
      26.849935369280143,
      25.04181417236961,
      21.247728677287505,
      15.569746441312898,
      9.626369480458473
    ]
  },
  "elapsed_s": 676.5768282413483,
  "failed": false
}