{
  "seed": 38,
  "best_x": [
    0.30921645781803014,
    0.39960799214274195,
    8.653692604711138,
    8.839759526630282,
    0.13526791224434032,
    148.7456445071999,
    2.651044613305288,
    46.99487310135055,
    9.43711544266985,
    1.8579663526960943,
    5.023399729550813,
    39.81983572730566,
    38.59126183618851,
    8.54267268844179,
    6.136566130622084,
    0.5351572788441407,
    5.6569417147150425,
    65.59843537467285,
    4.302961822557275,
    0.15842021666548106,
    25.877548290382705,
    295.4073399970164,
    17.02658407566767,
    2.037115505812026,
    4.160648806766373,
    0.41552825096315293
  ],
  "best_cost": 0.8929304591406415,
  "decomp_synth": {
    "total": 0.8929304591406415,
    "failed": false,
    "g1_total": 0.6992419363643435,
    "g2_total": 0.19166180007027694,
    "g1_per_observable": {
      "recalc": 0.12058766463802466,
      "thrombin": 0.09302964402342942,
      "fib": 0.18250041115168217,
      "xiii": 0.09108100770224485,
      "AP": 0.12623015593476536,
      "D": 0.08581305291419701
    },
    "g2_per_observable": {
      "recalc": 0.018980954912745804,
      "thrombin": 0.027063163058068232,
      "fib": 0.04884045066355917,
      "xiii": 0.034251014789081366,
      "AP": 0.018970314915704823,
      "D": 0.04355590173111754
    },
    "constraint": 0.0010133613530105433,
    "constraint_weighted": 0.0020267227060210865,
    "saturation_penalty": 0.0,
    "w_group": [
      1.0,
      1.0
    ]
  },
  "g1_predictions": {
    "recalc": [
      0.0,
      -38.89068905397318,
      -23.17327275987422,
      5.864452493423052,
      20.260050773243933,
      23.595126423920682,
      27.05493250161321,
      44.260488226744684,
      87.68338549401284,
      137.28144802540027,
      164.11870153522293,
      167.50221360000228,
      146.50612632541421,
      108.42953196729093,
      65.9116158982354,
      -0.0008051799868398213
    ],
    "thrombin": [
      0.0,
      -5.533070313581296,
      -4.27385436823969,
      -1.5112678865620288,
      0.23462994576361051,
      1.0563450672039147,
      1.74280295520777,
      3.291156596653105,
      6.4832414319034175,
      9.90412894656141,
      11.73459531377873,
      11.965247126791363,
      10.54927187169953,
      7.954636589965201,
      5.0245788038662464,
      0.13640701584900564
    ],
    "fib": [
      0.0,
      11.75150868181213,
      10.437364315458423,
      1.705281859524273,
      -2.23121977553909,
      -2.1592605972423264,
      -1.7726056259065062,
      -5.8543856258085265,
      -21.430417114921983,
      -42.046809587827696,
      -53.66839827525859,
      -55.565472712647455,
      -47.224557599949705,
      -32.21774130649629,
      -15.987847991094926,
      2.607879449872872
    ],
    "xiii": [
      0.0,
      17.08930526619855,
      35.85697368361825,
      31.592725942039696,
      23.178781264439742,
      14.2530199453239,
      8.644521713398326,
      7.485579251084269,
      -0.8150081984194995,
      -32.236130047797644,
      -58.3809452382629,
      -68.8426953939255,
      -64.54913571164343,
      -57.87946440982729,
      -38.16540600791451,
      7.277222050538864
    ],
    "AP": [
      0.0,
      0.12071405961854324,
      0.2719104209864349,
      0.33133437680667477,
      0.33083737066844077,
      0.31249668884135884,
      0.3198472548907141,
      0.39415809982470623,
      0.5150730857645126,
      0.6003363926405646,
      0.6359082731792536,
      0.6285178044063977,
      0.5782441508458186,
      0.4867834726595396,
      0.37380900366210673,
      0.05660799873657104
    ],
    "D": [
      0.0,
      14.475300182098305,
      28.974224062106728,
      34.10243872679558,
      33.60857951297254,
      31.76418160132221,
      33.07890578612784,
      41.526488736347225,
      53.964161673404206,
      61.942786362046135,
      65.15940630620341,
      63.85688835777744,
      58.26854898141332,
      48.45869071757939,
      36.88787320477727,
      5.521536481648693
    ]
  },
  "g2_predictions": {
    "recalc": [
      0.0,
      -37.99480122162596,
      -25.757944770633625,
      -5.51216164009891,
      7.077007753403624,
      11.549286390549426,
      9.63137689455958,
      4.222203652610775,
      -0.14092617600503488
    ],
    "thrombin": [
      0.0,
      -5.431874154206996,
      -4.511312687503869,
      -2.351023430914756,
      -0.7122814936374073,
      0.1735949590718313,
      0.39772874474861286,
      0.19404903083868963,
      -0.05507322047753088
    ],
    "fib": [
      0.0,
      12.160859584261528,
      10.296914731158935,
      5.009560531658952,
      2.0976807923705856,
      1.461665802305233,
      2.1620560536206543,
      3.068702696044,
      3.015465299370992
    ],
    "xiii": [
      0.0,
      12.014269729722097,
      13.39565054642975,
      1.237494182583371,
      -9.835706840934236,
      -13.545788112868436,
      -10.889250324796436,
      -5.28105402119451,
      -0.3302008674457622
    ],
    "AP": [
      0.0,
      0.13935813351310444,
      0.24066355257693633,
      0.2787749080949644,
      0.280763126068007,
      0.2594942993739905,
      0.21495936418259515,
      0.1505642273750771,
      0.08631591253934347
    ],
    "D": [
      0.0,
      15.91802850939619,
      25.34735592706451,
      28.65519842594359,
      28.54097962785816,
      26.127381498501844,
      21.313461577267628,
      14.585846708635671,
      8.161549092896342
    ]
  },
  "elapsed_s": 621.7020018100739,
  "failed": false
}