{
  "seed": 29,
  "best_x": [
    0.31841611221862276,
    0.31907156981236207,
    16.515743259885344,
    14.977783835761294,
    0.8537665996957917,
    578.6201223736887,
    8.035076001848399,
    32.55349351593395,
    9.692704389691055,
    1.8578494167334942,
    3.3250012853579074,
    32.76855752199612,
    28.623043580198583,
    4.012938302300485,
    6.457909994272125,
    0.399431600707169,
    10.88758677528608,
    91.8251383091608,
    3.3727389578208475,
    7.940986279400308,
    56.20417096077111,
    599.9383921230108,
    21.74749040753602,
    3.212892516716154,
    4.720968124923711,
    0.4128461847407356
  ],
  "best_cost": 0.9335795327696639,
  "decomp_synth": {
    "total": 0.9335795327696639,
    "failed": false,
    "g1_total": 0.6944439927848339,
    "g2_total": 0.2387991168806846,
    "g1_per_observable": {
      "recalc": 0.09539829200258919,
      "thrombin": 0.14063442103318627,
      "fib": 0.19899723452389245,
      "xiii": 0.07483938864198418,
      "AP": 0.09137069965721888,
      "D": 0.09320395692596294
    },
    "g2_per_observable": {
      "recalc": 0.015727064302463855,
      "thrombin": 0.01891976360826619,
      "fib": 0.058897038837855006,
      "xiii": 0.05361638224243825,
      "AP": 0.026734397580886325,
      "D": 0.06490447030877494
    },
    "constraint": 0.00016821155207272,
    "constraint_weighted": 0.00033642310414544,
    "saturation_penalty": 0.0,
    "w_group": [
      1.0,
      1.0
    ]
  },
  "g1_predictions": {
    "recalc": [
      0.0,
      -30.032855434639405,
      -10.880723935394208,
      12.628969274655375,
      22.552350722012157,
      23.505283540831634,
      23.41764839074241,
      31.333506830527156,
      56.828876215006645,
      90.39088351696121,
      112.90034089000497,
      117.74980927138128,
      104.30007162419574,
      77.80885264560352,
      48.82957352588804,
      0.2565321084306462
    ],
    "thrombin": [
      0.0,
      -5.525851897157961,
      -3.177765361835223,
      0.08401109848649124,
      1.8290602537029121,
      2.4274701762750763,
      2.761655760182678,
      3.9034265093827534,
      6.901470240671473,
      10.637886926213326,
      13.105137559464731,
      13.644389379464352,
      12.20705082584247,
      9.33614408961339,
      6.144822993649353,
      0.30925444360968346
    ],
    "fib": [
      0.0,
      16.441302412433394,
      6.977913396661279,
      -7.4669785785324425,
      -13.048941740708907,
      -12.518665915716506,
      -10.676528777097923,
      -12.237282553716017,
      -24.094771064281254,
      -43.14079419324465,
      -56.32667601069019,
      -58.44986502215178,
      -48.79966268316736,
      -31.423282745630974,
      -13.74513359520114,
      5.2792152185839605
    ],
    "xiii": [
      0.0,
      31.176524311029862,
      53.73050986633542,
      45.203059504407285,
      37.123569037152905,
      23.794501487076555,
      15.080015073588072,
      15.951828285176742,
      11.56925934551509,
      -25.48076871713756,
      -56.883345587004406,
      -69.97680262042131,
      -61.64631772160066,
      -58.047296975508075,
      -32.67586498334562,
      15.532935906389426
    ],
    "AP": [
      0.0,
      0.1534997598537756,
      0.3365666194815073,
      0.4137040949632539,
      0.419142428253033,
      0.3934714091895601,
      0.3746155556614599,
      0.4092244028928818,
      0.5155001180939479,
      0.6212527194762625,
      0.6813600035226695,
      0.6899496618978972,
      0.6489110648428772,
      0.5631180161893963,
      0.45338228996802254,
      0.0997070143593071
    ],
    "D": [
      0.0,
      15.279156160338559,
      31.298319901786144,
      37.72257017565884,
      37.91336835598199,
      35.505822737992574,
      33.96653678358223,
      37.56137650692333,
      47.50404137541553,
      56.823631968173636,
      62.02197449800276,
      62.46159094635454,
      58.47279817239334,
      50.433230476272186,
      40.44341519791625,
      8.849840564084928
    ]
  },
  "g2_predictions": {
    "recalc": [
      0.0,
      -29.72416153562783,
      -20.684176497835892,
      -8.338026082066317,
      -0.7043846369448623,
      2.2905422701807225,
      1.5253267901449181,
      -0.8936773380613152,
      -2.18262471974911
    ],
    "thrombin": [
      0.0,
      -5.500796189379505,
      -4.379914063305127,
      -2.355189209535382,
      -0.8628386014425669,
      -0.05865959680055299,
      0.12983933927557723,
      -0.03916466281113473,
      -0.1897411973584926
    ],
    "fib": [
      0.0,
      16.04765963448377,
      9.833008315705152,
      1.7756388853511584,
      -2.4708614321863926,
      -3.596825164644752,
      -3.0462068854811157,
      -2.630513728602443,
      -3.456448857000842
    ],
    "xiii": [
      0.0,
      18.73985725996127,
      16.692834590158384,
      2.1978870496928717,
      -7.552676504476313,
      -8.511341042913815,
      -3.5526303363714207,
      2.219521486208485,
      5.042833715909283
    ],
    "AP": [
      0.0,
      0.15150945179432027,
      0.25711731116387304,
      0.2900719563799519,
      0.2868100696217575,
      0.26202260775102215,
      0.21570362482899694,
      0.15130148249027295,
      0.08817939014035014
    ],
    "D": [
      0.0,
      14.693712187304476,
      23.700393519015588,
      26.364675459075205,
      25.910345089751353,
      23.546569721804666,
      19.218380539785347,
      13.310159570865125,
      7.6599314376315615
    ]
  },
  "elapsed_s": 1054.5225410461426,
  "failed": false
}