{
  "seed": 43,
  "best_x": [
    0.24970717068820258,
    0.22227361897997008,
    15.498380893570037,
    13.568059111005827,
    2.6419425707080944,
    299.13597771163296,
    7.747562860422559,
    963.9460700276016,
    9.113813046925792,
    1.512516035338097,
    3.0733144642637775,
    40.52189787965841,
    39.07094407519827,
    9.765108559395806,
    5.584668169587596,
    0.601303776287972,
    12.32671192667097,
    130.65403395550152,
    7.913804919214455,
    4.225058193815212,
    39.51850408824506,
    429.2439537222866,
    32.45414135424495,
    1.8519025794853965,
    4.767380156013529,
    0.4117243887252945
  ],
  "best_cost": 0.8954611343228593,
  "decomp_synth": {
    "total": 0.8954611343228593,
    "failed": false,
    "g1_total": 0.6723325876003123,
    "g2_total": 0.22261573878820348,
    "g1_per_observable": {
      "recalc": 0.10920066095065814,
      "thrombin": 0.09982624111409928,
      "fib": 0.16260769487127777,
      "xiii": 0.09013095387446275,
      "AP": 0.10605364660588018,
      "D": 0.10451339018393428
    },
    "g2_per_observable": {
      "recalc": 0.015906661587488644,
      "thrombin": 0.020233062983357596,
      "fib": 0.0452276112461619,
      "xiii": 0.04177012751357322,
      "AP": 0.021683980320387736,
      "D": 0.07779429513723438
    },
    "constraint": 0.0002564039671717539,
    "constraint_weighted": 0.0005128079343435078,
    "saturation_penalty": 0.0,
    "w_group": [
      1.0,
      1.0
    ]
  },
  "g1_predictions": {
    "recalc": [
      0.0,
      -38.403366662012196,
      -19.75352904173989,
      11.401327252230892,
      29.458472493662825,
      34.559406744094304,
      34.90457059324487,
      43.273194882367484,
      76.23409751655484,
      124.0394820368899,
      152.50215579077928,
      150.83565193815863,
      123.28832881867152,
      86.21911115993889,
      54.36557706358503,
      2.3344249364382357
    ],
    "thrombin": [
      0.0,
      -4.927542394056072,
      -3.436396103153826,
      -0.6194843840454083,
      1.2687003538999622,
      2.1117645310465143,
      2.47740129189338,
      3.3099123572732907,
      5.755222750494635,
      9.062198664543283,
      10.993330680945238,
      10.889645815695559,
      9.049380891465807,
      6.54476800371588,
      4.355255775363782,
      0.4792170103166314
    ],
    "fib": [
      0.0,
      18.755667558780626,
      11.58567480735935,
      -5.984508739517246,
      -15.848552532549874,
      -17.343471427782998,
      -15.068986322947193,
      -14.980479281830405,
      -27.296168454778396,
      -51.76912061732064,
      -67.08719119900766,
      -64.8693589982502,
      -47.3810205462052,
      -25.384425553593452,
      -7.948076932967746,
      9.847727505662542
    ],
    "xiii": [
      0.0,
      26.628675730235013,
      51.378152468415855,
      40.395042360752086,
      25.530832566696475,
      9.539382100762113,
      -0.11481780952170911,
      0.351835066132341,
      -6.287215428791397,
      -45.099853143335785,
      -75.67245030967953,
      -81.54782105277077,
      -65.2178449256909,
      -52.67217078717644,
      -33.0764146652937,
      20.14986952049923
    ],
    "AP": [
      0.0,
      0.12954714823467986,
      0.3040723516480436,
      0.3955160169663211,
      0.4201430845813018,
      0.408313119894859,
      0.3921054117603468,
      0.4213965606939343,
      0.5308762350130806,
      0.6439057747684455,
      0.6957972306866517,
      0.6824638791303729,
      0.6152565281151824,
      0.5188201336459237,
      0.4216910404686892,
      0.13957833257234434
    ],
    "D": [
      0.0,
      12.626103117336388,
      27.488355451860063,
      34.96603286782939,
      36.79165804137672,
      35.614539590962146,
      34.30009653108386,
      37.34806901280201,
      47.335363760023995,
      56.89814633921094,
      61.048448981509736,
      59.46226494207812,
      53.30928644218027,
      44.76625764125623,
      36.330832700016,
      12.019390849315474
    ]
  },
  "g2_predictions": {
    "recalc": [
      0.0,
      -38.36023573879906,
      -27.48081476265163,
      -7.980917759526193,
      3.882178721716045,
      6.074508525697375,
      1.9713336308936427,
      -2.2973511210769786,
      -3.2942770496898284
    ],
    "thrombin": [
      0.0,
      -4.937401700815682,
      -4.048508684980728,
      -2.034931126684739,
      -0.5728860948480778,
      0.03879866274265198,
      0.012308672662659559,
      -0.18917428360710847,
      -0.24555203679719267
    ],
    "fib": [
      0.0,
      18.206899865710888,
      12.23990155041955,
      0.5891939379614932,
      -6.094439724571785,
      -7.383017441892633,
      -6.3672055824679425,
      -6.563169714991435,
      -8.256189061540603
    ],
    "xiii": [
      0.0,
      17.38388474079589,
      19.090503042177126,
      -0.2907083160660139,
      -17.198558273863853,
      -20.131769458456976,
      -11.433816997519212,
      -0.7963273448317424,
      4.5714409106775955
    ],
    "AP": [
      0.0,
      0.12434520065352592,
      0.2474226666048499,
      0.303261844110114,
      0.3092967280978795,
      0.2757377669683182,
      0.21039488946807225,
      0.1333501769203258,
      0.07213222333686908
    ],
    "D": [
      0.0,
      11.909539306854096,
      22.226177253840866,
      26.727662441636607,
      26.974093710589642,
      23.806748287214333,
      17.930689842421696,
      11.20371840386908,
      6.003849635244481
    ]
  },
  "elapsed_s": 676.8190739154816,
  "failed": false
}