{
  "seed": 97,
  "best_x": [
    0.32398244782746777,
    0.36806760535166033,
    4.659334378729852,
    4.008306436653427,
    25.0294777374113,
    247.98056878441918,
    2.7426466730481196,
    173.93838842798908,
    9.270015665523545,
    1.8735854817191766,
    3.3448043531252263,
    33.01697918812316,
    31.684036054983665,
    3.3415470872120907,
    5.295665362416681,
    0.22114349894371094,
    13.254648273251036,
    120.42994118015443,
    3.377828766793941,
    0.2663202433087302,
    60.51268351490761,
    563.79683259175,
    17.954127100396995,
    3.3162458584813956,
    4.20116240796547,
    0.429707530936017
  ],
  "best_cost": 1.0240744100483048,
  "decomp_synth": {
    "total": 1.0240744100483048,
    "failed": false,
    "g1_total": 0.7430755252780545,
    "g2_total": 0.2794871235476333,
    "g1_per_observable": {
      "recalc": 0.13123919063677397,
      "thrombin": 0.09571902159287152,
      "fib": 0.19879725691396236,
      "xiii": 0.10981154526049934,
      "AP": 0.10049507745719659,
      "D": 0.1070134334167509
    },
    "g2_per_observable": {
      "recalc": 0.009478525560267206,
      "thrombin": 0.02502264795103925,
      "fib": 0.0712086901028239,
      "xiii": 0.04095253548271373,
      "AP": 0.02043414493433117,
      "D": 0.11239057951645802
    },
    "constraint": 0.0007558806113085396,
    "constraint_weighted": 0.0015117612226170792,
    "saturation_penalty": 0.0,
    "w_group": [
      1.0,
      1.0
    ]
  },
  "g1_predictions": {
    "recalc": [
      0.0,
      -32.86583789666175,
      -20.44807619132699,
      8.185621748102932,
      23.87108035691965,
      27.22200626714062,
      27.974797831363862,
      36.46305649257172,
      62.242428891690096,
      97.90520543010261,
      121.07772574716512,
      126.38635000675396,
      111.66462565659693,
      83.20103039054993,
      51.12077257192987,
      -0.11681473533809239
    ],
    "thrombin": [
      0.0,
      -4.81176973290455,
      -3.6540763347705134,
      -0.8824299390105339,
      0.9008024291173005,
      1.6391911608172052,
      2.059496898283803,
      2.9779331711302115,
      5.071554451083797,
      7.728909791593953,
      9.411574717341725,
      9.786373397396762,
      8.714469833801505,
      6.632982497403202,
      4.2598805215632165,
      0.14540411100206166
    ],
    "fib": [
      0.0,
      21.708729387270193,
      20.82167792301506,
      0.9444226080498677,
      -10.71272000175949,
      -12.285635980928065,
      -10.240506856166219,
      -11.256458073165572,
      -24.928317347234568,
      -50.253765583409255,
      -67.97248815998763,
      -72.28035501054974,
      -61.135989520010654,
      -40.20361942390454,
      -17.80139864592027,
      5.347033423135344
    ],
    "xiii": [
      0.0,
      27.413949136176456,
      52.12337716706301,
      37.955863186626104,
      21.354811740151437,
      6.253659740364524,
      0.1543553423745325,
      2.2382740155953447,
      -3.142565820153605,
      -38.38732845507091,
      -63.244808638583635,
      -73.40904116778339,
      -67.19016423756969,
      -63.61556675607857,
      -39.10568430489845,
      10.090916261757199
    ],
    "AP": [
      0.0,
      0.12276562197010953,
      0.31998921777957384,
      0.4122850095370106,
      0.4233623427566517,
      0.4020844891443153,
      0.3946859126266952,
      0.44631927045335523,
      0.5580150979891567,
      0.6558891531960384,
      0.7012391141389435,
      0.6975433754174724,
      0.6424878711901026,
      0.5433686439921415,
      0.42143604049588784,
      0.07319210470042538
    ],
    "D": [
      0.0,
      15.268013522313126,
      30.71142781390257,
      36.396562850941635,
      36.1463902987289,
      34.108673310593595,
      34.28007228607317,
      40.30691958925435,
      50.59355302986365,
      57.887233964544905,
      60.83940070106044,
      59.3436806271986,
      53.61615762164386,
      44.22000155466868,
      33.661126518531105,
      5.71941014001653
    ]
  },
  "g2_predictions": {
    "recalc": [
      0.0,
      -32.61868189056451,
      -24.66193607448691,
      -8.379724724905547,
      1.8022927356578364,
      5.810956505818588,
      5.322361589929217,
      2.242449625467943,
      -0.5334084322536707
    ],
    "thrombin": [
      0.0,
      -4.779815498539897,
      -4.064423327103123,
      -2.2087457842997495,
      -0.8104933636599347,
      -0.03225252350250485,
      0.22729909178317986,
      0.13603231305801167,
      -0.03588416712655229
    ],
    "fib": [
      0.0,
      22.117142927705142,
      19.538213198961003,
      7.991012811344435,
      1.0223351231923559,
      -1.3703734902826827,
      -1.3839438199180787,
      -0.9979813713065564,
      -1.6460391191520145
    ],
    "xiii": [
      0.0,
      19.32542930247951,
      20.070460509974737,
      1.744733978979942,
      -11.605571444678516,
      -14.5466724282939,
      -10.67025081799347,
      -4.351351899151442,
      0.9702636869405937
    ],
    "AP": [
      0.0,
      0.13020414459576363,
      0.25728852950876546,
      0.3025862741022439,
      0.3037619123303183,
      0.2807304911050199,
      0.2358474751227289,
      0.1710576383451516,
      0.10355438571670919
    ],
    "D": [
      0.0,
      14.948713007700631,
      23.855510563931432,
      26.39949283157093,
      25.849278463753677,
      23.429753060177205,
      19.09065505729814,
      13.205763686501415,
      7.592396416932709
    ]
  },
  "elapsed_s": 863.2675356864929,
  "failed": false
}