{
  "seed": 73,
  "best_x": [
    0.3100417991066373,
    0.3448962066251705,
    8.032544057315008,
    7.191661482980548,
    1.0722844872098536,
    499.29686309435033,
    6.406889596020049,
    183.54099311571804,
    9.397292775586493,
    1.8870482406148632,
    4.210621610757299,
    31.386020916718266,
    28.362363544320345,
    3.720315779663359,
    5.235266819864689,
    0.30063542202123406,
    6.413504087732669,
    59.09967754659999,
    2.1084490746173827,
    1.6157877424501645,
    26.559424803203406,
    273.03077986395374,
    9.896835226219068,
    1.408067585498797,
    5.4356711723436515,
    0.42157481041028966
  ],
  "best_cost": 0.887424280572099,
  "decomp_synth": {
    "total": 0.887424280572099,
    "failed": false,
    "g1_total": 0.6331542223304976,
    "g2_total": 0.2537855499588691,
    "g1_per_observable": {
      "recalc": 0.1427412444880312,
      "thrombin": 0.1042629440668849,
      "fib": 0.09158967797940588,
      "xiii": 0.08945676387056992,
      "AP": 0.10436973534742205,
      "D": 0.10073385657818366
    },
    "g2_per_observable": {
      "recalc": 0.01704435303454356,
      "thrombin": 0.021728536466417266,
      "fib": 0.10035952038435839,
      "xiii": 0.027301353153876436,
      "AP": 0.022260430454218844,
      "D": 0.06509135646545457
    },
    "constraint": 0.00024225414136620207,
    "constraint_weighted": 0.00048450828273240414,
    "saturation_penalty": 0.0,
    "w_group": [
      1.0,
      1.0
    ]
  },
  "g1_predictions": {
    "recalc": [
      0.0,
      -29.69328935354247,
      -13.476038153872288,
      10.004953162767308,
      20.807219703894077,
      23.26729620744687,
      26.4356169587949,
      40.69478940935257,
      73.31763477280666,
      108.14810133100318,
      126.78904880703166,
      128.181662041705,
      111.4706424897337,
      82.11806187361539,
      50.18447215457192,
      -0.0006742973352840131
    ],
    "thrombin": [
      0.0,
      -4.601372683719257,
      -2.938359381265507,
      -0.26464245273426634,
      1.253513380069898,
      1.8992552237471272,
      2.496076714059034,
      4.0176917285220695,
      7.066004484722734,
      10.17782205519187,
      11.828469180159992,
      11.95832161135849,
      10.505601157480575,
      7.925268858390511,
      5.07801011808975,
      0.20004303001715493
    ],
    "fib": [
      0.0,
      11.103988906721085,
      8.142596251687802,
      -0.134815414093429,
      -3.640678630621615,
      -3.7172229244131207,
      -3.7408060068122837,
      -7.664370534852763,
      -19.958471364593606,
      -34.896786333597646,
      -43.084894430011104,
      -43.635956921778025,
      -36.047378590455054,
      -23.228365932450554,
      -10.022750937691965,
      3.4389114603069277
    ],
    "xiii": [
      0.0,
      19.69996629341075,
      43.05777945244038,
      38.36535970320533,
      28.764905496925422,
      17.91744434155616,
      8.57487575750457,
      2.878163683437669,
      -10.557891403362497,
      -45.549957160622796,
      -72.80922701432559,
      -82.29433417989222,
      -76.05859901377579,
      -68.20911453178252,
      -47.51350350292342,
      14.63758873225327
    ],
    "AP": [
      0.0,
      0.13494200251281255,
      0.3181480236888038,
      0.39820991115100984,
      0.406423027696506,
      0.38895780166152233,
      0.39151905095386874,
      0.4586236477365462,
      0.5803746457387725,
      0.6752294707698206,
      0.7177351067014773,
      0.713470061475297,
      0.662080272070763,
      0.5673506663511352,
      0.4488352954969456,
      0.08743287079258663
    ],
    "D": [
      0.0,
      14.782261749817998,
      30.120556963438588,
      36.102342747950956,
      36.23935902767766,
      34.62762108975808,
      35.40459717657606,
      42.359753975627115,
      53.50254506842212,
      61.23653409064477,
      64.54007911195056,
      63.51382399854025,
      58.382842373899955,
      49.3787534520995,
      38.70595810024459,
      7.453119411636666
    ]
  },
  "g2_predictions": {
    "recalc": [
      0.0,
      -29.188372414289027,
      -21.57362636937426,
      -9.332724907073622,
      -1.3650311299529783,
      1.9544166680677826,
      1.467539797980093,
      -0.8185707171010463,
      -2.084792507463888
    ],
    "thrombin": [
      0.0,
      -4.551719305015906,
      -3.77197152268068,
      -2.1081502435894532,
      -0.8377737696579859,
      -0.13368745093209577,
      0.05959816666746298,
      -0.055383255630099826,
      -0.16821918137048378
    ],
    "fib": [
      0.0,
      10.984173101932779,
      9.366717573103587,
      5.55210362781728,
      3.3014539831665854,
      2.5295022472945323,
      2.5469997797291666,
      2.3763197607246833,
      1.3551419665179107
    ],
    "xiii": [
      0.0,
      13.500340313177434,
      17.346018107639065,
      7.085037498626409,
      -3.471141552479094,
      -7.695957244558909,
      -5.729586623046022,
      -0.8108905510106729,
      3.1390250611181423
    ],
    "AP": [
      0.0,
      0.1388040137184351,
      0.23993768225195922,
      0.27567290365840574,
      0.2757182383845472,
      0.2534097048782456,
      0.208778309168356,
      0.14516957579980197,
      0.08253369764195119
    ],
    "D": [
      0.0,
      14.278974494492294,
      22.27489508185259,
      24.84494518815177,
      24.51767872443586,
      22.272784799794255,
      18.002014598322045,
      12.156820330418494,
      6.7059384574916825
    ]
  },
  "elapsed_s": 685.1851801872253,
  "failed": false
}