{
  "seed": 28,
  "best_x": [
    0.27402872905089826,
    0.24009400760275162,
    17.677278679121805,
    16.07494355509891,
    1.277292047130818,
    322.9592117028486,
    9.916228946632177,
    988.7164753269305,
    9.262443213218935,
    1.6981550514611854,
    3.347537918128509,
    33.33414106787998,
    31.812208963300883,
    11.13394749545946,
    5.842718939728729,
    0.759854471341241,
    10.331881539617658,
    95.20842896405978,
    7.9982543076155554,
    2.6571135547312412,
    36.137775017243925,
    474.95129621334524,
    42.1253594698443,
    2.299422556706915,
    5.399654152450822,
    0.4398856076182826
  ],
  "best_cost": 0.8810330710888638,
  "decomp_synth": {
    "total": 0.8810330710888638,
    "failed": false,
    "g1_total": 0.6360157100796604,
    "g2_total": 0.2439196062288821,
    "g1_per_observable": {
      "recalc": 0.11761571285702913,
      "thrombin": 0.122305928470296,
      "fib": 0.14504709322754697,
      "xiii": 0.12239285914670772,
      "AP": 0.0549734503244347,
      "D": 0.07368066605364586
    },
    "g2_per_observable": {
      "recalc": 0.00849832488606879,
      "thrombin": 0.03123283925183666,
      "fib": 0.07240266160632768,
      "xiii": 0.027923040864150164,
      "AP": 0.023365474756927428,
      "D": 0.08049726486357138
    },
    "constraint": 0.0005488773901606167,
    "constraint_weighted": 0.0010977547803212335,
    "saturation_penalty": 0.0,
    "w_group": [
      1.0,
      1.0
    ]
  },
  "g1_predictions": {
    "recalc": [
      0.0,
      -30.2500003342213,
      -9.182040114808544,
      19.539613661859832,
      34.204058604325596,
      37.4896627541176,
      38.74480576079891,
      50.67598134461901,
      85.19818351317866,
      127.19933811376983,
      151.41738128593005,
      151.66777144241618,
      129.33166044183102,
      94.62469213115037,
      60.97727619754295,
      2.749401485635021
    ],
    "thrombin": [
      0.0,
      -5.085218567313958,
      -3.3535770548191834,
      -0.4201407061957374,
      1.4527838482415976,
      2.2941008586294025,
      2.8036789322759135,
      3.9936233777757773,
      6.75908521398201,
      9.945643273358876,
      11.76282215407273,
      11.802548706767574,
      10.180635394633233,
      7.628945039406409,
      5.12063954804147,
      0.4834533849408434
    ],
    "fib": [
      0.0,
      17.16318762444197,
      11.767979325817947,
      -1.3387816642964854,
      -7.983005081980895,
      -8.741679783099283,
      -8.090404432014651,
      -11.840202188620655,
      -27.409908845515318,
      -49.27416192492662,
      -62.335879314403506,
      -62.21575799663265,
      -49.507996767542906,
      -30.580994391486165,
      -13.300917845357365,
      7.264111874918988
    ],
    "xiii": [
      0.0,
      25.018644448500506,
      43.323772094760514,
      30.55409235020791,
      19.20829596166534,
      6.529713904293249,
      -1.4496486933273243,
      -3.023751454114504,
      -13.737868331755584,
      -49.505712692289116,
      -69.45864278324945,
      -71.43693415479488,
      -58.448936679831405,
      -52.06044362177402,
      -33.42152798440844,
      18.193212467092877
    ],
    "AP": [
      0.0,
      0.13759557546344497,
      0.31395972524330185,
      0.40135356391824456,
      0.421656039557123,
      0.4093844959859617,
      0.4007195277678365,
      0.4425214966572108,
      0.5501031281267098,
      0.6489652928700159,
      0.6961418301645984,
      0.6900737806179732,
      0.6357269314115681,
      0.5460906140154594,
      0.44547013730971896,
      0.13643164046226394
    ],
    "D": [
      0.0,
      13.677418552846621,
      29.298678432542484,
      36.768152941392465,
      38.33521243789552,
      37.12906386722636,
      36.48291996465174,
      40.69086123743418,
      50.70916144952601,
      59.4110809932676,
      63.43407454561047,
      62.56889701047639,
      57.394726246316296,
      49.08972957034974,
      39.95693931127244,
      12.221362966389894
    ]
  },
  "g2_predictions": {
    "recalc": [
      0.0,
      -30.418802185027054,
      -20.62073694416931,
      -5.9130756665759385,
      3.50427379041372,
      6.616519235015932,
      4.338872043459565,
      0.0805661493946257,
      -2.0768431166665926
    ],
    "thrombin": [
      0.0,
      -5.118142627131625,
      -4.306546233455723,
      -2.426004278729692,
      -0.9416967730137644,
      -0.12971352908481304,
      0.05451892388819379,
      -0.09826852810320363,
      -0.20966353508625846
    ],
    "fib": [
      0.0,
      16.571461787793265,
      14.242232371999936,
      7.986613408759304,
      4.094911924413482,
      2.8775034568031588,
      3.2590547280506827,
      3.212335769111994,
      1.5411779347546277
    ],
    "xiii": [
      0.0,
      14.858081399774871,
      13.918659895783234,
      -0.48874741744940453,
      -11.503934525230052,
      -13.615794994471017,
      -8.241356620716527,
      -0.5252750126041126,
      4.172308962013881
    ],
    "AP": [
      0.0,
      0.12773691619803126,
      0.23459052371952482,
      0.2775425625653534,
      0.28378729687178306,
      0.2634540292212013,
      0.2159859235677489,
      0.14823198350655617,
      0.08373457432891539
    ],
    "D": [
      0.0,
      12.452771360368702,
      21.732144834393214,
      25.355215735262536,
      25.75603401036648,
      23.764187984219976,
      19.302149457292092,
      13.079481116645178,
      7.301441250225377
    ]
  },
  "elapsed_s": 876.9234719276428,
  "failed": false
}