{
  "seed": 85,
  "best_x": [
    0.2505149422462292,
    0.23647451646039608,
    7.039644722119169,
    6.787443455994703,
    18.326847285555708,
    195.54637242520062,
    6.451235651062424,
    935.7740973818882,
    9.308654317710081,
    1.9300002413373212,
    3.560541510809772,
    37.352526651304444,
    43.88316663064634,
    12.606785111793041,
    5.926298450946581,
    0.8600808288552653,
    7.439232895870401,
    78.72817111871208,
    7.44329981544206,
    0.16639653452972702,
    25.3994432181444,
    294.23950125001306,
    29.503208941178194,
    1.4787494502535217,
    4.754395432625518,
    0.4102961277394674
  ],
  "best_cost": 0.9057778443544302,
  "decomp_synth": {
    "total": 0.9057778443544302,
    "failed": false,
    "g1_total": 0.7394514032724899,
    "g2_total": 0.16490222355734924,
    "g1_per_observable": {
      "recalc": 0.1203131954259844,
      "thrombin": 0.10162985225883009,
      "fib": 0.11852090446536191,
      "xiii": 0.135469380500449,
      "AP": 0.14142558916811324,
      "D": 0.12209248145375128
    },
    "g2_per_observable": {
      "recalc": 0.010992418837888998,
      "thrombin": 0.017942099712318717,
      "fib": 0.034515098385054704,
      "xiii": 0.03505258454614531,
      "AP": 0.023684384363099425,
      "D": 0.04271563771284209
    },
    "constraint": 0.0007121087622955654,
    "constraint_weighted": 0.0014242175245911307,
    "saturation_penalty": 0.0,
    "w_group": [
      1.0,
      1.0
    ]
  },
  "g1_predictions": {
    "recalc": [
      0.0,
      -36.73175060997679,
      -24.486247959579735,
      1.8132415323456286,
      18.69809442341169,
      26.20929208077751,
      31.90753850313778,
      45.52469114241281,
      74.92426607876311,
      109.78251412550657,
      131.81077442116853,
      137.15606867200992,
      123.97096168976336,
      97.65444421322202,
      67.03014966620533,
      2.6096773491317196
    ],
    "thrombin": [
      0.0,
      -5.335231016420675,
      -4.10559207970018,
      -1.3096254280391788,
      0.7068310801540414,
      1.8300460429586973,
      2.661489257295286,
      4.006998513413514,
      6.457561525655211,
      9.183921145830562,
      10.87477256528957,
      11.284489120715905,
      10.296495828548293,
      8.303585035004302,
      5.956140895187645,
      0.6236854228726486
    ],
    "fib": [
      0.0,
      11.954998104670125,
      10.39312204049058,
      1.0534342546811475,
      -4.766964945890762,
      -6.512327662037366,
      -7.2076789266540455,
      -10.854435615602661,
      -21.886183999681112,
      -36.97808906685144,
      -46.832090086579534,
      -49.103668670905094,
      -42.6731010048632,
      -30.373287934724697,
      -16.600260630411,
      5.759340261123392
    ],
    "xiii": [
      0.0,
      17.40851789503153,
      39.76508543693037,
      37.38513675826098,
      27.643707852859613,
      14.599028801360607,
      3.1629869807578945,
      -2.5458346460618917,
      -11.05494960424244,
      -35.737379781723625,
      -54.32438630670852,
      -61.43802858821102,
      -59.43313587434491,
      -60.50703894997632,
      -50.049652780803854,
      15.828678876869127
    ],
    "AP": [
      0.0,
      0.10475970556171592,
      0.26460076372304336,
      0.351398816034874,
      0.37829194103835745,
      0.37872331987653585,
      0.3865760140079567,
      0.43558575577701497,
      0.5285434717972093,
      0.6114900718228693,
      0.65469307360042,
      0.6584119498400961,
      0.6224010219426063,
      0.5527793016442999,
      0.46450857409765123,
      0.14897463418207765
    ],
    "D": [
      0.0,
      12.604372447882115,
      27.303763659974845,
      34.61206543770319,
      36.58967730353936,
      36.4884666862834,
      37.59928623156015,
      43.074881856375626,
      52.38497967693748,
      59.81790572528015,
      63.49302630037879,
      63.23316252255092,
      59.26087911160638,
      52.10833985208504,
      43.511761016382415,
      13.863747168532473
    ]
  },
  "g2_predictions": {
    "recalc": [
      0.0,
      -36.05420846722175,
      -25.538352022712044,
      -8.589057300716473,
      1.0946443750851493,
      4.326748957647375,
      3.1511501793807923,
      -0.07282741870257858,
      -2.29155357670762
    ],
    "thrombin": [
      0.0,
      -5.214903166060254,
      -4.2274773631977745,
      -2.19867626940147,
      -0.7564620791004208,
      0.0006833494788689443,
      0.21056014391841216,
      0.08375737368696845,
      -0.08263098351510534
    ],
    "fib": [
      0.0,
      12.862624764731803,
      10.130213887877117,
      4.030226616281554,
      0.9983420835406029,
      0.4715895345369585,
      1.1423957895194317,
      1.7344395836502464,
      1.2582554414163303
    ],
    "xiii": [
      0.0,
      12.74338684113245,
      14.629015099926226,
      0.2860155207380568,
      -12.077865726650742,
      -15.440185082806995,
      -11.68789185608856,
      -4.931293126797569,
      1.0138158692409063
    ],
    "AP": [
      0.0,
      0.12951143711408386,
      0.24786425985132024,
      0.2914870206114183,
      0.290672346839488,
      0.2663417222875439,
      0.22322103788810055,
      0.16422716350152608,
      0.10359247434880789
    ],
    "D": [
      0.0,
      14.755953331763875,
      25.00156687628971,
      28.325204841878875,
      27.808925653655585,
      25.199565115143525,
      20.783907518093542,
      14.937397706268127,
      9.198891700576096
    ]
  },
  "elapsed_s": 963.9996247291565,
  "failed": false
}