{
  "seed": 17,
  "best_x": [
    0.2661728854121572,
    0.2693101378249644,
    11.563078758694445,
    10.946878078984525,
    0.8224781694147221,
    181.30372262795768,
    2.689186940068874,
    63.5186091406904,
    9.119457754255397,
    1.7514370503671723,
    4.161229863313593,
    29.835126415114487,
    30.785593837419142,
    4.792176152237719,
    5.205570383947217,
    0.30297189351565124,
    7.380465849317944,
    76.51009537267328,
    3.651058938767834,
    4.886136013027025,
    36.40112856348493,
    402.40482517008525,
    17.714888886830458,
    2.321860374179879,
    4.793389643770201,
    0.4267293068013326
  ],
  "best_cost": 0.9630538545311774,
  "decomp_synth": {
    "total": 0.9630538545311774,
    "failed": false,
    "g1_total": 0.7074779913974388,
    "g2_total": 0.2548855138599775,
    "g1_per_observable": {
      "recalc": 0.15679176086138102,
      "thrombin": 0.12462616185394336,
      "fib": 0.14648113709262883,
      "xiii": 0.08661335550367665,
      "AP": 0.11587144736923082,
      "D": 0.07709412871657818
    },
    "g2_per_observable": {
      "recalc": 0.014682919901412921,
      "thrombin": 0.014807851476610612,
      "fib": 0.07018894855908998,
      "xiii": 0.02644337068601189,
      "AP": 0.020002642358857056,
      "D": 0.10875978087799502
    },
    "constraint": 0.00034517463688057097,
    "constraint_weighted": 0.0006903492737611419,
    "saturation_penalty": 0.0,
    "w_group": [
      1.0,
      1.0
    ]
  },
  "g1_predictions": {
    "recalc": [
      0.0,
      -29.55828945242038,
      -18.802905414323938,
      4.970807298981121,
      19.564360601868465,
      24.707924527863838,
      28.151069505743486,
      40.58685267167171,
      71.76365172988709,
      108.21215290949289,
      127.34429897203323,
      127.35024006224563,
      109.25935597671261,
      80.81839946949577,
      51.95521131943136,
      1.5270996807411858
    ],
    "thrombin": [
      0.0,
      -4.719729514035679,
      -3.805375723879064,
      -1.4181232667750878,
      0.3088271612861191,
      1.2173580038392926,
      1.8617553384232715,
      3.0429196943613217,
      5.404241073470175,
      7.975707871822403,
      9.307994753735183,
      9.314295945706096,
      8.075787445391805,
      6.10821657707446,
      4.087537500888391,
      0.31211721586916297
    ],
    "fib": [
      0.0,
      12.50931972719578,
      9.404225424269988,
      -3.2218735094569126,
      -10.727353447246484,
      -12.261380715606501,
      -11.995232121513602,
      -15.864114144632556,
      -31.765324039919776,
      -53.584033057382015,
      -65.30804826430897,
      -65.1919084152007,
      -53.8108351961124,
      -36.48851065560058,
      -19.542387933451167,
      3.973860081661863
    ],
    "xiii": [
      0.0,
      22.39348164468883,
      46.41938045392769,
      41.260757896712505,
      29.13757533059497,
      14.373518164668814,
      4.543891463521478,
      2.0791103733216154,
      -8.46204491044059,
      -48.332391266625095,
      -78.77453299930114,
      -86.87703133211392,
      -75.9188242572606,
      -66.1166160256472,
      -43.919077601258124,
      12.797046254114004
    ],
    "AP": [
      0.0,
      0.12194259913013726,
      0.28494031506882045,
      0.3647046390716772,
      0.3821369387235836,
      0.3741436633661945,
      0.3817545606754083,
      0.44847572349535286,
      0.5649167403063412,
      0.6517337723869436,
      0.6851658413252995,
      0.6710916685001204,
      0.6126320506580993,
      0.520038630520836,
      0.41630175307160283,
      0.11094256527993065
    ],
    "D": [
      0.0,
      13.18060787948012,
      28.03200374906478,
      34.89497750422591,
      36.16476107266327,
      35.351143201669075,
      36.404413537851894,
      43.333190330255015,
      54.48686143878189,
      62.17554518902686,
      64.9690363043233,
      63.20408210157119,
      57.33706734329916,
      48.33432193184306,
      38.54413034961689,
      10.244900400922466
    ]
  },
  "g2_predictions": {
    "recalc": [
      0.0,
      -29.223849436826136,
      -21.213471895237483,
      -5.554444959433731,
      4.438472896104791,
      7.8054847316040465,
      6.130361247220279,
      2.16167628565592,
      -0.6676344081927024
    ],
    "thrombin": [
      0.0,
      -4.677912714870272,
      -4.0327620671506015,
      -2.2229948382971694,
      -0.8124053239904374,
      -0.04769925443981293,
      0.1599271151994901,
      0.03855709292755205,
      -0.10536037169802587
    ],
    "fib": [
      0.0,
      12.818443109220372,
      9.196629770890375,
      0.9953748845404622,
      -3.6996315460852767,
      -4.738943261560397,
      -3.658471827664731,
      -2.2638005980716196,
      -1.941515750827108
    ],
    "xiii": [
      0.0,
      15.45887750267589,
      18.026158985192446,
      2.5952882532217556,
      -11.699571163194774,
      -16.09542655744939,
      -12.106694109908352,
      -4.912353602149976,
      0.6861860538955633
    ],
    "AP": [
      0.0,
      0.13256399303254043,
      0.2464139953403828,
      0.29306117500833306,
      0.29739260933696476,
      0.2732113260377765,
      0.22267040081598333,
      0.15302850167069243,
      0.08692213890519077
    ],
    "D": [
      0.0,
      13.88285901453109,
      23.998165536800983,
      27.925213185178976,
      28.047778331852452,
      25.538562768086237,
      20.542130480199248,
      13.861467269281267,
      7.736754936199692
    ]
  },
  "elapsed_s": 842.2438449859619,
  "failed": false
}