{
  "seed": 23,
  "best_x": [
    0.27955375442969455,
    0.2590373356504856,
    7.072901890206074,
    6.984166042642526,
    2.4537114749647024,
    651.9552199868687,
    9.952291194825547,
    91.13881352102865,
    9.20180188382512,
    1.8402150977465,
    3.0730159354772373,
    43.52150710132816,
    46.706672217695896,
    7.07218817243883,
    6.414360577008681,
    0.44391489363600023,
    15.161986538566092,
    151.16887249881717,
    5.667562587657281,
    3.425688792246885,
    41.735908025262475,
    383.1597317464088,
    18.800346237883666,
    2.1271671213547796,
    4.384145072440999,
    0.39724241909117597
  ],
  "best_cost": 0.9907656784440126,
  "decomp_synth": {
    "total": 0.9907656784440126,
    "failed": false,
    "g1_total": 0.73753694711318,
    "g2_total": 0.24734953995476067,
    "g1_per_observable": {
      "recalc": 0.13675872189249472,
      "thrombin": 0.1086156506933803,
      "fib": 0.18331276927283555,
      "xiii": 0.08500441749925114,
      "AP": 0.1377115440618673,
      "D": 0.08613384369335086
    },
    "g2_per_observable": {
      "recalc": 0.011984576297163848,
      "thrombin": 0.022096088107795325,
      "fib": 0.05303448287334351,
      "xiii": 0.0435434490700944,
      "AP": 0.01693017799419334,
      "D": 0.09976076561217022
    },
    "constraint": 0.0029395956880360423,
    "constraint_weighted": 0.005879191376072085,
    "saturation_penalty": 0.0,
    "w_group": [
      1.0,
      1.0
    ]
  },
  "g1_predictions": {
    "recalc": [
      0.0,
      -41.43105032563749,
      -21.66262440187859,
      10.729157003310071,
      28.57356728607192,
      34.469661487728,
      38.57135048690444,
      53.00224226445478,
      87.00980507556727,
      126.07601776827362,
      148.33725644380493,
      149.29896080707405,
      128.6180473978488,
      94.90771779819698,
      60.53184700239716,
      1.0931149512463278
    ],
    "thrombin": [
      0.0,
      -5.694658798739476,
      -4.058725640291124,
      -0.9689691668259743,
      1.0667490548428713,
      2.0779273376443363,
      2.7861911570997506,
      4.104064463216611,
      6.6796134743118944,
      9.475567451170592,
      11.050851673530497,
      11.139635886793693,
      9.73250400135515,
      7.402094125983682,
      4.982503681025829,
      0.40576995340271915
    ],
    "fib": [
      0.0,
      23.149370885674895,
      19.06781530381935,
      2.6261799934777645,
      -6.562557504775835,
      -8.554308649168178,
      -8.419430212424583,
      -12.076361999878014,
      -26.375678401819656,
      -46.12280879177244,
      -57.49837663950813,
      -56.91077350422999,
      -43.99276498293586,
      -24.615335225981713,
      -6.54577862566596,
      10.654969795225435
    ],
    "xiii": [
      0.0,
      22.470250255697806,
      41.5352849592203,
      32.44070177981367,
      21.055903781305524,
      8.289635644422411,
      -1.2433833839012087,
      -5.4636003097112535,
      -15.76445999674504,
      -45.49809886380291,
      -64.9842732879626,
      -68.62422053408594,
      -58.34150628714542,
      -51.103443064013945,
      -33.56858716367507,
      14.220268997741009
    ],
    "AP": [
      0.0,
      0.11331525155184499,
      0.2794381429851422,
      0.36396308848968245,
      0.3847542763129205,
      0.3767891542175404,
      0.37468470534173154,
      0.41492239121725055,
      0.5034014594792325,
      0.58353358262199,
      0.622424572549794,
      0.6195096811694388,
      0.5751300038203605,
      0.49791800571318595,
      0.40632436064938754,
      0.11513864642049294
    ],
    "D": [
      0.0,
      13.841759835460676,
      29.392013699318564,
      36.600666715079036,
      38.00424761289466,
      37.04695584828649,
      37.181679066136596,
      41.947600027423526,
      51.086587461224184,
      58.42943747097276,
      61.752066570654065,
      60.816805812712346,
      55.922516437225156,
      47.90261146726385,
      38.842345480287065,
      10.948164361222908
    ]
  },
  "g2_predictions": {
    "recalc": [
      0.0,
      -40.29601745969899,
      -25.571124157899398,
      -6.337763482048082,
      3.268392534788603,
      5.185182262891587,
      2.441118129406128,
      -1.4339312393468155,
      -3.1920531044888567
    ],
    "thrombin": [
      0.0,
      -5.564419300872699,
      -4.381755673829769,
      -2.2483551545295413,
      -0.8087211566369814,
      -0.11509481217492423,
      0.02380600111304365,
      -0.10699965703189962,
      -0.20579143856970827
    ],
    "fib": [
      0.0,
      24.529352700728566,
      19.185460300698644,
      8.228247776980627,
      2.578368293164516,
      1.1463551644784147,
      1.3492465662003532,
      0.7382530706230419,
      -1.556167430320384
    ],
    "xiii": [
      0.0,
      16.100588783286366,
      14.35464907744642,
      -2.6501052739523976,
      -13.696074867399554,
      -14.145925637917824,
      -8.044672321838842,
      -0.9198052367956752,
      3.389103012335745
    ],
    "AP": [
      0.0,
      0.1334379736477368,
      0.2529360901918603,
      0.2929775889389627,
      0.28683032989812773,
      0.25574764947127315,
      0.2060054717120691,
      0.14404039665742924,
      0.08606666539298637
    ],
    "D": [
      0.0,
      15.50438900558809,
      26.044251217474145,
      29.085807252258245,
      28.021514883463,
      24.674776360131563,
      19.52940974526573,
      13.329521973465122,
      7.784057694496066
    ]
  },
  "elapsed_s": 851.276980638504,
  "failed": false
}