{
  "seed": 21,
  "best_x": [
    0.2543517127352646,
    0.2144279046114499,
    11.65796978872237,
    10.758116509911865,
    3.3042254519682177,
    187.0460469395836,
    2.5149730666057835,
    618.9057829328909,
    9.0088567543606,
    1.684772348135888,
    3.1482567820652774,
    32.938280918181434,
    34.43434062714448,
    4.7738015415506,
    5.5415615206306565,
    0.3679696949434079,
    11.25055102570126,
    110.71639404484327,
    3.801042272793776,
    2.237843545397678,
    42.889271184768845,
    461.2428136294555,
    18.65453958670153,
    1.9352960622047455,
    5.356315661699323,
    0.4122825429514523
  ],
  "best_cost": 0.7950281567605454,
  "decomp_synth": {
    "total": 0.7950281567605454,
    "failed": false,
    "g1_total": 0.5952290398046549,
    "g2_total": 0.19895892601646123,
    "g1_per_observable": {
      "recalc": 0.16155547341584944,
      "thrombin": 0.09844513622267052,
      "fib": 0.11190971945216212,
      "xiii": 0.08927507986780361,
      "AP": 0.06696389253379512,
      "D": 0.06707973831237407
    },
    "g2_per_observable": {
      "recalc": 0.01606030585463689,
      "thrombin": 0.028259939003637068,
      "fib": 0.03856527329258924,
      "xiii": 0.03634742844220314,
      "AP": 0.02722953170811338,
      "D": 0.0524964477152815
    },
    "constraint": 0.0004200954697146028,
    "constraint_weighted": 0.0008401909394292056,
    "saturation_penalty": 0.0,
    "w_group": [
      1.0,
      1.0
    ]
  },
  "g1_predictions": {
    "recalc": [
      0.0,
      -32.807848037136324,
      -21.27463420288661,
      6.898567430317563,
      26.52649646464537,
      34.4450087424008,
      37.58493894113363,
      46.66991651017719,
      72.85318484212543,
      109.35337478162054,
      133.29374407305255,
      137.22473244544136,
      120.77091233152984,
      92.54057787197723,
      63.240787006532976,
      4.444015023315338
    ],
    "thrombin": [
      0.0,
      -4.99949471451013,
      -3.7338123662084657,
      -0.6613042419688289,
      1.6209807550046453,
      2.76269137487573,
      3.3779626021144127,
      4.441414758615025,
      6.874302001857345,
      10.007663430889613,
      12.003682977779821,
      12.304804348919664,
      10.904920986058038,
      8.513583545375859,
      6.018682747048586,
      0.7401150029917972
    ],
    "fib": [
      0.0,
      18.282839564916152,
      17.05767463396905,
      1.5977965255867677,
      -9.889847107522675,
      -13.747572866613757,
      -13.30064524896433,
      -13.921011699965975,
      -23.974867728090167,
      -43.70265921909531,
      -57.91828118250206,
      -60.59048116761628,
      -50.948405020247286,
      -34.53386483450519,
      -17.97412556355304,
      7.572473659181413
    ],
    "xiii": [
      0.0,
      28.249573471152093,
      61.43354366733662,
      53.840398410288614,
      33.71032914238426,
      10.384499189237598,
      -4.527001178320275,
      -5.6940079869225375,
      -9.324198338070337,
      -42.368355452436425,
      -70.93259148198754,
      -82.77146575671617,
      -78.68191118199107,
      -77.06204653555427,
      -59.682356140182065,
      17.24130589388572
    ],
    "AP": [
      0.0,
      0.12171254397001521,
      0.29187693278674615,
      0.38284797873362725,
      0.41014696489847813,
      0.4062215838320326,
      0.4064623823139206,
      0.4529457991370749,
      0.5534044677843667,
      0.6404778348290169,
      0.6775992708789091,
      0.6655343296364052,
      0.6094693413611929,
      0.524686202716757,
      0.4335530670530746,
      0.14990822361681394
    ],
    "D": [
      0.0,
      12.879843240567595,
      28.07100105755243,
      35.791143380953,
      37.90296966977322,
      37.413122936478324,
      37.645529170970335,
      42.475973680958326,
      52.0039025230393,
      59.61448930958863,
      62.65348354607778,
      61.103802418550366,
      55.619505933677985,
      47.6261998412286,
      39.258401584976966,
      13.558278304086022
    ]
  },
  "g2_predictions": {
    "recalc": [
      0.0,
      -32.54901226978987,
      -24.492058338023014,
      -7.400715567605253,
      3.2369427139153757,
      6.297752277698073,
      4.280535333133324,
      0.6898881180499821,
      -1.3802842310821632
    ],
    "thrombin": [
      0.0,
      -4.964709905909614,
      -4.109659774652031,
      -2.0130232537802644,
      -0.4999037079079818,
      0.19336136954632854,
      0.26242570520405106,
      0.04529575565996924,
      -0.12122785153584709
    ],
    "fib": [
      0.0,
      18.543018855346332,
      15.607037427315838,
      5.151470156342844,
      -1.568049502591478,
      -3.8804507867370734,
      -3.9934452203160244,
      -4.046752195853081,
      -4.835706395023674
    ],
    "xiii": [
      0.0,
      19.65731543810293,
      25.359071434953453,
      6.189563580609612,
      -12.263059771383054,
      -17.757905417176453,
      -12.76665581889688,
      -4.457870219101533,
      1.5464227100473806
    ],
    "AP": [
      0.0,
      0.12730114840918794,
      0.2437105456478275,
      0.2888415954748629,
      0.2874370895710689,
      0.255628480268826,
      0.19984994403210432,
      0.13197596005536663,
      0.07359204901667565
    ],
    "D": [
      0.0,
      13.084051071908986,
      23.16039757763223,
      26.801892582124616,
      26.36032772175085,
      23.204035420358743,
      17.887776015067878,
      11.606441299280075,
      6.378250314413394
    ]
  },
  "elapsed_s": 541.8926239013672,
  "failed": false
}