{
  "seed": 45,
  "best_x": [
    0.2593539987478265,
    0.3578587656867478,
    17.336732940490705,
    16.08252921804818,
    27.460515253888858,
    236.42306501744298,
    5.254671323629024,
    999.7099429182634,
    9.587044953282238,
    2.14114029058109,
    4.166942426033813,
    32.516624163594656,
    35.553158992378115,
    8.12817404766514,
    5.582635704132169,
    0.5050039332210576,
    8.068800622324261,
    92.06031924749126,
    6.028940208922391,
    0.11774984753053722,
    47.0537078507695,
    573.54929604433,
    37.74690997148204,
    2.5553332974859777,
    3.8828590519204367,
    0.4137200121158602
  ],
  "best_cost": 0.8402356785778667,
  "decomp_synth": {
    "total": 0.8402356785778667,
    "failed": false,
    "g1_total": 0.5630494286064731,
    "g2_total": 0.27695591560835325,
    "g1_per_observable": {
      "recalc": 0.09974004219794215,
      "thrombin": 0.07818922573077276,
      "fib": 0.16199028088658357,
      "xiii": 0.06850555824209112,
      "AP": 0.09335554004864283,
      "D": 0.061268781500440704
    },
    "g2_per_observable": {
      "recalc": 0.025081669181704506,
      "thrombin": 0.029938926370583003,
      "fib": 0.07714777160529572,
      "xiii": 0.02857809188761942,
      "AP": 0.018862286638444477,
      "D": 0.09734716992470614
    },
    "constraint": 0.00011516718152023678,
    "constraint_weighted": 0.00023033436304047356,
    "saturation_penalty": 0.0,
    "w_group": [
      1.0,
      1.0
    ]
  },
  "g1_predictions": {
    "recalc": [
      0.0,
      -31.29781538267574,
      -17.815939005592902,
      3.6682693668038837,
      15.068570091498579,
      20.072124220620722,
      26.513191216212014,
      43.18764727650468,
      75.65321818218496,
      110.15812872416947,
      131.40586554888606,
      137.2036533764428,
      124.71172767962814,
      97.41648322977674,
      63.93972973426237,
      0.23284284929899757
    ],
    "thrombin": [
      0.0,
      -4.986304901760616,
      -3.908862483667489,
      -1.649600052057898,
      -0.0941627723353271,
      0.8496141763500953,
      1.7322740191746269,
      3.2055466544656444,
      5.632101223928197,
      8.060678197679918,
      9.53644972047087,
      9.940215721963,
      9.104011818595216,
      7.250223115274993,
      4.953414133821817,
      0.21335865187773503
    ],
    "fib": [
      0.0,
      14.622505428866996,
      11.443435056735911,
      1.5553084349196356,
      -3.2743371985325265,
      -4.351100654927216,
      -5.467842132128138,
      -11.334539719075433,
      -26.931476686024652,
      -45.996883216691344,
      -58.03588159818832,
      -61.36958764736072,
      -53.913484904588884,
      -38.23969454629211,
      -19.674613415749825,
      5.150649382474568
    ],
    "xiii": [
      0.0,
      28.77862529600846,
      51.54153586776845,
      42.773169274206886,
      33.94408872637245,
      21.424170004726275,
      10.845982404179743,
      4.593917936236166,
      -9.19382024929576,
      -43.73613819205684,
      -60.00129463439143,
      -65.74639639130565,
      -61.55819052548703,
      -65.42828515418164,
      -46.55549969562002,
      15.961483331838393
    ],
    "AP": [
      0.0,
      0.12345141585534582,
      0.2722815143019974,
      0.33660790368554094,
      0.345816896863428,
      0.34135866056815767,
      0.3596549207955233,
      0.4288255469704835,
      0.5346977469687996,
      0.6159416561865728,
      0.6584000226892179,
      0.6619270136751506,
      0.6254878552783353,
      0.5487685212240497,
      0.4476518022498377,
      0.09021560519842178
    ],
    "D": [
      0.0,
      12.49363390149972,
      25.866588295933568,
      31.396387264898685,
      32.05793989420024,
      31.6701780702441,
      33.5918485826189,
      40.327837243830864,
      50.2112628803477,
      57.460973774899784,
      61.233576940380665,
      61.30285172221775,
      57.71403629358112,
      50.35392889245431,
      40.926323538991596,
      8.183283212407972
    ]
  },
  "g2_predictions": {
    "recalc": [
      0.0,
      -29.544905282046024,
      -17.92862437536687,
      -3.751502996853077,
      3.9725630957586944,
      6.757608567918716,
      5.844829271935851,
      2.510569406933321,
      -0.5226352201066646
    ],
    "thrombin": [
      0.0,
      -4.7975736718307855,
      -3.940129125265706,
      -2.209757002343843,
      -0.9140733252794788,
      -0.14565037259723534,
      0.1578491358559293,
      0.11559877171847932,
      -0.028224209216117735
    ],
    "fib": [
      0.0,
      15.69642823288353,
      10.805291338333788,
      4.109265060168676,
      1.0744824750506208,
      0.5275912489636756,
      1.229545426684373,
      2.103955462075467,
      1.9880927270625754
    ],
    "xiii": [
      0.0,
      18.979344625585938,
      13.505258048742656,
      -5.039651567597637,
      -15.762011165193613,
      -16.653357525158462,
      -11.639868163348474,
      -4.385125642822108,
      2.0077243580585766
    ],
    "AP": [
      0.0,
      0.15958800150600125,
      0.2612962842371732,
      0.29171444375815764,
      0.28673146532396276,
      0.2652884923673169,
      0.22823397586375593,
      0.1740953310884083,
      0.11480240338291212
    ],
    "D": [
      0.0,
      15.672149281660088,
      24.594890281186974,
      27.09976672336148,
      26.505135680545582,
      24.442017797813556,
      20.90945536038874,
      15.80477352225618,
      10.32369802871871
    ]
  },
  "elapsed_s": 778.3655669689178,
  "failed": false
}