{
  "seed": 76,
  "best_x": [
    0.2996111323185996,
    0.24768659344611593,
    7.424052368221945,
    7.607634810667871,
    3.7780026385960994,
    251.63207077829207,
    6.573663450520933,
    825.1547993840305,
    9.106578477388151,
    1.8259502187535952,
    3.223453979622784,
    34.01915765484838,
    33.613195829726706,
    11.15520105146032,
    5.702291268394513,
    0.750687765732851,
    5.4093131725254695,
    54.37728944455285,
    5.509389537048049,
    0.10235071008022023,
    54.63114014911569,
    594.1389529973296,
    48.82402483879443,
    2.1295137084871927,
    5.325952545260282,
    0.41616394773245224
  ],
  "best_cost": 0.8774283951796042,
  "decomp_synth": {
    "total": 0.8774283951796042,
    "failed": false,
    "g1_total": 0.6138547172430868,
    "g2_total": 0.2626176795787099,
    "g1_per_observable": {
      "recalc": 0.1414816175285874,
      "thrombin": 0.09609936940976871,
      "fib": 0.11092331873626969,
      "xiii": 0.11387628144766689,
      "AP": 0.07691020595833595,
      "D": 0.07456392416245822
    },
    "g2_per_observable": {
      "recalc": 0.019959342583425733,
      "thrombin": 0.022603119178376516,
      "fib": 0.06459460474896839,
      "xiii": 0.030098523686836867,
      "AP": 0.0377806490242979,
      "D": 0.08758144035680449
    },
    "constraint": 0.00047799917890377325,
    "constraint_weighted": 0.0009559983578075465,
    "saturation_penalty": 0.0,
    "w_group": [
      1.0,
      1.0
    ]
  },
  "g1_predictions": {
    "recalc": [
      0.0,
      -31.806191664331042,
      -11.486168248603125,
      19.445523125850343,
      36.03176058499081,
      41.055939913554724,
      44.58924299260201,
      58.37483366016643,
      89.94914299029301,
      124.62702948116006,
      143.0503732800143,
      142.8424725184274,
      123.66892393111662,
      92.86673534815303,
      61.00735474533784,
      2.662360754405581
    ],
    "thrombin": [
      0.0,
      -5.046559772712779,
      -3.380353039014677,
      -0.3563537038639373,
      1.600431297187575,
      2.539974582637567,
      3.2038280556300505,
      4.503339773043588,
      6.992275424898143,
      9.589886841029907,
      10.959673833145452,
      10.962290125735464,
      9.587136871150095,
      7.352385095564385,
      5.013104748811851,
      0.45169037006878815
    ],
    "fib": [
      0.0,
      9.395000629278217,
      5.181968795818823,
      -4.574785097785505,
      -9.396679704634323,
      -10.058542081815885,
      -10.291295992895273,
      -14.45170213402471,
      -26.1242248854058,
      -40.10541403457371,
      -47.747354177311195,
      -47.75647949769246,
      -39.906796359970414,
      -27.49616270093075,
      -15.064183505852156,
      3.169480741911617
    ],
    "xiii": [
      0.0,
      32.936456239645864,
      61.712215901677595,
      45.51175817586052,
      27.181195000465376,
      7.8002321837082365,
      -5.821717741426225,
      -10.942948807762932,
      -23.561626630257607,
      -60.315387341863435,
      -77.7305186184336,
      -77.51662604312429,
      -64.89633460397809,
      -61.58408476521468,
      -42.676000632440406,
      21.903972271753954
    ],
    "AP": [
      0.0,
      0.11905211198943821,
      0.2888068974800892,
      0.3740901553775452,
      0.39552987585947746,
      0.389183252145615,
      0.3903143424654833,
      0.4341906915095464,
      0.5207990297042016,
      0.5928863449591393,
      0.6241523766481385,
      0.6163487889224132,
      0.5701828240341998,
      0.49371396039596727,
      0.40463377620661606,
      0.12064473991263888
    ],
    "D": [
      0.0,
      14.811032609631344,
      31.329269945537806,
      38.969693959705985,
      40.5557706234197,
      39.76038123807474,
      40.22472574747194,
      45.4495195068724,
      54.59968727882373,
      61.40998054794722,
      64.14725359155122,
      62.77596200026081,
      57.59323544892469,
      49.41380001620025,
      40.28212005490727,
      11.960716034111577
    ]
  },
  "g2_predictions": {
    "recalc": [
      0.0,
      -31.097768163977822,
      -19.020872377653934,
      -3.4936780448910483,
      4.6044495937477095,
      6.422197551755563,
      4.0143934199525475,
      0.22323968911591585,
      -1.8427534829647092
    ],
    "thrombin": [
      0.0,
      -4.978620397628502,
      -4.008884955820293,
      -2.134789092428297,
      -0.8076204599890309,
      -0.13035802684925502,
      0.027400997318431042,
      -0.08953358647974186,
      -0.1870325682334813
    ],
    "fib": [
      0.0,
      9.383611836606697,
      6.874388731230152,
      2.8341547591519083,
      1.2289781754932816,
      1.3740870717142188,
      2.3005056195238507,
      2.9194296050348716,
      2.4735618887284607
    ],
    "xiii": [
      0.0,
      22.446466233175187,
      21.97098026029996,
      0.8204462216285263,
      -13.665912572790148,
      -15.420817180098823,
      -8.767499683807701,
      -0.2107247994719112,
      5.117372534669514
    ],
    "AP": [
      0.0,
      0.1280115064497852,
      0.2350998910933841,
      0.27031236050374036,
      0.2659296818827508,
      0.23902400724024495,
      0.19316630785834984,
      0.13376144773775003,
      0.07774573414916752
    ],
    "D": [
      0.0,
      15.165929496529081,
      24.9837707838632,
      27.837213242227588,
      27.00875679596647,
      23.999395456209793,
      19.0644271750618,
      12.882955488103857,
      7.312548492108688
    ]
  },
  "elapsed_s": 675.6632838249207,
  "failed": false
}