{
  "seed": 37,
  "best_x": [
    0.25888864903172704,
    0.27785798492843006,
    10.145804869175011,
    9.062840651493879,
    28.128145243074435,
    297.02066472943824,
    7.320236857137067,
    18.12826673990133,
    9.10835445041252,
    1.8559268875409183,
    3.122565673249974,
    33.21433147845899,
    31.287528398908652,
    8.768386548938857,
    5.266981552615427,
    0.5642419177976229,
    14.721380053759466,
    127.29493270253086,
    7.395738239819835,
    0.338153789889998,
    51.816603930171965,
    552.3267722080973,
    40.50149322787135,
    3.762377910579133,
    4.259315556324596,
    0.44873913481247873
  ],
  "best_cost": 0.9059342744169703,
  "decomp_synth": {
    "total": 0.9059342744169703,
    "failed": false,
    "g1_total": 0.687303695143133,
    "g2_total": 0.21476346482769026,
    "g1_per_observable": {
      "recalc": 0.1678054675820378,
      "thrombin": 0.08718423300264766,
      "fib": 0.1478303784257585,
      "xiii": 0.11910342138938204,
      "AP": 0.09047366265224922,
      "D": 0.07490653209105785
    },
    "g2_per_observable": {
      "recalc": 0.008134209220201851,
      "thrombin": 0.01705818160420096,
      "fib": 0.045015213452443276,
      "xiii": 0.044115972505702275,
      "AP": 0.0206186035335092,
      "D": 0.07982128451163269
    },
    "constraint": 0.0019335572230734853,
    "constraint_weighted": 0.0038671144461469706,
    "saturation_penalty": 0.0,
    "w_group": [
      1.0,
      1.0
    ]
  },
  "g1_predictions": {
    "recalc": [
      0.0,
      -31.165794841107257,
      -13.928356077740258,
      12.302094575851285,
      25.96840012462436,
      30.441612715885057,
      34.87700707892115,
      50.0438311801594,
      83.2548336679069,
      118.41239610595457,
      136.45072757940824,
      134.42599049113485,
      113.08672003173382,
      81.21625320899525,
      50.50686705704815,
      1.0179265453363278
    ],
    "thrombin": [
      0.0,
      -4.671773078161936,
      -3.300590349161905,
      -0.7569969257229734,
      0.8869238706131335,
      1.7243310704503767,
      2.4071679917269435,
      3.741865746121367,
      6.238018666692464,
      8.762934460759283,
      10.053346734294104,
      9.93619023565924,
      8.471179407511155,
      6.250280321038284,
      4.073884000651896,
      0.27946639911676474
    ],
    "fib": [
      0.0,
      21.02444404521367,
      15.683082449390433,
      -0.09348875887732433,
      -8.6935175259417,
      -10.732985397707402,
      -10.995921899952993,
      -15.287014871918416,
      -30.210156672469772,
      -48.84208009843604,
      -58.12949344727543,
      -55.51621538919462,
      -41.49518951137981,
      -22.378471418917275,
      -5.7516709047158585,
      8.11229751763307
    ],
    "xiii": [
      0.0,
      22.860938470576112,
      38.7523199500734,
      30.7846115758123,
      22.376938097904738,
      9.802324761055951,
      0.515193156322475,
      -4.744763817533235,
      -21.003376777322696,
      -64.59315802721906,
      -89.56753655426343,
      -89.90063124564763,
      -68.13223528851687,
      -52.58514110356866,
      -26.565635303695956,
      11.73556874900259
    ],
    "AP": [
      0.0,
      0.12198047649410168,
      0.2909030213620455,
      0.3745215984038689,
      0.3934636108299566,
      0.38595348055971945,
      0.39045218475016663,
      0.4444825718761523,
      0.546187349499708,
      0.6306300681925998,
      0.668033811326425,
      0.658954250707466,
      0.6044329301163978,
      0.5149395313661292,
      0.4126527826178921,
      0.10644168073349317
    ],
    "D": [
      0.0,
      12.80900804866587,
      27.242464829825114,
      33.897581887073024,
      35.141768901328454,
      34.39276701046314,
      35.107662331845816,
      40.53553444332694,
      49.84375906290491,
      56.89659033773281,
      59.84163467410014,
      58.530122639729555,
      53.27305881988747,
      44.995953957356974,
      35.87839149844132,
      9.216810785061332
    ]
  },
  "g2_predictions": {
    "recalc": [
      0.0,
      -30.749139672133758,
      -20.078144465029975,
      -4.81855292530776,
      4.14044769520288,
      7.27645180824576,
      5.796408926620657,
      1.8736048328491304,
      -1.0548884120946695
    ],
    "thrombin": [
      0.0,
      -4.6340926394998645,
      -3.793510479388149,
      -2.0369136984804155,
      -0.727792047428377,
      -0.0009957983137631743,
      0.20970054567565177,
      0.08588616800411586,
      -0.07572709164465019
    ],
    "fib": [
      0.0,
      21.218704554330525,
      15.9991319563436,
      5.413857667212486,
      -0.8128955241109352,
      -2.9553635051566225,
      -2.813802947371901,
      -2.535839061114441,
      -3.626440806623025
    ],
    "xiii": [
      0.0,
      14.829701654229716,
      12.257935064866306,
      -2.0574819431236877,
      -11.5116878836264,
      -12.504695178802915,
      -7.748080818357781,
      -1.4806505214214618,
      2.7019890415314336
    ],
    "AP": [
      0.0,
      0.1273789001010751,
      0.24263301818241687,
      0.28600672992809045,
      0.2891113254394421,
      0.269401482422411,
      0.22846088267353404,
      0.16820215566046906,
      0.10490486205290725
    ],
    "D": [
      0.0,
      12.92900462796168,
      22.412931523403866,
      25.72394752100506,
      25.720507797235648,
      23.76762035532979,
      19.899337456892074,
      14.378257790970487,
      8.798271542803612
    ]
  },
  "elapsed_s": 1022.1218314170837,
  "failed": false
}