{
  "seed": 92,
  "best_x": [
    0.22127840811320315,
    0.18922744130852331,
    14.5896929504111,
    13.432315186260414,
    10.984422502804126,
    291.9309749315531,
    5.228279877325963,
    999.7619741598756,
    8.900128303179866,
    1.7222786113210824,
    3.3059594203291462,
    37.72693796203099,
    42.42169160022192,
    6.95765349144053,
    5.99657431877592,
    0.4725913197484083,
    8.198751728238783,
    93.45868297733692,
    4.629945101228646,
    0.3548613624113993,
    41.72731282602632,
    500.08295310699,
    25.31054997865464,
    1.8623794581246158,
    5.3178449316527745,
    0.42455902840771675
  ],
  "best_cost": 0.9253685362755047,
  "decomp_synth": {
    "total": 0.9253685362755047,
    "failed": false,
    "g1_total": 0.6937049399629992,
    "g2_total": 0.2312169784797568,
    "g1_per_observable": {
      "recalc": 0.1465222359133146,
      "thrombin": 0.10077919706282835,
      "fib": 0.20493390356857638,
      "xiii": 0.05997086092004962,
      "AP": 0.09299238139665635,
      "D": 0.08850636110157391
    },
    "g2_per_observable": {
      "recalc": 0.010022888098167858,
      "thrombin": 0.021746907808776812,
      "fib": 0.055811406043794407,
      "xiii": 0.024536153006143275,
      "AP": 0.02352043171695757,
      "D": 0.09557919180591688
    },
    "constraint": 0.0002233089163743728,
    "constraint_weighted": 0.0004466178327487456,
    "saturation_penalty": 0.0,
    "w_group": [
      1.0,
      1.0
    ]
  },
  "g1_predictions": {
    "recalc": [
      0.0,
      -37.00456403890179,
      -24.526174831369705,
      2.9107608203929445,
      21.85041648161669,
      31.04511500019533,
      38.124790811632494,
      54.49864737629723,
      89.03267855099391,
      127.44227877262303,
      147.92810060583858,
      147.01391256815003,
      126.35180509524751,
      95.79933981240094,
      66.0813305594404,
      5.635265389571598
    ],
    "thrombin": [
      0.0,
      -5.388623839795029,
      -4.176931597432285,
      -1.3040287111861524,
      0.871892287243726,
      2.132019265090272,
      3.077237800389209,
      4.629600807383222,
      7.435183573758328,
      10.380265834977914,
      11.928052277583708,
      11.86511937852866,
      10.330054954674635,
      8.040467111133989,
      5.785966729584992,
      0.8932068858722043
    ],
    "fib": [
      0.0,
      14.004415972920764,
      12.382124866356415,
      1.5595587681868261,
      -5.874974313108545,
      -8.543060540340054,
      -9.728016423494521,
      -14.70258562213798,
      -29.381109721696767,
      -48.26555440685191,
      -58.627997330687585,
      -57.95737353696686,
      -46.942542676874204,
      -31.159616739674142,
      -16.416451766415275,
      7.0871300607396295
    ],
    "xiii": [
      0.0,
      27.88710633783669,
      59.82049763125405,
      56.076853108624974,
      42.67264701095643,
      22.83215669688332,
      6.018325257185241,
      -1.5751657529728087,
      -14.26498526413942,
      -51.34806518275813,
      -72.25572141087541,
      -73.24652717072274,
      -61.16271207647117,
      -59.00506826917049,
      -45.511425309097596,
      23.309846738196104
    ],
    "AP": [
      0.0,
      0.11102234762726663,
      0.2671406822179938,
      0.355677118477139,
      0.3877661480293113,
      0.39331667638076273,
      0.4065762957437917,
      0.4641660571810513,
      0.5650246746575635,
      0.6464496923532735,
      0.6800009677665484,
      0.6677476163431045,
      0.6152433707401391,
      0.5369975315707634,
      0.4529546359848506,
      0.17727552771724003
    ],
    "D": [
      0.0,
      11.410261015419847,
      25.44935697345434,
      33.128061039974696,
      35.79395245288863,
      36.23175419121849,
      37.63425088007827,
      43.320528897310496,
      52.73528648078186,
      59.89060363691651,
      62.68988229490231,
      61.240194145053906,
      56.181231398750555,
      48.857550278541865,
      41.1461444216285,
      16.09148533815292
    ]
  },
  "g2_predictions": {
    "recalc": [
      0.0,
      -36.626349061768,
      -27.177732188613668,
      -9.114636379461437,
      1.8762638556666786,
      5.057018247859446,
      2.9175964328713846,
      -0.785992452782363,
      -2.6101772690929157
    ],
    "thrombin": [
      0.0,
      -5.332282809034897,
      -4.440965545364916,
      -2.3167012684029458,
      -0.7638816010552802,
      -0.006235680810642519,
      0.1265787369709397,
      -0.04072323038585457,
      -0.16918844575639203
    ],
    "fib": [
      0.0,
      14.446999378427558,
      12.246500510283624,
      5.127373310279443,
      1.0994637562995937,
      0.30567274221874463,
      1.0403123892845354,
      1.3689736449220549,
      0.3707577377284217
    ],
    "xiii": [
      0.0,
      19.28556636587716,
      23.288002117803053,
      4.07424604057017,
      -13.169147600200677,
      -17.34726828662829,
      -11.140389244473035,
      -1.9186955153504583,
      4.268341205016432
    ],
    "AP": [
      0.0,
      0.12165976499818175,
      0.23801308147173772,
      0.28770435088585844,
      0.29092233210009555,
      0.2638537825423028,
      0.2124908526336983,
      0.14655750204358803,
      0.08622836792814699
    ],
    "D": [
      0.0,
      12.228243895700597,
      22.474919007747886,
      26.638373023120216,
      26.684428536854384,
      24.016995562146686,
      19.145030961494005,
      13.035515844406124,
      7.5846523758942395
    ]
  },
  "elapsed_s": 776.3554422855377,
  "failed": false
}