{
  "seed": 35,
  "best_x": [
    0.25895971821153374,
    0.2340167389312237,
    9.570714424734435,
    8.802783301826402,
    0.13880301683993895,
    384.1542627119027,
    9.683807959488444,
    35.33442955797273,
    9.411800652814948,
    1.848506115032362,
    3.058449557091902,
    36.227191426302,
    37.738528119464846,
    9.696004365854954,
    5.4599081607346704,
    0.583431025761832,
    8.565301581782727,
    82.42411484813384,
    5.898441351282154,
    0.1463805142209637,
    49.95988541127464,
    519.975665041214,
    39.3233450913115,
    2.7394009521572986,
    5.138440882532784,
    0.4110376492079374
  ],
  "best_cost": 0.9276647572910142,
  "decomp_synth": {
    "total": 0.9276647572910142,
    "failed": false,
    "g1_total": 0.6800409143832401,
    "g2_total": 0.24603271084440215,
    "g1_per_observable": {
      "recalc": 0.14362620948432575,
      "thrombin": 0.11076182483113663,
      "fib": 0.165328291032774,
      "xiii": 0.09348640348269127,
      "AP": 0.06905041145543585,
      "D": 0.09778777409687671
    },
    "g2_per_observable": {
      "recalc": 0.014907398153809618,
      "thrombin": 0.021901482521753977,
      "fib": 0.05963073618144373,
      "xiii": 0.03420521681297582,
      "AP": 0.023105886637670377,
      "D": 0.09228199053674861
    },
    "constraint": 0.0007955660316859646,
    "constraint_weighted": 0.001591132063371929,
    "saturation_penalty": 0.0,
    "w_group": [
      1.0,
      1.0
    ]
  },
  "g1_predictions": {
    "recalc": [
      0.0,
      -34.19504573529162,
      -15.988541463005308,
      13.11616708934583,
      29.41437724355587,
      34.586516370616266,
      37.212666775490106,
      48.2145219019299,
      78.0182428127418,
      116.73738272413898,
      142.81103454534374,
      148.63638106894086,
      132.81073783925137,
      102.65162612080663,
      69.62155672363146,
      3.4763834329426215
    ],
    "thrombin": [
      0.0,
      -4.837945357940601,
      -3.43617890419776,
      -0.7606161931515083,
      1.0378522628421574,
      1.9252657172366268,
      2.478161671959957,
      3.481167885359035,
      5.642671813738174,
      8.28054043316576,
      10.02742259442884,
      10.428444446768893,
      9.409976109378611,
      7.437768054812684,
      5.247014687796933,
      0.5510637394628639
    ],
    "fib": [
      0.0,
      15.363328402509675,
      14.099274746682584,
      4.682000599709777,
      -0.6306225712137006,
      -1.7548851106424186,
      -1.9958254739045829,
      -5.538293847219623,
      -17.593634811003582,
      -35.217689262653344,
      -47.67223167515809,
      -50.616971359334194,
      -43.13517322193423,
      -29.14367647142015,
      -14.50220419344514,
      6.842212374523138
    ],
    "xiii": [
      0.0,
      25.81063717235994,
      45.663872559502906,
      35.38804299357969,
      23.521097443547788,
      8.463958973892954,
      -1.7658836535005502,
      -4.19408031099107,
      -13.859872443253858,
      -51.69743797166336,
      -81.08675727499303,
      -92.94946122398171,
      -84.7453826399368,
      -79.04642321357866,
      -54.72064662270515,
      16.861300159533837
    ],
    "AP": [
      0.0,
      0.11952569077420377,
      0.290447130441225,
      0.38024591418401404,
      0.4051278638209307,
      0.3982504243398512,
      0.3928997676679156,
      0.42771191186086344,
      0.518630502761201,
      0.6115805720121598,
      0.6648706292854283,
      0.6726092991818476,
      0.6351793930668262,
      0.5611602676960104,
      0.4690312724539786,
      0.15071154073346996
    ],
    "D": [
      0.0,
      13.007629339989915,
      28.097434258948432,
      35.51445186484871,
      37.30056049634417,
      36.50228601000224,
      36.21708285190835,
      40.023294766616445,
      48.81500523872141,
      57.00167961227189,
      61.503133027265946,
      61.69072412378752,
      57.83528216978543,
      50.69088533462772,
      42.169952752908756,
      13.493681512125018
    ]
  },
  "g2_predictions": {
    "recalc": [
      0.0,
      -33.60452730593258,
      -22.636948135412734,
      -7.097522297258003,
      1.5712042184101591,
      4.1320769763936696,
      2.4440724635444404,
      -0.7709101949429957,
      -2.4648043160310986
    ],
    "thrombin": [
      0.0,
      -4.781490066592612,
      -3.9466125350713916,
      -2.200353809404365,
      -0.9223842963930968,
      -0.23525642698445837,
      -0.03353446463411003,
      -0.10281738954534014,
      -0.17693441217503467
    ],
    "fib": [
      0.0,
      15.55199669657007,
      15.253106233086825,
      11.127642578411582,
      8.848025312409046,
      8.182062053592484,
      8.167322155742493,
      7.59533226660814,
      5.788692513019329
    ],
    "xiii": [
      0.0,
      17.31050930505538,
      15.409514945886082,
      -0.768411729128137,
      -11.285248556004172,
      -11.90734664711927,
      -6.276272473181682,
      0.3605596867719037,
      4.196473867125985
    ],
    "AP": [
      0.0,
      0.1287393142448541,
      0.2418374319491752,
      0.28185252757279317,
      0.27968900507345634,
      0.2538053272416494,
      0.20812495560578825,
      0.1474519366758327,
      0.08849631525308709
    ],
    "D": [
      0.0,
      13.468391433170945,
      23.001649541629764,
      26.064748180262566,
      25.551790891720504,
      22.967528739219308,
      18.572129526740497,
      12.900311491209852,
      7.594744280901401
    ]
  },
  "elapsed_s": 897.593517780304,
  "failed": false
}