{
  "seed": 49,
  "best_x": [
    0.2482177155735961,
    0.22316445932447765,
    18.144235371244655,
    16.64124736569468,
    0.38396709256658307,
    280.2035409354397,
    7.588294794445771,
    85.63622572344337,
    9.40832208288725,
    1.7589579060140208,
    3.6653429737133694,
    33.502142017307854,
    33.770039256528705,
    9.803860025085662,
    5.872907834221243,
    0.7980008555223688,
    12.32149071888044,
    131.22099644158106,
    7.099703142561089,
    28.68134362248292,
    56.1588608416992,
    559.8281970574151,
    42.93284745598946,
    2.6541596888353807,
    5.486813784754956,
    0.40863874092459285
  ],
  "best_cost": 0.8227185309260515,
  "decomp_synth": {
    "total": 0.8227185309260515,
    "failed": false,
    "g1_total": 0.6080159736291226,
    "g2_total": 0.2126733160652745,
    "g1_per_observable": {
      "recalc": 0.14568400470239082,
      "thrombin": 0.07454876180259447,
      "fib": 0.11558913661909316,
      "xiii": 0.08697081716816775,
      "AP": 0.0983351893329015,
      "D": 0.08688806400397495
    },
    "g2_per_observable": {
      "recalc": 0.014828487547015037,
      "thrombin": 0.020285448371796983,
      "fib": 0.03632770156891839,
      "xiii": 0.05040835354044292,
      "AP": 0.021898265063932013,
      "D": 0.06892505997316917
    },
    "constraint": 0.001014620615827188,
    "constraint_weighted": 0.002029241231654376,
    "saturation_penalty": 0.0,
    "w_group": [
      1.0,
      1.0
    ]
  },
  "g1_predictions": {
    "recalc": [
      0.0,
      -31.48245083034518,
      -14.737282477849696,
      12.005302512722864,
      27.328543257378374,
      32.304880051777346,
      34.94585975927166,
      46.74152918887328,
      79.70278443107958,
      122.0939161418874,
      149.3989443771453,
      154.32384851867207,
      136.94060656287039,
      105.44373679973307,
      71.81071373614651,
      4.574105385912559
    ],
    "thrombin": [
      0.0,
      -5.144654236983611,
      -3.406729052379886,
      -0.30281764690726565,
      1.7400575915445207,
      2.693877536504129,
      3.289595201449815,
      4.620979338075079,
      7.752793886265231,
      11.576618734243414,
      14.003040052612414,
      14.445106533558574,
      12.929629796114407,
      10.157008334877037,
      7.163093378225581,
      0.8161124286611036
    ],
    "fib": [
      0.0,
      19.06342932817659,
      15.55050731344315,
      2.182922872148975,
      -5.996028275862042,
      -8.07038707287428,
      -7.283993645921274,
      -7.909359263213609,
      -17.265132330401915,
      -34.281888996430744,
      -45.82554959690472,
      -46.9439500696423,
      -37.21617267871188,
      -21.461492503069497,
      -6.077136797141667,
      11.889858974221324
    ],
    "xiii": [
      0.0,
      30.112523499443956,
      52.859374637479846,
      43.02268547154105,
      31.32207092017413,
      15.64741880736693,
      5.076284808144871,
      2.8254357128830825,
      -7.3616181861349705,
      -47.15662652691392,
      -73.8917065472413,
      -82.36123330132368,
      -73.04763413047057,
      -70.42199702809508,
      -49.48537234821782,
      19.279153936018364
    ],
    "AP": [
      0.0,
      0.12548382894609286,
      0.2904559014802167,
      0.37640534745917353,
      0.4002235647545541,
      0.39336407067473,
      0.38985893032647506,
      0.43352138686794345,
      0.5404072896827268,
      0.6423873312753735,
      0.6966862375761711,
      0.7001851831286595,
      0.6570511699650409,
      0.5773541393530529,
      0.482035641387792,
      0.1615770345424063
    ],
    "D": [
      0.0,
      12.552395717525561,
      27.337763243114605,
      34.79611445054244,
      36.725491627403855,
      36.013341394934486,
      35.82090102044599,
      40.19750086858613,
      50.234012912921436,
      59.335081581834814,
      64.07073301759551,
      64.09848364743243,
      59.92041527994054,
      52.44149126120177,
      43.68774103449719,
      14.620684863044128
    ]
  },
  "g2_predictions": {
    "recalc": [
      0.0,
      -30.91186621332933,
      -20.443213090687298,
      -4.98161578815019,
      3.878008974444075,
      6.066518606394023,
      3.4950816063839767,
      -0.4017899982751416,
      -2.2239688143615117
    ],
    "thrombin": [
      0.0,
      -5.076478807202563,
      -3.9977991197709253,
      -1.9288222028226754,
      -0.47487121545393096,
      0.1970971520893645,
      0.23727554839537213,
      -0.01381922420830728,
      -0.17733011276576774
    ],
    "fib": [
      0.0,
      19.49543327697252,
      14.763869113854996,
      5.031514128276317,
      -0.9053754169717969,
      -3.094294451489578,
      -3.6315049166141513,
      -4.745220746451498,
      -6.936758959762901
    ],
    "xiii": [
      0.0,
      20.14088092278705,
      19.393005819419034,
      2.003046959279733,
      -10.473367893169797,
      -12.0722990307208,
      -6.09386317196281,
      1.1859051330601469,
      4.998875940924015
    ],
    "AP": [
      0.0,
      0.1333898422067652,
      0.24438915328425911,
      0.2878830200628395,
      0.28885175120578904,
      0.26200804471633843,
      0.21074828831286052,
      0.1433938680871179,
      0.08145049398077316
    ],
    "D": [
      0.0,
      13.063591397963691,
      22.82668010715988,
      26.50048869739266,
      26.40669142892732,
      23.81137459324179,
      18.989829485604346,
      12.773068608498367,
      7.1795294639040135
    ]
  },
  "elapsed_s": 1774.067269563675,
  "failed": false
}