{
  "seed": 42,
  "best_x": [
    0.24306299419664062,
    0.24037589057393277,
    14.697363956445898,
    12.858672345577016,
    2.315292352662968,
    484.2626071429472,
    8.089663140165865,
    999.4589465907209,
    9.403128368782985,
    1.6316773125215165,
    3.345813342772748,
    36.5056717101496,
    38.65251514821409,
    6.447359077112761,
    5.998365687453892,
    0.43297103396672,
    11.128128254482426,
    118.19369733145905,
    4.601300906203592,
    3.242730479239463,
    56.79569902318869,
    599.96290595471,
    29.43214036558472,
    2.69662004420462,
    4.574352493021779,
    0.47027387110513386
  ],
  "best_cost": 0.7043376758106241,
  "decomp_synth": {
    "total": 0.7043376758106241,
    "failed": false,
    "g1_total": 0.5055070628524825,
    "g2_total": 0.19791118568823207,
    "g1_per_observable": {
      "recalc": 0.11507281031512474,
      "thrombin": 0.07537510165716255,
      "fib": 0.09867888543989611,
      "xiii": 0.08748298333750035,
      "AP": 0.057701567841649246,
      "D": 0.0711957142611494
    },
    "g2_per_observable": {
      "recalc": 0.013309397271272172,
      "thrombin": 0.022439819132573847,
      "fib": 0.04461784874685641,
      "xiii": 0.035786673180390326,
      "AP": 0.013903717470965875,
      "D": 0.06785372988617341
    },
    "constraint": 0.0004597136349547888,
    "constraint_weighted": 0.0009194272699095775,
    "saturation_penalty": 0.0,
    "w_group": [
      1.0,
      1.0
    ]
  },
  "g1_predictions": {
    "recalc": [
      0.0,
      -34.587908856545454,
      -16.67423226947248,
      12.169623944153308,
      28.146763299819867,
      32.054166459315375,
      32.04189908014521,
      39.972359402034044,
      71.75660947447722,
      121.1289689639185,
      155.94867475608987,
      162.3438652725406,
      140.26148809005383,
      102.60137080227355,
      65.56829121877172,
      2.4579108794836246
    ],
    "thrombin": [
      0.0,
      -5.298612384613788,
      -3.7471617017832255,
      -0.8059692306338584,
      1.145745205553942,
      2.0134000049774263,
      2.4110221541834687,
      3.3015753850617036,
      5.892360999375608,
      9.62366186844835,
      12.195433201333747,
      12.670033540631541,
      11.071353015959325,
      8.315953331071137,
      5.567224151713671,
      0.5222466298916985
    ],
    "fib": [
      0.0,
      18.006124596413294,
      14.171535012338337,
      0.7728848530832959,
      -6.8589799310416115,
      -8.092582135480345,
      -6.601916306648462,
      -6.892020241743602,
      -17.3004132718467,
      -39.58003899768881,
      -56.65411307484952,
      -59.40309946499835,
      -47.164984729714114,
      -27.576337794170072,
      -9.675704479828259,
      9.33031564768377
    ],
    "xiii": [
      0.0,
      30.720241509098322,
      52.268012681015385,
      38.86669911083497,
      26.009463814952554,
      11.199358399520904,
      3.4936917140625514,
      5.092939767440558,
      -1.7991119605938426,
      -43.26383001412943,
      -74.41725970497602,
      -85.47364942074377,
      -73.88817768101906,
      -66.530703569429,
      -42.03818752043444,
      19.172842982522607
    ],
    "AP": [
      0.0,
      0.12487414652594019,
      0.29323504627868285,
      0.3800119693760205,
      0.4014265758748407,
      0.3880599631679785,
      0.37200012699102625,
      0.400790276698043,
      0.5092324749070304,
      0.628986782920389,
      0.6952000908553682,
      0.6988717027893668,
      0.6464521643361901,
      0.5548293504960866,
      0.45149898370727015,
      0.1377552047392112
    ],
    "D": [
      0.0,
      12.235413635119716,
      26.533594202554987,
      33.5795050222225,
      35.11483301204111,
      33.80891859311122,
      32.52093253827367,
      35.53460919720402,
      45.47195325586243,
      55.66112370249897,
      61.07899461472073,
      60.95884527981157,
      56.05335629831087,
      47.838275794725035,
      38.821297373245145,
      11.827045451004995
    ]
  },
  "g2_predictions": {
    "recalc": [
      0.0,
      -34.802555426594715,
      -26.532860097872984,
      -10.247996856783857,
      2.427508478071541,
      8.981295954566324,
      8.32047589146886,
      2.945806301783012,
      -1.269149534681465
    ],
    "thrombin": [
      0.0,
      -5.349840566622138,
      -4.603764258215978,
      -2.5998677469147555,
      -0.8725173601061424,
      0.19714748276962157,
      0.5006931926725946,
      0.2524615736233953,
      -0.04321134269638627
    ],
    "fib": [
      0.0,
      16.875015173032946,
      14.415984641844561,
      6.7016266710222805,
      1.334519610959207,
      -0.9396498768785957,
      -0.749608862825907,
      -0.10610067838497805,
      -1.1921211315794231
    ],
    "xiii": [
      0.0,
      19.752979677801157,
      20.950370484876142,
      4.395066735321182,
      -10.854856568352414,
      -17.641378458562812,
      -14.679465748000524,
      -5.506599576647874,
      2.693496748848081
    ],
    "AP": [
      0.0,
      0.11069160765231062,
      0.2182847895999487,
      0.2688867340176026,
      0.2892829199967477,
      0.2852751126542525,
      0.2497511656594502,
      0.18404598532777428,
      0.11182816404821233
    ],
    "D": [
      0.0,
      10.65361508732527,
      19.603870483276904,
      23.74256748330118,
      25.361065392019555,
      24.830686030464552,
      21.49526269215847,
      15.596490176859476,
      9.33515702456342
    ]
  },
  "elapsed_s": 1034.5430681705475,
  "failed": false
}