{
  "seed": 8,
  "best_x": [
    0.2615672542006071,
    0.2751540803663825,
    6.297522073738965,
    5.037078583357456,
    7.527456306108503,
    195.30768563068378,
    4.646696348229837,
    999.8677424634582,
    9.156494879166202,
    1.6265504495061516,
    3.402265582369777,
    37.770641389074356,
    36.53921271432095,
    8.411343268357655,
    5.28923693587641,
    0.45391649298460246,
    10.192172530847419,
    103.66708200734016,
    6.0638290941963175,
    0.696833487873209,
    33.96705454527404,
    378.06172867073906,
    23.831935514795205,
    1.945875923457122,
    5.105513337382568,
    0.4263096831353456
  ],
  "best_cost": 0.950945747629701,
  "decomp_synth": {
    "total": 0.950945747629701,
    "failed": false,
    "g1_total": 0.7276236987113535,
    "g2_total": 0.22313142685018408,
    "g1_per_observable": {
      "recalc": 0.1523768183682229,
      "thrombin": 0.10544998637860209,
      "fib": 0.18811957375299368,
      "xiii": 0.10038225808243842,
      "AP": 0.09130620254998509,
      "D": 0.08998885957911128
    },
    "g2_per_observable": {
      "recalc": 0.01150315664868304,
      "thrombin": 0.023921232661853038,
      "fib": 0.06882583233333413,
      "xiii": 0.03185533750478644,
      "AP": 0.012663792039416104,
      "D": 0.07436207566211131
    },
    "constraint": 9.531103408170848e-05,
    "constraint_weighted": 0.00019062206816341696,
    "saturation_penalty": 0.0,
    "w_group": [
      1.0,
      1.0
    ]
  },
  "g1_predictions": {
    "recalc": [
      0.0,
      -36.84386999755181,
      -19.903187056290864,
      13.714235274024844,
      32.87171913306583,
      37.261596794345394,
      37.061110108870686,
      46.319401541660135,
      82.00955616795815,
      135.71453118527558,
      170.3695891722329,
      174.22592601023794,
      147.3612779223793,
      104.52964787116198,
      63.517961763362905,
      1.1353134735367423
    ],
    "thrombin": [
      0.0,
      -4.776463964829824,
      -3.561408729496806,
      -0.831372229625774,
      1.0044686156136002,
      1.796213625673509,
      2.158887198120232,
      3.000246519915101,
      5.333905540371392,
      8.573658271173985,
      10.614703386534176,
      10.83884942556302,
      9.270860062719963,
      6.752379174856252,
      4.308094555078672,
      0.28903130574737285
    ],
    "fib": [
      0.0,
      17.11575216010285,
      15.313979053510998,
      -0.02387177345196534,
      -9.159414386143762,
      -10.442798658037207,
      -8.59950528165872,
      -9.597001751555231,
      -23.587750223718068,
      -51.012298376692904,
      -70.15201142814392,
      -72.48073956659547,
      -57.58517960106163,
      -34.51134536832616,
      -13.64483672279203,
      7.150219044171583
    ],
    "xiii": [
      0.0,
      21.84835327541163,
      48.39864453258071,
      41.29661570780698,
      27.55209118494102,
      12.679367230698508,
      4.222057172518664,
      5.388785052073962,
      1.4136390456403594,
      -32.416355432980865,
      -61.77137036350645,
      -71.95072282466731,
      -63.05930296774495,
      -54.760136793208275,
      -34.22174627854872,
      16.552224942316514
    ],
    "AP": [
      0.0,
      0.11994971771359479,
      0.313688612466366,
      0.4160894727429809,
      0.4401765361874246,
      0.42409107131045365,
      0.4089158089450149,
      0.4505587191907817,
      0.5760230992975427,
      0.7005054074957549,
      0.7585419994751421,
      0.7501271403586167,
      0.6807140695107374,
      0.5703570635227737,
      0.4501670359032992,
      0.1156881030851489
    ],
    "D": [
      0.0,
      12.942237660239384,
      27.513594515622625,
      34.18473176885038,
      35.17179407725305,
      33.54748936548129,
      32.74544805093784,
      37.43064385871494,
      48.406781620899224,
      57.45899893898127,
      61.1003863657956,
      59.33236710857505,
      52.96996368197744,
      43.684630361607226,
      34.191104144453135,
      8.748436645088477
    ]
  },
  "g2_predictions": {
    "recalc": [
      0.0,
      -36.68537007974619,
      -27.999339927178728,
      -9.722163112399208,
      2.4452568087583764,
      6.407302795730498,
      3.930737522224174,
      -0.5145610096643729,
      -2.5189330549822357
    ],
    "thrombin": [
      0.0,
      -4.778849385891885,
      -4.147047973408837,
      -2.3375874195367983,
      -0.9076889868814959,
      -0.15734628854214572,
      -0.00021384563441517734,
      -0.13082088849486206,
      -0.21169280685805708
    ],
    "fib": [
      0.0,
      16.57305082260683,
      15.317875608521188,
      7.401377776005164,
      2.179123169967303,
      0.4860430678129042,
      0.7266933992868037,
      0.4926569725414396,
      -1.23923910166845
    ],
    "xiii": [
      0.0,
      14.878471996938881,
      19.682148818768546,
      6.01109040940487,
      -7.649666347877212,
      -12.066219954350933,
      -7.9328498110096595,
      -0.9056305833879396,
      3.483769034274941
    ],
    "AP": [
      0.0,
      0.1144021654439988,
      0.2382602901587285,
      0.29362741486703714,
      0.30314681316576064,
      0.277773303382867,
      0.22065074700308887,
      0.1444058868392002,
      0.07697691223934766
    ],
    "D": [
      0.0,
      11.700300758945467,
      20.42646345664736,
      23.940057139470735,
      24.095275363599285,
      21.552227317892907,
      16.534921015886447,
      10.330376766379516,
      5.280681045385054
    ]
  },
  "elapsed_s": 819.8123643398285,
  "failed": false
}