{
  "seed": 10,
  "best_x": [
    0.2326213740926564,
    0.2316905404317673,
    19.999892957525052,
    19.03755129559107,
    8.63568228213987,
    254.80457765396386,
    5.448587571006824,
    830.5133902764171,
    8.985218207264523,
    1.8888477100255727,
    3.080625301239309,
    31.350687565190267,
    36.31744070413492,
    8.29777705305548,
    5.959175920009615,
    0.5949979841044879,
    9.407174311582596,
    102.8139424681585,
    6.1852739047283105,
    0.4728152137376149,
    23.403269626346706,
    282.4575427488525,
    19.983909539776903,
    1.1768855670157985,
    4.399233701412556,
    0.45989365299698903
  ],
  "best_cost": 0.7718369223356025,
  "decomp_synth": {
    "total": 0.7718369223356025,
    "failed": false,
    "g1_total": 0.5306954814008261,
    "g2_total": 0.24051675196116945,
    "g1_per_observable": {
      "recalc": 0.0869516650451521,
      "thrombin": 0.10736526542360662,
      "fib": 0.1075041566644867,
      "xiii": 0.06966464437776994,
      "AP": 0.08177690704686408,
      "D": 0.0774328428429467
    },
    "g2_per_observable": {
      "recalc": 0.012929248916615442,
      "thrombin": 0.02119157282813991,
      "fib": 0.08780174339697641,
      "xiii": 0.028120942252276643,
      "AP": 0.022567250410870036,
      "D": 0.06790599415629102
    },
    "constraint": 0.00031234448680348635,
    "constraint_weighted": 0.0006246889736069727,
    "saturation_penalty": 0.0,
    "w_group": [
      1.0,
      1.0
    ]
  },
  "g1_predictions": {
    "recalc": [
      0.0,
      -30.237813478204746,
      -16.770281486780053,
      7.508121174976829,
      22.647123875117856,
      29.677109536606658,
      36.21573881511382,
      51.627338025296865,
      81.558282816393,
      113.04143754568312,
      129.83417924068914,
      129.3042906169784,
      111.41559637217796,
      83.51546156393846,
      55.350181597011684,
      2.5618397036014233
    ],
    "thrombin": [
      0.0,
      -5.3222474753787585,
      -4.059145338412798,
      -1.298263181371372,
      0.7124264291588029,
      1.8945467279763746,
      2.862876889861246,
      4.409696184595459,
      6.973520972308451,
      9.52406466273292,
      10.87117601545439,
      10.843810221100663,
      9.4559577438339,
      7.266483098395619,
      5.027670489697681,
      0.52601393237123
    ],
    "fib": [
      0.0,
      16.00837161648139,
      13.73952652650733,
      2.519045574904574,
      -4.557784911892696,
      -6.9937785834692185,
      -8.412244552027717,
      -13.70458621493799,
      -27.56997926022023,
      -44.38889432619115,
      -53.55482459454058,
      -53.06925763844904,
      -42.70955509557837,
      -27.185251633476433,
      -12.297734668164537,
      7.297801828655361
    ],
    "xiii": [
      0.0,
      18.84212851593162,
      42.947868377163914,
      40.56506180043598,
      29.07467293811634,
      13.811624367897572,
      -0.9669112515471183,
      -11.206344776041101,
      -25.510743324394554,
      -56.10622611920601,
      -78.65894519770927,
      -84.79089261983006,
      -77.5571163502578,
      -70.70220263441281,
      -55.24337721207404,
      16.823305863296543
    ],
    "AP": [
      0.0,
      0.11476354685337822,
      0.26454606241407624,
      0.3432479224674519,
      0.36775211038539524,
      0.37099035378081435,
      0.3859472137138401,
      0.44175884323930337,
      0.5318712622964549,
      0.6022582560951762,
      0.6324141948278836,
      0.6221915814827556,
      0.5736560060900512,
      0.4965140184121696,
      0.4097555704716615,
      0.13160384211109435
    ],
    "D": [
      0.0,
      11.7828368525394,
      25.758217733349543,
      32.90464422175348,
      35.048296741642254,
      35.330202451062775,
      36.89224446135169,
      42.44436570127496,
      51.085363160555254,
      57.56193915404173,
      60.26052167403111,
      59.070081914667526,
      54.2865858539215,
      46.830186661256214,
      38.58024684243082,
      12.374810427060568
    ]
  },
  "g2_predictions": {
    "recalc": [
      0.0,
      -29.82374779162628,
      -20.381331019181896,
      -5.290035954788856,
      3.851003067015469,
      7.274207164608249,
      6.234662296780975,
      2.5625680065736898,
      -0.580420546999509
    ],
    "thrombin": [
      0.0,
      -5.2731350503434555,
      -4.409520156058033,
      -2.4026817693201963,
      -0.8751844835522111,
      -0.004578667974324935,
      0.28664512297046985,
      0.1777430945038817,
      -0.01778727125540619
    ],
    "fib": [
      0.0,
      16.265011975765894,
      13.771530705729225,
      6.627627409776824,
      2.477637365294525,
      1.1919767148276463,
      1.5335567597589082,
      2.1100810727244674,
      1.6202879528771295
    ],
    "xiii": [
      0.0,
      12.896125230974455,
      16.778001128779856,
      2.943366518313483,
      -11.852246478243808,
      -18.51022033742851,
      -16.84071566420795,
      -10.040947975082766,
      -2.321680407525817
    ],
    "AP": [
      0.0,
      0.12222141933101015,
      0.22943236850922172,
      0.27154837245536145,
      0.2756605994325975,
      0.2585899922799092,
      0.22220299409595445,
      0.16768703496077336,
      0.10889763574901552
    ],
    "D": [
      0.0,
      12.35129563030708,
      22.198399516785365,
      25.938898124134163,
      26.194972382772992,
      24.48135430789671,
      20.920435945633965,
      15.662137480084112,
      10.090371339152334
    ]
  },
  "elapsed_s": 1021.8186521530151,
  "failed": false
}