{
  "seed": 3,
  "best_x": [
    0.36561566230467335,
    0.45470816422164995,
    19.672494594362266,
    17.528575104238424,
    25.40963501831242,
    204.74840668107748,
    3.8646536021016424,
    822.5356606378336,
    9.482849138251254,
    2.0169504425380183,
    3.60998991413328,
    34.56013741335141,
    29.737452440899578,
    6.856811298940767,
    5.552865740815406,
    0.513855489589119,
    11.498176346685685,
    99.71355887110894,
    4.951943180402423,
    0.28546922958409215,
    69.77329915542896,
    575.1210696667621,
    32.648890252591514,
    2.6601825083316726,
    4.433109426842138,
    0.4266040194710641
  ],
  "best_cost": 0.9608230999285996,
  "decomp_synth": {
    "total": 0.9608230999285996,
    "failed": false,
    "g1_total": 0.7111432477880658,
    "g2_total": 0.24777325560591196,
    "g1_per_observable": {
      "recalc": 0.1858564470908619,
      "thrombin": 0.07864054680818766,
      "fib": 0.175538238953392,
      "xiii": 0.09450089683813015,
      "AP": 0.10948154073576742,
      "D": 0.06712557736172665
    },
    "g2_per_observable": {
      "recalc": 0.007867374563720225,
      "thrombin": 0.030234045335085193,
      "fib": 0.0753052561504954,
      "xiii": 0.03604485090355473,
      "AP": 0.027265760124563967,
      "D": 0.07105596852849244
    },
    "constraint": 0.0009532982673109262,
    "constraint_weighted": 0.0019065965346218524,
    "saturation_penalty": 0.0,
    "w_group": [
      1.0,
      1.0
    ]
  },
  "g1_predictions": {
    "recalc": [
      0.0,
      -31.595774948513196,
      -6.840074652923619,
      20.747202083025535,
      29.858385319489642,
      29.824613488929874,
      32.47329087994571,
      48.925967095201436,
      85.52191769848046,
      124.08816763077603,
      145.68910962444352,
      148.63907575073875,
      130.09159603956803,
      95.34409624783966,
      56.2446169582721,
      -0.2959030286248321
    ],
    "thrombin": [
      0.0,
      -4.740646124837078,
      -2.5590372318894095,
      0.28693326283883724,
      1.6332222081668917,
      2.1079604338715394,
      2.6859939589589277,
      4.316072152906258,
      7.462444760408067,
      10.622906066723429,
      12.376370028787191,
      12.610347013140846,
      11.118368135255013,
      8.301345803934447,
      5.10149415708119,
      0.08997087023772514
    ],
    "fib": [
      0.0,
      19.80310704906432,
      9.912806535267412,
      -6.385897220061091,
      -12.268787903576785,
      -11.757284784599047,
      -10.534801801451714,
      -14.19192171280403,
      -29.25202922000452,
      -48.68558504670111,
      -59.66458056543612,
      -60.96353340747618,
      -50.56495531135804,
      -32.30950323464985,
      -12.925417753556525,
      2.812174965786787
    ],
    "xiii": [
      0.0,
      40.064164527882106,
      59.528549655213574,
      36.30591970168713,
      22.76496121174894,
      11.565599400494431,
      4.61207888769813,
      0.7639099722344418,
      -15.481752589003099,
      -56.74977078966849,
      -76.0876514685695,
      -81.09025067705505,
      -71.90213544599877,
      -67.33601582258825,
      -40.28852323315885,
      10.490215702422738
    ],
    "AP": [
      0.0,
      0.1722529542501406,
      0.35190734290688275,
      0.40927875637469724,
      0.3984322051629328,
      0.37271061567081887,
      0.3780362401782384,
      0.4500470368468421,
      0.5657216859105891,
      0.6476910103138137,
      0.6850332490651663,
      0.677478145197529,
      0.6240842963234123,
      0.5241958397234385,
      0.4007626784107151,
      0.05046683959138966
    ],
    "D": [
      0.0,
      16.555181974132733,
      31.92613359612661,
      36.53521924066521,
      35.36903684878995,
      33.117035386323415,
      33.855656675509024,
      40.63034284648739,
      50.9795822435833,
      57.975215233371124,
      61.138747432274464,
      60.20439881151918,
      55.233723765954345,
      46.094382443665715,
      35.083131742610405,
      4.38039585853887
    ]
  },
  "g2_predictions": {
    "recalc": [
      0.0,
      -30.827809989188793,
      -19.604111979349135,
      -5.88183711051008,
      2.191340983348418,
      5.384291341016848,
      4.611422536051741,
      1.459989517703523,
      -1.0376187193492372
    ],
    "thrombin": [
      0.0,
      -4.693094734866706,
      -3.7265437819924907,
      -1.9965332289022166,
      -0.7194088685739213,
      0.0027459790271815443,
      0.22045776853716936,
      0.08917284510031587,
      -0.08565977893650378
    ],
    "fib": [
      0.0,
      18.898132818022148,
      11.724586352149643,
      2.7382857522342245,
      -2.091458317568005,
      -3.7134632493140955,
      -3.667746485766111,
      -3.425428915494786,
      -3.996663805546575
    ],
    "xiii": [
      0.0,
      25.220666146799598,
      21.868857372781296,
      3.872967561822449,
      -7.7678037911561,
      -10.346339860275911,
      -6.898552038496591,
      -1.1261956865184852,
      3.438654116574752
    ],
    "AP": [
      0.0,
      0.16776547242841056,
      0.2572456834001454,
      0.28010836499523784,
      0.2731317887858794,
      0.24992448496442568,
      0.20862427607646916,
      0.14951225748787186,
      0.0895124677421907
    ],
    "D": [
      0.0,
      15.680278029814437,
      23.17670600390887,
      24.972704939431882,
      24.24537102565902,
      22.105050669668046,
      18.330787427349993,
      12.999554354653384,
      7.700090114125305
    ]
  },
  "elapsed_s": 727.5758907794952,
  "failed": false
}