{
  "seed": 18,
  "best_x": [
    0.3002139515540607,
    0.37407946347230514,
    4.824306012595562,
    4.381590595912696,
    1.5392833880389778,
    456.123411151235,
    9.387306001164008,
    46.517292075440665,
    9.363248886610801,
    1.9682499514125054,
    3.9691831754473617,
    37.68380951215041,
    39.25240265285205,
    9.133041170674236,
    5.623383243488549,
    0.5090576400519017,
    11.512350614738349,
    111.79279244944291,
    5.804676840421657,
    4.437973060906126,
    35.5246332893266,
    466.12715346579205,
    27.31178428610752,
    2.0744829116719052,
    4.544084224543051,
    0.39912910664373125
  ],
  "best_cost": 0.8641709849026004,
  "decomp_synth": {
    "total": 0.8641709849026004,
    "failed": false,
    "g1_total": 0.6208006399586686,
    "g2_total": 0.24272452344737816,
    "g1_per_observable": {
      "recalc": 0.1469096182228904,
      "thrombin": 0.049363834703131416,
      "fib": 0.16719629579751633,
      "xiii": 0.11034095692110454,
      "AP": 0.07186999140720662,
      "D": 0.07511994290681938
    },
    "g2_per_observable": {
      "recalc": 0.015593700205060073,
      "thrombin": 0.011607062865852419,
      "fib": 0.0943790979512116,
      "xiii": 0.02838144269798744,
      "AP": 0.02381861844920965,
      "D": 0.06894460127805697
    },
    "constraint": 0.0003229107482767717,
    "constraint_weighted": 0.0006458214965535434,
    "saturation_penalty": 0.0,
    "w_group": [
      1.0,
      1.0
    ]
  },
  "g1_predictions": {
    "recalc": [
      0.0,
      -35.53030435314335,
      -14.105372143742748,
      16.797102674140213,
      30.349838871310254,
      33.422270887226624,
      38.64025767174505,
      59.31633310099154,
      103.6946430769104,
      150.4828017086355,
      175.84320656488865,
      178.05034735825762,
      154.99424975208592,
      114.00700594927767,
      69.0769808666283,
      -0.21689519054229667
    ],
    "thrombin": [
      0.0,
      -5.013948587994054,
      -3.5239024342700116,
      -0.8487218465532553,
      0.7484513435974618,
      1.5259431272453412,
      2.2665836952210068,
      3.837543943145826,
      6.7277679915392925,
      9.637801390943983,
      11.20521076402507,
      11.362567948520725,
      9.996769069454656,
      7.53065559329793,
      4.783160875341266,
      0.15295054914096762
    ],
    "fib": [
      0.0,
      16.967343599343742,
      12.877437739461344,
      -0.5225105799879479,
      -6.778302438357816,
      -7.587263235843517,
      -7.871581441774952,
      -13.146799575047813,
      -29.53403833786068,
      -49.53000928084744,
      -60.3724861922725,
      -60.478689585244375,
      -48.718467458527606,
      -29.409662436219236,
      -10.003680308598433,
      5.432888876542707
    ],
    "xiii": [
      0.0,
      22.855652581223893,
      48.86324199678072,
      43.63960154915744,
      35.13934356472415,
      22.932283826680695,
      11.770491731502808,
      4.7760812241555834,
      -11.918239750630967,
      -55.669428276776756,
      -85.60223636104536,
      -93.13473298391654,
      -81.06201443006239,
      -70.76261160081995,
      -42.81598029326551,
      15.686807205945037
    ],
    "AP": [
      0.0,
      0.1116316971891264,
      0.2870640628313023,
      0.3688969647627428,
      0.3799233260896818,
      0.36648462535271764,
      0.37225751185218553,
      0.4349532801561061,
      0.546023081975308,
      0.6365208978302946,
      0.6788883897531999,
      0.6784189282736435,
      0.6323083172744374,
      0.5441070162840762,
      0.4300339235199953,
      0.07560957728936554
    ],
    "D": [
      0.0,
      14.21330708656399,
      28.795803738999226,
      34.305490973588576,
      34.327729881640586,
      33.05029525614386,
      34.41232193746176,
      41.47491316766466,
      51.96369769466798,
      59.09381951066295,
      62.159638319135354,
      61.10604502961775,
      56.05897725398066,
      47.18264435405096,
      36.66321043290504,
      6.281960781124791
    ]
  },
  "g2_predictions": {
    "recalc": [
      0.0,
      -33.97543101831718,
      -19.816853940510278,
      -3.00985929723268,
      5.351886056518481,
      7.116570945770221,
      4.478796272732602,
      0.2097989261365356,
      -2.2243900478909815
    ],
    "thrombin": [
      0.0,
      -4.871606853789757,
      -3.9243850583359476,
      -2.134163409584464,
      -0.862136109902863,
      -0.1880618764257842,
      0.0022152714121763672,
      -0.08736764136144815,
      -0.1807424804852894
    ],
    "fib": [
      0.0,
      18.189829824550753,
      13.246952461514088,
      4.862938137770483,
      0.48559888836661,
      -0.703824617597629,
      -0.46070308854119624,
      -0.6050214416292086,
      -2.0997033509989986
    ],
    "xiii": [
      0.0,
      15.70959507349244,
      14.569489565404618,
      -1.6750114686706712,
      -12.690335922529668,
      -13.353105315337292,
      -7.3155582095008596,
      0.03898447885839312,
      4.577455486866347
    ],
    "AP": [
      0.0,
      0.1370795752967923,
      0.2495222361695208,
      0.28596595993768126,
      0.2806245109465778,
      0.25323316440754146,
      0.2075862736523858,
      0.14680281869344242,
      0.08676279660448934
    ],
    "D": [
      0.0,
      15.799440099537923,
      24.095876011380003,
      26.173280723251036,
      25.095092381896876,
      22.243475403321995,
      17.728702417320992,
      12.004545139939687,
      6.77402022720117
    ]
  },
  "elapsed_s": 743.584582567215,
  "failed": false
}