{
  "seed": 89,
  "best_x": [
    0.25251490646625663,
    0.20011285373412974,
    5.953734122133579,
    5.187356647584917,
    2.0844295866774303,
    683.6622839910176,
    4.673922105558235,
    993.4990040251579,
    8.943896674010233,
    1.5797214999188303,
    3.2028264964198745,
    33.66547377906268,
    34.11410488781587,
    2.2178547504187733,
    5.486863883470259,
    0.15278815148579827,
    9.439689159581263,
    94.34911887691396,
    1.6706461457430613,
    0.6114608519126553,
    48.90309675973252,
    535.1558225235717,
    10.064338014589566,
    2.293466072439317,
    5.633644480725509,
    0.419689338218209
  ],
  "best_cost": 0.8109802461580273,
  "decomp_synth": {
    "total": 0.8109802461580273,
    "failed": false,
    "g1_total": 0.6170527835483492,
    "g2_total": 0.19348066967210636,
    "g1_per_observable": {
      "recalc": 0.08922129181579685,
      "thrombin": 0.09875923836893918,
      "fib": 0.18686903797911344,
      "xiii": 0.08851496094898276,
      "AP": 0.08110181134220755,
      "D": 0.07258644309330939
    },
    "g2_per_observable": {
      "recalc": 0.010706520177627379,
      "thrombin": 0.016812623938728708,
      "fib": 0.05818118734276845,
      "xiii": 0.0264711899193577,
      "AP": 0.015704388370169468,
      "D": 0.06560475992345467
    },
    "constraint": 0.00022339646878587508,
    "constraint_weighted": 0.00044679293757175016,
    "saturation_penalty": 0.0,
    "w_group": [
      1.0,
      1.0
    ]
  },
  "g1_predictions": {
    "recalc": [
      0.0,
      -33.00669627850058,
      -19.995149177392182,
      9.621354326915139,
      29.338448109646492,
      36.72093907567514,
      39.18160707374909,
      48.475460881688136,
      77.55325886495314,
      117.80136975523202,
      141.81168549294853,
      142.3930935254321,
      121.41163196126013,
      90.35355023984475,
      60.95129712615578,
      4.719232361844527
    ],
    "thrombin": [
      0.0,
      -4.962690065266592,
      -3.711896793176763,
      -0.7230770790542631,
      1.457588067540224,
      2.533923007353894,
      3.085359679268598,
      4.0717474634251705,
      6.478646437232003,
      9.583501803175764,
      11.397110134637758,
      11.441549360975944,
      9.871912364767315,
      7.53230791652291,
      5.291253058150713,
      0.7316449205180529
    ],
    "fib": [
      0.0,
      16.90106347525199,
      18.359102778623953,
      6.261646972430558,
      -2.626758612881964,
      -5.413392153718665,
      -5.433199302652582,
      -8.174821256878598,
      -21.770263095799915,
      -44.36755625992666,
      -58.86631992175162,
      -59.71896420586987,
      -47.78803207452615,
      -30.31981062935648,
      -14.470109061799425,
      8.092298789896695
    ],
    "xiii": [
      0.0,
      27.685355279535308,
      58.77244616857025,
      49.42442615715096,
      31.224112799090896,
      9.407693329998802,
      -4.086966168584926,
      -4.703992982506999,
      -11.394520057877758,
      -50.96982325485813,
      -78.46468523633105,
      -83.57057287469742,
      -70.07697790402098,
      -64.20679662179185,
      -45.2729621537344,
      20.95949996777381
    ],
    "AP": [
      0.0,
      0.10992982209455543,
      0.2943937964420184,
      0.4019925522064822,
      0.4390851425177758,
      0.4374772277847685,
      0.4327296533355953,
      0.4723708845335036,
      0.5777193642528646,
      0.6792065334871877,
      0.7236848332867258,
      0.7120215786801408,
      0.6514407077404317,
      0.5619702217944236,
      0.4678142203831456,
      0.1731317045060497
    ],
    "D": [
      0.0,
      12.857469604522143,
      28.189921088452973,
      36.15468210954518,
      38.464242040109944,
      37.94819203191377,
      37.84441805717251,
      42.43703711952089,
      52.36888024425511,
      60.390843583770945,
      63.348417364193864,
      61.37977821807058,
      55.442625232299456,
      47.34965095386487,
      39.251096959236435,
      14.503172284336276
    ]
  },
  "g2_predictions": {
    "recalc": [
      0.0,
      -32.85821003292282,
      -24.890836959203675,
      -7.539494274658114,
      3.4493204367865644,
      6.303055205967905,
      3.476426302177316,
      -0.5721882539353889,
      -2.2830737819240046
    ],
    "thrombin": [
      0.0,
      -4.951728796698884,
      -4.1777757441807015,
      -2.146095470516056,
      -0.6342590369712524,
      0.06488360733266862,
      0.12243101492448227,
      -0.08007136546754312,
      -0.19298194887887202
    ],
    "fib": [
      0.0,
      16.81072632898099,
      18.289739874740743,
      12.15375844212974,
      7.867345614822687,
      6.587310622048449,
      6.763037556285196,
      6.19267034304031,
      4.140419882115734
    ],
    "xiii": [
      0.0,
      19.326792603045362,
      23.70483321339997,
      3.914766031329576,
      -13.892057307421936,
      -17.852492858358055,
      -10.700081820068846,
      -1.0798152023007883,
      4.343062354611742
    ],
    "AP": [
      0.0,
      0.11024131300366947,
      0.23966699005537848,
      0.2995270703289589,
      0.30788200247244496,
      0.27852830366603326,
      0.2186146535641203,
      0.14348456732547774,
      0.07915032347580958
    ],
    "D": [
      0.0,
      12.3076622016486,
      22.447099156407134,
      26.60340421322076,
      26.61397514431978,
      23.49605116047277,
      17.851154567079224,
      11.258980716365599,
      6.014869254227747
    ]
  },
  "elapsed_s": 793.2391798496246,
  "failed": false
}