{
  "seed": 57,
  "best_x": [
    0.29596994607438054,
    0.30136646202241973,
    8.565356715151085,
    8.148669475249324,
    8.151268014774555,
    191.9643103800655,
    3.2056005451925182,
    20.075942848091717,
    9.283765525111011,
    1.7841123970837371,
    3.6048427718252425,
    34.25633657338065,
    35.01959505790207,
    6.370546202172326,
    5.498509141290308,
    0.40373365223815016,
    11.187258611988263,
    113.2017786299696,
    5.214913473302247,
    0.678143957598247,
    58.90160625062128,
    599.3814582948454,
    29.069303143607854,
    4.420674133672515,
    4.276907713878558,
    0.43215199854550834
  ],
  "best_cost": 0.799827031950382,
  "decomp_synth": {
    "total": 0.799827031950382,
    "failed": false,
    "g1_total": 0.5978879190027175,
    "g2_total": 0.20085297662179674,
    "g1_per_observable": {
      "recalc": 0.10787847216469874,
      "thrombin": 0.08861869863859999,
      "fib": 0.16252891434531933,
      "xiii": 0.07624948386167424,
      "AP": 0.08291138853767335,
      "D": 0.07970096145475188
    },
    "g2_per_observable": {
      "recalc": 0.00694392037745039,
      "thrombin": 0.020445065252947637,
      "fib": 0.06788207101448004,
      "xiii": 0.020428329043937155,
      "AP": 0.008543583816218335,
      "D": 0.07661000711676319
    },
    "constraint": 0.0005430681629337942,
    "constraint_weighted": 0.0010861363258675885,
    "saturation_penalty": 0.0,
    "w_group": [
      1.0,
      1.0
    ]
  },
  "g1_predictions": {
    "recalc": [
      0.0,
      -33.55936512792917,
      -17.053875112550553,
      12.57460281030091,
      27.342674576329507,
      30.453771879395244,
      31.849020963657374,
      43.365423349680285,
      76.95512664415463,
      118.25074289207579,
      140.90919175944254,
      141.68805021618857,
      121.13001942684937,
      88.09412536225432,
      54.728771550867,
      0.7794110924562379
    ],
    "thrombin": [
      0.0,
      -4.942265938416575,
      -3.597102933564712,
      -0.8114369130362511,
      0.9242073794965573,
      1.6853579850573128,
      2.1740701658197112,
      3.2801335516997017,
      5.8142172978844755,
      8.734417939266736,
      10.320276731073637,
      10.38829836037546,
      8.9866186191434,
      6.702085950414626,
      4.357594608620522,
      0.2560032830613092
    ],
    "fib": [
      0.0,
      19.45045175303056,
      15.708525988914129,
      -1.0060180992748453,
      -9.341201253421355,
      -10.179103657615952,
      -8.91186026014316,
      -11.630020239985672,
      -27.842589535494223,
      -52.12629817415493,
      -65.75687722953218,
      -65.80554697925984,
      -52.52888927100013,
      -32.40154785997513,
      -13.453270259256428,
      6.215920334793497
    ],
    "xiii": [
      0.0,
      23.838882353400887,
      42.63006866436897,
      35.272157128243364,
      25.548163381145383,
      12.451949837057036,
      5.5159128654358005,
      5.86552508752771,
      -2.772024874336366,
      -45.37106986631083,
      -75.01695375249749,
      -81.1774046617041,
      -64.58931358354593,
      -53.13872382712432,
      -27.167972982390406,
      9.690638030057821
    ],
    "AP": [
      0.0,
      0.1263897033429993,
      0.29860273241243296,
      0.3784381950864929,
      0.39079879891383884,
      0.3744009000736166,
      0.3687109124245936,
      0.41848724253332303,
      0.5272157498627819,
      0.619453438729002,
      0.6609498258819213,
      0.6543086042584944,
      0.6011947213919199,
      0.5103335907461213,
      0.4039984285125707,
      0.09325603155607097
    ],
    "D": [
      0.0,
      14.376532618230284,
      29.883816447531515,
      36.46260582014714,
      37.083537455213985,
      35.40349509536137,
      35.24579460688872,
      40.82132287709099,
      51.51792500846468,
      59.665398502963406,
      63.11516450547412,
      61.87862276554754,
      56.34929824931811,
      47.32661594186058,
      37.22010487256091,
      8.544211322731229
    ]
  },
  "g2_predictions": {
    "recalc": [
      0.0,
      -33.17175108437695,
      -22.348007288311695,
      -4.485911835674013,
      6.148058362069868,
      9.726969025505312,
      7.8278332144337295,
      3.118315898943411,
      -0.49865216014027425
    ],
    "thrombin": [
      0.0,
      -4.90585287341701,
      -4.044473091938517,
      -2.0829016965936065,
      -0.6274368571659483,
      0.1530030836596903,
      0.34466114371734125,
      0.16541315959116243,
      -0.04788060070557354
    ],
    "fib": [
      0.0,
      19.58499558101087,
      15.781621717098334,
      5.712108551556815,
      0.06914400077440597,
      -1.5461734607738666,
      -0.9443098103649223,
      -0.1686065681717981,
      -0.7560366615180998
    ],
    "xiii": [
      0.0,
      15.712355418422842,
      14.752432775468707,
      -0.2693783045771234,
      -11.3043912455879,
      -13.162724201844087,
      -8.568379614035218,
      -2.3427598693383405,
      1.7592357347334524
    ],
    "AP": [
      0.0,
      0.1317281624645484,
      0.24820357702249296,
      0.29271385159487934,
      0.29688267433889143,
      0.2758175208684655,
      0.23035390698830058,
      0.1643346903614561,
      0.09760650788705497
    ],
    "D": [
      0.0,
      14.412288239128234,
      24.49637997485038,
      28.07277906192117,
      28.12080025298103,
      25.853136759990374,
      21.24664945087842,
      14.807990298263668,
      8.591021884061197
    ]
  },
  "elapsed_s": 678.3597040176392,
  "failed": false
}