{
  "seed": 41,
  "best_x": [
    0.24617166355246806,
    0.2365241601726648,
    18.287702922273056,
    15.216739423614289,
    12.122028865414979,
    138.9434144416927,
    2.496627991189418,
    789.3663317737448,
    9.0676671400768,
    1.7134482099086399,
    2.8360897758442425,
    35.09118914108964,
    34.634006980619034,
    5.753671144001665,
    5.736676400555311,
    0.44604173644528955,
    11.561925023650005,
    105.48487334485017,
    4.531268682351339,
    0.5163752998450766,
    61.254227960809075,
    599.922550054986,
    33.2753898493453,
    3.912310130009894,
    4.854153085133959,
    0.45023559975299143
  ],
  "best_cost": 0.8403854242880368,
  "decomp_synth": {
    "total": 0.8403854242880368,
    "failed": false,
    "g1_total": 0.601135710711334,
    "g2_total": 0.23810546166736707,
    "g1_per_observable": {
      "recalc": 0.13692722388830061,
      "thrombin": 0.0697517265803775,
      "fib": 0.15419713655392417,
      "xiii": 0.07531908819915399,
      "AP": 0.0752104850154438,
      "D": 0.08973005047413382
    },
    "g2_per_observable": {
      "recalc": 0.010491132508724748,
      "thrombin": 0.011535346766812568,
      "fib": 0.06160009894881069,
      "xiii": 0.03925606907136766,
      "AP": 0.016622230511644517,
      "D": 0.0986005838600069
    },
    "constraint": 0.0005721259546679007,
    "constraint_weighted": 0.0011442519093358013,
    "saturation_penalty": 0.0,
    "w_group": [
      1.0,
      1.0
    ]
  },
  "g1_predictions": {
    "recalc": [
      0.0,
      -35.036449596079635,
      -23.073883492942585,
      5.376894240128564,
      24.597965806525373,
      31.85221511737491,
      34.292472186559195,
      42.38102950206787,
      67.40667184993467,
      104.1778937676136,
      129.8222216799002,
      135.0746450150834,
      118.46969720215998,
      89.1682947640585,
      58.91748984731133,
      2.649083372683588
    ],
    "thrombin": [
      0.0,
      -5.158725764001627,
      -3.826790639409859,
      -0.712145903367134,
      1.5422026297289806,
      2.625333193158902,
      3.1789663083010025,
      4.170931437844986,
      6.546544707823116,
      9.745118057922936,
      11.903249464887432,
      12.309292324742806,
      10.87307340353713,
      8.356551946428015,
      5.743860212180778,
      0.5724305884654888
    ],
    "fib": [
      0.0,
      19.810609325596708,
      19.02031372080586,
      4.031499870801005,
      -6.866798668703373,
      -10.3021507566999,
      -9.6113703489588,
      -9.77671188172333,
      -18.90836943180751,
      -38.466761685720215,
      -53.689515501700704,
      -57.46882503929291,
      -48.189205434174106,
      -31.677075254229095,
      -15.104612091191564,
      7.450100224575086
    ],
    "xiii": [
      0.0,
      27.45316352929079,
      44.531009252427985,
      29.24712875622639,
      13.063191092272941,
      -3.205240694500712,
      -9.951019605314222,
      -8.05509531587982,
      -13.069952868619003,
      -44.902376307549005,
      -65.1512231958104,
      -73.89163543647796,
      -66.94743158240514,
      -63.371427913519604,
      -42.54853719962061,
      10.911068876384746
    ],
    "AP": [
      0.0,
      0.13549596294778501,
      0.3142225989633609,
      0.4060784584344491,
      0.42999646868881936,
      0.4212561704482667,
      0.417590978717152,
      0.4637861023445311,
      0.5706288480782425,
      0.6670112012309689,
      0.7108589021733446,
      0.6991574619243374,
      0.6372428848306625,
      0.5423597244474982,
      0.440669615407474,
      0.13683528786377647
    ],
    "D": [
      0.0,
      12.398085016599872,
      26.892586476206482,
      34.073270312201956,
      35.78880002671331,
      34.97881947718357,
      34.81863547130969,
      39.03663001343149,
      48.12933422915188,
      55.86996067612807,
      59.25122481998177,
      57.95900987121758,
      52.581579778694845,
      44.56238442235097,
      36.1355412582736,
      11.208907969785827
    ]
  },
  "g2_predictions": {
    "recalc": [
      0.0,
      -34.823769725683164,
      -28.202462290554625,
      -11.971741504543491,
      -0.5272462574196162,
      4.537713393117091,
      4.365305077927106,
      1.3798209008918771,
      -1.0467979089763393
    ],
    "thrombin": [
      0.0,
      -5.1629065983809115,
      -4.417915854110581,
      -2.3751069690632276,
      -0.7736345544333014,
      0.10535405414562504,
      0.3386070461593016,
      0.16786169613971125,
      -0.045554677145413
    ],
    "fib": [
      0.0,
      19.0416992929912,
      17.42136982160403,
      8.429049711542081,
      2.1989681165153563,
      -0.5147936773587531,
      -1.1988268935264248,
      -1.5042663349354406,
      -2.4400069493067313
    ],
    "xiii": [
      0.0,
      17.608195869646277,
      16.902203736473915,
      0.9672139404742458,
      -10.821871098761731,
      -13.738687195397093,
      -10.167251130074627,
      -4.133005485995789,
      0.6936734591819341
    ],
    "AP": [
      0.0,
      0.12779803388645586,
      0.24213789079816767,
      0.2876236228788164,
      0.2929144375103199,
      0.27135381382557666,
      0.22379978642696702,
      0.15668930751879834,
      0.09188948335982236
    ],
    "D": [
      0.0,
      11.48135552595644,
      20.562540659576836,
      24.04642720274839,
      24.317121848132444,
      22.388476455143323,
      18.29684863948186,
      12.653418251357024,
      7.3371926078495795
    ]
  },
  "elapsed_s": 755.2663586139679,
  "failed": false
}