{
  "seed": 74,
  "best_x": [
    0.27155070944654536,
    0.2485854427240603,
    5.372668692510319,
    4.648464940097448,
    26.91645015403182,
    846.3342578476678,
    9.724679126045569,
    31.63965777613224,
    9.326619759918735,
    1.7349473628610572,
    3.076025710837833,
    38.27033170515868,
    38.517781390264645,
    4.419553689195928,
    5.35677637630366,
    0.2669002166961396,
    14.25759236677524,
    136.40072331027568,
    3.5020637789408116,
    0.3131776097889091,
    49.091772243020145,
    523.4618982942284,
    15.307525119674164,
    3.0256119484252357,
    4.902089569796425,
    0.40729243740281296
  ],
  "best_cost": 0.8813283999814263,
  "decomp_synth": {
    "total": 0.8813283999814263,
    "failed": false,
    "g1_total": 0.6902826091036215,
    "g2_total": 0.19048758800219956,
    "g1_per_observable": {
      "recalc": 0.07713035409399599,
      "thrombin": 0.08826575961185638,
      "fib": 0.20128283643419143,
      "xiii": 0.1341004021333317,
      "AP": 0.0767258345378726,
      "D": 0.11277742229237345
    },
    "g2_per_observable": {
      "recalc": 0.016322155710738657,
      "thrombin": 0.01482503688168293,
      "fib": 0.03829288164242433,
      "xiii": 0.02329952044459703,
      "AP": 0.011382353823196426,
      "D": 0.08636563949956018
    },
    "constraint": 0.0002791014378026165,
    "constraint_weighted": 0.000558202875605233,
    "saturation_penalty": 0.0,
    "w_group": [
      1.0,
      1.0
    ]
  },
  "g1_predictions": {
    "recalc": [
      0.0,
      -36.44985827648573,
      -16.196857274200145,
      17.94892212380386,
      36.33104929724711,
      40.71469659746739,
      41.27222829738504,
      51.027326992181884,
      83.98438112247761,
      130.50037311796336,
      161.4097639514664,
      166.6825633759407,
      145.48412558396424,
      108.55130768166376,
      70.53700473376118,
      2.571131182119542
    ],
    "thrombin": [
      0.0,
      -4.772393779640072,
      -3.1863204003668404,
      -0.2141323908083237,
      1.6697288993321813,
      2.459473471150931,
      2.8391620953911003,
      3.7372147361418193,
      6.10323902055593,
      9.253010474449248,
      11.313601000435416,
      11.678790016332542,
      10.30923847575533,
      7.8883016505919015,
      5.356108578058783,
      0.48205248638178066
    ],
    "fib": [
      0.0,
      21.27048255857088,
      18.143114014306246,
      1.1556003719288075,
      -8.470624702219986,
      -10.078089817998311,
      -8.76046251598267,
      -10.454556993548016,
      -23.585272170954184,
      -46.695003239153465,
      -62.78451385463678,
      -64.56829733833236,
      -51.257407137115436,
      -29.97762876552498,
      -9.935623474029345,
      11.283085576102334
    ],
    "xiii": [
      0.0,
      23.698358293987024,
      49.459496607722116,
      48.09494470297806,
      39.70308986323951,
      23.373592020533344,
      11.293310255712266,
      10.841673574078099,
      7.108570044910753,
      -28.885434901698016,
      -64.1849565555271,
      -78.89068837398963,
      -69.09584624084493,
      -61.368103385135434,
      -37.12168461381443,
      17.960243215691822
    ],
    "AP": [
      0.0,
      0.11284644011777838,
      0.3015806738124322,
      0.4052877240501386,
      0.43404594741178343,
      0.42351327280056406,
      0.4097930722282569,
      0.4380416892541541,
      0.5350242761544703,
      0.6427532721940544,
      0.7033957048887296,
      0.7103556391269747,
      0.6644370277241068,
      0.578286620588542,
      0.4742483612122701,
      0.1406251484481573
    ],
    "D": [
      0.0,
      13.523185940961655,
      28.908898583186023,
      36.18837564427713,
      37.615906399919204,
      36.2941466386261,
      35.4301975776778,
      39.09074907557477,
      48.51349143538378,
      57.187285036307976,
      61.536972201238484,
      61.05779413789947,
      56.23034431732826,
      48.15736900850757,
      39.11162176212522,
      11.516968427964452
    ]
  },
  "g2_predictions": {
    "recalc": [
      0.0,
      -36.05145963029389,
      -23.61003798752556,
      -4.9247506841584965,
      5.169098026822013,
      7.27112831555737,
      4.077537811881953,
      -0.456481739231684,
      -2.6095444915248662
    ],
    "thrombin": [
      0.0,
      -4.731923713196834,
      -3.7519452899279173,
      -1.83229066401202,
      -0.5103259561248956,
      0.10018566787680405,
      0.1616409085012971,
      -0.030669929875989932,
      -0.1620304519194352
    ],
    "fib": [
      0.0,
      21.70260748128174,
      18.648864819914426,
      8.500864693863567,
      2.6501392198282545,
      0.9643209465340803,
      1.0805219235622445,
      0.3571772768220658,
      -2.1148915227641254
    ],
    "xiii": [
      0.0,
      16.33681430473984,
      17.694256170178928,
      2.370557296555738,
      -9.68581875359735,
      -10.819367776833461,
      -4.578912900573445,
      2.0311414458513406,
      4.906073170571349
    ],
    "AP": [
      0.0,
      0.11990131315994625,
      0.25087935716761667,
      0.30348733598879635,
      0.30586636354190017,
      0.27751672790375537,
      0.22437451748455292,
      0.15484962668065458,
      0.08973465417006855
    ],
    "D": [
      0.0,
      13.527955154637198,
      23.356935041648388,
      26.66770439498546,
      26.17710327124591,
      23.242906596210688,
      18.229351739404976,
      12.068414591295626,
      6.720916366532529
    ]
  },
  "elapsed_s": 915.5942966938019,
  "failed": false
}