{
  "seed": 7,
  "best_x": [
    0.23351138451266257,
    0.22601454223380046,
    9.854976621643122,
    9.055732424941676,
    3.8900324531874446,
    459.2946878005333,
    7.194917691143699,
    997.3624727917563,
    9.24886398027456,
    1.691372623846474,
    3.9472515289405505,
    36.54646830236857,
    40.35923205571,
    5.6180386725051505,
    5.458780900240609,
    0.309678102415341,
    8.766878338585517,
    102.59633810308921,
    4.1137681974663325,
    1.4606234699837086,
    48.08250714249858,
    599.9576421515212,
    26.88228188560053,
    2.807605323352596,
    5.063305000117795,
    0.43373354525484065
  ],
  "best_cost": 0.7684242963009856,
  "decomp_synth": {
    "total": 0.7684242963009856,
    "failed": false,
    "g1_total": 0.5598594208700556,
    "g2_total": 0.2083265651031929,
    "g1_per_observable": {
      "recalc": 0.08356837559445525,
      "thrombin": 0.10331873752274771,
      "fib": 0.13768461287104033,
      "xiii": 0.09808498503850455,
      "AP": 0.09222615639093522,
      "D": 0.044976553452372524
    },
    "g2_per_observable": {
      "recalc": 0.01692409325004577,
      "thrombin": 0.014472213697710602,
      "fib": 0.03953857219104031,
      "xiii": 0.05055241149472485,
      "AP": 0.026469773753777015,
      "D": 0.060369500715894336
    },
    "constraint": 0.00011915516386859413,
    "constraint_weighted": 0.00023831032773718826,
    "saturation_penalty": 0.0,
    "w_group": [
      1.0,
      1.0
    ]
  },
  "g1_predictions": {
    "recalc": [
      0.0,
      -35.584296347131485,
      -23.27183439892793,
      1.8426215355884779,
      17.6971705365153,
      23.833698255651466,
      27.450477033096824,
      39.76688944933067,
      73.18107061036328,
      116.00531881698947,
      142.0098707917054,
      145.0460576150403,
      125.82998693903862,
      93.95442966195549,
      61.71173652163,
      2.6222982180991403
    ],
    "thrombin": [
      0.0,
      -4.922767847319634,
      -3.97643871346797,
      -1.643734764698876,
      0.08633500163747332,
      1.0346719451945259,
      1.659468063223923,
      2.7236294803235914,
      4.990546907443557,
      7.687421010888945,
      9.294045825976031,
      9.491033301983725,
      8.339765346276705,
      6.40465213217768,
      4.417368750212877,
      0.47997811782410155
    ],
    "fib": [
      0.0,
      14.194491663849293,
      11.850849431936805,
      0.721898833525275,
      -6.084243823841552,
      -7.648729179355579,
      -7.307822944133816,
      -10.083970084943399,
      -23.985854707962062,
      -45.85354136870644,
      -59.711649633132566,
      -60.90816468001092,
      -49.53931853300999,
      -31.622581597109797,
      -14.470036635113377,
      8.047201638603678
    ],
    "xiii": [
      0.0,
      26.10231433513905,
      48.52691408386024,
      40.51156677952012,
      30.341375425275903,
      15.920937383702471,
      6.580697800355693,
      4.667004683936014,
      -6.259573965566808,
      -45.7885393484678,
      -67.69259519186096,
      -72.12453256445372,
      -60.9240498369288,
      -58.168172815120094,
      -38.7127746255245,
      18.99887429418823
    ],
    "AP": [
      0.0,
      0.10935655034971307,
      0.26831498379508323,
      0.3545862488256814,
      0.38009666637095946,
      0.3749884771915064,
      0.3741018475523834,
      0.4236334270217813,
      0.5383805346146794,
      0.6437797065170617,
      0.694748274540133,
      0.6925249517605017,
      0.6422830924791879,
      0.5572300018494635,
      0.4600268318037511,
      0.15094519920474286
    ],
    "D": [
      0.0,
      11.845349161733106,
      25.92512086077205,
      33.10110389443574,
      34.97858061850837,
      34.357840612997265,
      34.534828712144865,
      39.81250048419623,
      50.7692111307634,
      59.924193531460226,
      64.10751886416804,
      63.34662618814283,
      58.31689273918439,
      50.22614889939451,
      41.308408483652215,
      13.524426739294093
    ]
  },
  "g2_predictions": {
    "recalc": [
      0.0,
      -35.35762591003102,
      -27.506100396156274,
      -10.821618156048697,
      0.7540183555839626,
      5.228816635096962,
      3.6971666043004454,
      -0.3411049986790591,
      -2.5680130446228167
    ],
    "thrombin": [
      0.0,
      -4.902493581413943,
      -4.301505076484467,
      -2.5045051438677914,
      -1.0385808084950625,
      -0.2099538930313285,
      0.02868623303970086,
      -0.07182142333167507,
      -0.17461728590122474
    ],
    "fib": [
      0.0,
      14.28452070664918,
      11.94154719181239,
      4.652658973036502,
      0.05167209093544578,
      -1.2189520639376532,
      -0.46898470562404526,
      0.09006484873794207,
      -1.0146281751797162
    ],
    "xiii": [
      0.0,
      17.24815899512201,
      17.368612866759864,
      0.3122190200254698,
      -13.455088885675034,
      -16.533417873138013,
      -10.705513681086499,
      -1.8913619867593396,
      3.9105157812173448
    ],
    "AP": [
      0.0,
      0.11285354537292461,
      0.22711153702428172,
      0.281456430059199,
      0.29425369051487243,
      0.2765091061338016,
      0.22960978729008585,
      0.16084847451164638,
      0.09350176041995373
    ],
    "D": [
      0.0,
      11.852315908839543,
      21.707256786521086,
      26.165716082848707,
      26.99471351449001,
      25.07799679022354,
      20.488992804103,
      14.04231038077956,
      7.995853063712685
    ]
  },
  "elapsed_s": 860.5180184841156,
  "failed": false
}