{
  "seed": 48,
  "best_x": [
    0.25649447921214763,
    0.32422012288872076,
    15.181775964490598,
    14.125709099164405,
    0.10000318278799245,
    69.53821374954256,
    2.7778776181968103,
    37.65280921125883,
    9.122688658945409,
    1.8425707099010924,
    5.398217191958727,
    27.129411802639034,
    30.45212450898443,
    13.955044431851638,
    5.13448043993622,
    0.9505958205129867,
    7.236445891180842,
    81.0684311989815,
    7.9750733222854855,
    29.99658321511646,
    28.324141947672345,
    415.8526189182149,
    46.98895452255508,
    2.2533159887861824,
    5.3523136873532255,
    0.42565374829163705
  ],
  "best_cost": 0.8156403096928299,
  "decomp_synth": {
    "total": 0.8156403096928299,
    "failed": false,
    "g1_total": 0.5819391641470792,
    "g2_total": 0.2329998916416534,
    "g1_per_observable": {
      "recalc": 0.11249416285706453,
      "thrombin": 0.08971194409276155,
      "fib": 0.1356901902502221,
      "xiii": 0.12020699630690021,
      "AP": 0.07490722472775513,
      "D": 0.048928645912375675
    },
    "g2_per_observable": {
      "recalc": 0.014598138773674425,
      "thrombin": 0.03611765218332565,
      "fib": 0.038609650229532506,
      "xiii": 0.035265994753744874,
      "AP": 0.01094982677722381,
      "D": 0.09745862892415212
    },
    "constraint": 0.000350626952048629,
    "constraint_weighted": 0.000701253904097258,
    "saturation_penalty": 0.0,
    "w_group": [
      1.0,
      1.0
    ]
  },
  "g1_predictions": {
    "recalc": [
      0.0,
      -26.76105670883612,
      -15.482049904632706,
      6.377630420543085,
      18.85712193373032,
      23.816341075086516,
      30.599027254586254,
      51.48881749108211,
      92.9041415687933,
      132.74402993405283,
      150.79798161723218,
      148.82358838826948,
      127.18746975181648,
      93.1226937930839,
      57.755130499490335,
      0.7172629067330605
    ],
    "thrombin": [
      0.0,
      -4.628670527733431,
      -3.626878712994523,
      -1.2730912280978162,
      0.3642518037269733,
      1.2908250727856572,
      2.223902248237623,
      4.109149893978739,
      7.353022772447276,
      10.325348372611685,
      11.666039530084301,
      11.525955984235605,
      9.94178054679026,
      7.423606701272969,
      4.781150967593339,
      0.2259653249440024
    ],
    "fib": [
      0.0,
      13.695038363671008,
      14.356963773389584,
      6.488654251927247,
      1.3749009142272843,
      -0.06754933911329974,
      -0.5437111539263162,
      -5.062264788079652,
      -19.6361522191753,
      -36.54322386150236,
      -44.45937267921562,
      -43.89970029489801,
      -34.99609072511642,
      -21.511642996762355,
      -8.304903253760303,
      4.478215627060277
    ],
    "xiii": [
      0.0,
      20.89690366462814,
      44.6481405324975,
      41.61650753155056,
      32.942507215536075,
      20.922977141947513,
      11.53424644905373,
      5.763256429529047,
      -11.588673812668798,
      -54.29389640423908,
      -78.5977450395404,
      -81.08147778931202,
      -68.60057555127766,
      -60.38774727656501,
      -38.75416581662575,
      12.46057759949883
    ],
    "AP": [
      0.0,
      0.1214872609052577,
      0.2736003980587428,
      0.34252738048983855,
      0.354338966149224,
      0.3523079864997377,
      0.3827889118218702,
      0.4791114770576232,
      0.6048003287329625,
      0.6825733161998719,
      0.7085159482847081,
      0.6899174953752609,
      0.6276390672760059,
      0.5271861707921733,
      0.4118563781190746,
      0.08555131094130829
    ],
    "D": [
      0.0,
      12.49851534032512,
      26.182681933261843,
      32.09108245295308,
      32.95328585883566,
      32.81895219029292,
      36.012420460077294,
      45.394806089387146,
      57.01774844303401,
      63.8019300303145,
      65.9680437794462,
      63.918237215770134,
      57.86454362937834,
      48.2957388389793,
      37.581154266203704,
      7.777514171762673
    ]
  },
  "g2_predictions": {
    "recalc": [
      0.0,
      -26.098764777401204,
      -17.980310382152823,
      -3.9630127420918875,
      4.830255943572528,
      7.650978811017545,
      5.841331514670562,
      1.9229214410668405,
      -0.7398258943376224
    ],
    "thrombin": [
      0.0,
      -4.549812788969895,
      -3.876961303189086,
      -2.1184691551059363,
      -0.752069134873272,
      -0.015231660189786833,
      0.1693742095305244,
      0.02613502980250726,
      -0.12362407349336851
    ],
    "fib": [
      0.0,
      14.352500187742026,
      13.332148723299607,
      8.070443114182154,
      4.454583133677122,
      2.8818658597034608,
      2.3079988635128634,
      1.575025012214593,
      0.18740178753754932
    ],
    "xiii": [
      0.0,
      13.844475302992777,
      15.590838022815573,
      2.965467881023526,
      -8.370480401660098,
      -11.590628809424935,
      -8.183761628575288,
      -2.4430137854365337,
      1.7375152478229767
    ],
    "AP": [
      0.0,
      0.13775424998504807,
      0.23507992347343248,
      0.2745593925401975,
      0.27680496387937725,
      0.25353130789135037,
      0.20534909231738394,
      0.1384442368631968,
      0.07559093353645494
    ],
    "D": [
      0.0,
      13.708459626871445,
      22.31564091446685,
      25.65524722029898,
      25.66716256243071,
      23.351051816749347,
      18.715027719988793,
      12.42423479077804,
      6.680166799160786
    ]
  },
  "elapsed_s": 725.0140345096588,
  "failed": false
}