{
  "seed": 33,
  "best_x": [
    0.24502922893516121,
    0.2653296428505006,
    16.686733646039386,
    14.66121364563883,
    4.337401363578664,
    179.81168454196177,
    5.066985635052088,
    785.6512141610399,
    9.184642526821847,
    1.9746730946237117,
    3.357696798672692,
    31.278053753860277,
    32.92707089175803,
    9.593294627189067,
    5.366471788660817,
    0.6467051562382284,
    9.691787745770483,
    104.81326122565632,
    7.363754182578846,
    1.3968698403281148,
    39.92025194146422,
    584.9472093922034,
    46.101684108765284,
    2.6245353476798305,
    4.804920743478007,
    0.43299436559899374
  ],
  "best_cost": 0.800747428494038,
  "decomp_synth": {
    "total": 0.800747428494038,
    "failed": false,
    "g1_total": 0.6142552413997302,
    "g2_total": 0.1850284836009475,
    "g1_per_observable": {
      "recalc": 0.11983599289481847,
      "thrombin": 0.10201103735556555,
      "fib": 0.1289320278497839,
      "xiii": 0.11220420483924154,
      "AP": 0.07031511219996615,
      "D": 0.08095686626035464
    },
    "g2_per_observable": {
      "recalc": 0.009917232576990597,
      "thrombin": 0.013223215356615591,
      "fib": 0.04998830158510507,
      "xiii": 0.03499131972461984,
      "AP": 0.03480307472322285,
      "D": 0.04210533963439355
    },
    "constraint": 0.0007318517466801797,
    "constraint_weighted": 0.0014637034933603593,
    "saturation_penalty": 0.0,
    "w_group": [
      1.0,
      1.0
    ]
  },
  "g1_predictions": {
    "recalc": [
      0.0,
      -30.0916649258158,
      -15.607119682197265,
      9.224081792245293,
      23.7764478946602,
      30.002278772863136,
      36.145239082028155,
      51.87062697848357,
      83.30112224091182,
      117.33148544910853,
      136.89074325683166,
      139.15688691443808,
      122.66882485446651,
      93.58400964648686,
      61.82194460494412,
      1.9407180097097214
    ],
    "thrombin": [
      0.0,
      -4.779773502669437,
      -3.519612469671178,
      -0.9475019692771074,
      0.8383454550770844,
      1.8461364860837166,
      2.698400203194997,
      4.1567033102188065,
      6.660849750121115,
      9.229368409243913,
      10.687968639646943,
      10.86201739422033,
      9.66343581669186,
      7.527989944459337,
      5.170752814437226,
      0.41214497411218587
    ],
    "fib": [
      0.0,
      16.49657150657755,
      13.31501962516186,
      0.7543506178127792,
      -6.666382011353127,
      -8.79339706169584,
      -9.642843963701733,
      -14.357639805612674,
      -28.341315152100684,
      -46.31354525021425,
      -56.86237423341623,
      -57.79195125594079,
      -47.92109954916292,
      -31.41124914629795,
      -14.308782092925895,
      7.4756196630941965
    ],
    "xiii": [
      0.0,
      27.11912304764596,
      50.80662239070324,
      41.159473700577344,
      30.0188225300236,
      14.63333222589803,
      2.633600949977201,
      -2.932527504907244,
      -15.050474574711279,
      -48.79357289616767,
      -63.04495972448524,
      -64.8401313021827,
      -56.17145447921379,
      -57.297846513661085,
      -39.596116453879915,
      18.875319513434217
    ],
    "AP": [
      0.0,
      0.12614165215320616,
      0.29060921956827424,
      0.3729118384651995,
      0.3948522851421269,
      0.3949728152521006,
      0.4102312854686443,
      0.47241869320446805,
      0.5736718546157615,
      0.6539236268507698,
      0.6915382535493564,
      0.6863936131559993,
      0.6387508400343407,
      0.5552606601098109,
      0.45524815145010394,
      0.12689663925060735
    ],
    "D": [
      0.0,
      12.226518652762238,
      26.277004278277282,
      33.03884537518216,
      34.72182791950815,
      34.710206858340435,
      36.24661882393633,
      42.03661752424217,
      51.022394793099544,
      57.78195936406263,
      60.876535142814234,
      60.140825302024496,
      55.730087592741604,
      48.20214235771887,
      39.40138318971604,
      10.94774743438963
    ]
  },
  "g2_predictions": {
    "recalc": [
      0.0,
      -29.354029240100093,
      -19.62875528769156,
      -5.672515663958894,
      2.273135219515929,
      5.036349700151899,
      4.033053111848226,
      1.029745571395848,
      -1.2525367268331777
    ],
    "thrombin": [
      0.0,
      -4.697711351727417,
      -3.885544684241746,
      -2.149580582481202,
      -0.8640161532542008,
      -0.1411080534556881,
      0.10405799980996355,
      0.03353034206210992,
      -0.09195591714563323
    ],
    "fib": [
      0.0,
      17.08970280446981,
      13.003921674491975,
      5.097719229904522,
      0.781250413095897,
      -0.5317813083604701,
      -0.38750130312375575,
      -0.2681035826527314,
      -1.1657586022168385
    ],
    "xiii": [
      0.0,
      16.904067103609123,
      14.465903651052491,
      -2.249053279231255,
      -12.658308608573021,
      -13.424956830894764,
      -8.289314239664778,
      -1.536344794910622,
      3.4776412963994083
    ],
    "AP": [
      0.0,
      0.14070970129761157,
      0.24788927429700724,
      0.2837703704302682,
      0.28097320387556024,
      0.2579101355394827,
      0.21669544160086412,
      0.15891632010758103,
      0.09934497544442868
    ],
    "D": [
      0.0,
      13.272088115446588,
      22.184630147033992,
      24.997889899752916,
      24.592511467998616,
      22.46768357710002,
      18.73816651372747,
      13.590431144947582,
      8.401374768564887
    ]
  },
  "elapsed_s": 874.6726880073547,
  "failed": false
}