{
  "seed": 98,
  "best_x": [
    0.28015634270825934,
    0.23617975721750634,
    10.392422503546474,
    9.609990814870036,
    0.37160601864349163,
    179.7944568092745,
    2.5790146183187437,
    48.03762299729288,
    9.044779411246944,
    1.69282139517348,
    2.939922101925619,
    35.53234278874051,
    35.75410851765669,
    5.790993557086659,
    5.3690277516540466,
    0.3864211331044718,
    9.395396013442465,
    87.55427203586243,
    3.6789742744446006,
    8.11647815599007,
    30.77269026883159,
    358.47733029814304,
    14.907129301727842,
    2.154762588579031,
    4.812606503515546,
    0.4302989347161794
  ],
  "best_cost": 0.7938239585521836,
  "decomp_synth": {
    "total": 0.7938239585521836,
    "failed": false,
    "g1_total": 0.6010560491468038,
    "g2_total": 0.19252437371465897,
    "g1_per_observable": {
      "recalc": 0.09604863874591925,
      "thrombin": 0.08296405960407463,
      "fib": 0.11795920566026785,
      "xiii": 0.1247059277245824,
      "AP": 0.07835655062320053,
      "D": 0.10102166678875911
    },
    "g2_per_observable": {
      "recalc": 0.01834481898537362,
      "thrombin": 0.018554118006157354,
      "fib": 0.049192770875207806,
      "xiii": 0.032154487983096086,
      "AP": 0.015441681793707508,
      "D": 0.05883649607111661
    },
    "constraint": 0.00012176784536046032,
    "constraint_weighted": 0.00024353569072092064,
    "saturation_penalty": 0.0,
    "w_group": [
      1.0,
      1.0
    ]
  },
  "g1_predictions": {
    "recalc": [
      0.0,
      -35.03222091556244,
      -18.182084514802835,
      16.81932276190883,
      37.93989518406447,
      44.188882765222566,
      45.59232859390342,
      55.074298169077444,
      85.80262161346337,
      127.89727356798123,
      152.65632562781926,
      153.30572367175895,
      131.10809727025463,
      97.3261139340892,
      64.32921914096593,
      3.5419661407448855
    ],
    "thrombin": [
      0.0,
      -4.817394889626753,
      -3.3396565818643134,
      -0.12773974050886272,
      2.0327660873174787,
      2.967641344700401,
      3.4185869647544216,
      4.387180718488799,
      6.8171141485089395,
      9.920796847812833,
      11.713273602329872,
      11.756676579434485,
      10.154340906405032,
      7.698964514817275,
      5.275165657271395,
      0.5438015597375904
    ],
    "fib": [
      0.0,
      16.75975553141753,
      14.980555356779247,
      -0.027163474186950864,
      -9.538194880276455,
      -11.727078035464572,
      -10.947936302541471,
      -12.66758184373748,
      -24.55371931583688,
      -44.63526713381508,
      -57.12657073140494,
      -57.68747164344127,
      -46.809888961607456,
      -30.64924336138665,
      -15.519354030123123,
      5.552339566796856
    ],
    "xiii": [
      0.0,
      20.82098386225221,
      45.568634009113794,
      40.33600776937938,
      25.932232241987922,
      8.808447938127195,
      -2.1841073659008954,
      -2.4164477972052127,
      -5.1572353331339595,
      -33.996131018858286,
      -61.70563671432332,
      -71.50147999313305,
      -63.29385239212468,
      -55.54259430025452,
      -38.17233725795779,
      13.253182425859542
    ],
    "AP": [
      0.0,
      0.12977747269978004,
      0.30926220083719724,
      0.4006065887234482,
      0.42381027786978237,
      0.4141547692614249,
      0.4079792639610342,
      0.44840830391828024,
      0.5455291719268962,
      0.6319382100560105,
      0.6689466612996637,
      0.6563624080609346,
      0.5983896307997245,
      0.5099998993047913,
      0.41467653361411827,
      0.12900463493891934
    ],
    "D": [
      0.0,
      13.978605791883684,
      29.9134648138965,
      37.537501193534744,
      39.20110357458182,
      38.1556232667772,
      37.81706838555035,
      42.17628866544813,
      51.47927415724618,
      59.00604673797979,
      61.99686508555025,
      60.33286156343569,
      54.60876493961374,
      46.22969022642003,
      37.46755066170655,
      11.636324105601824
    ]
  },
  "g2_predictions": {
    "recalc": [
      0.0,
      -34.76487011753143,
      -24.181013793447676,
      -4.480741157170129,
      7.272494974146269,
      10.612988661449364,
      7.98445551750318,
      2.9551549465373093,
      -0.532008112170959
    ],
    "thrombin": [
      0.0,
      -4.801227168771404,
      -3.8836377980207297,
      -1.8011616808819415,
      -0.31714573014312153,
      0.382478903990193,
      0.455287731583895,
      0.1961378522809114,
      -0.0393684169851673
    ],
    "fib": [
      0.0,
      16.544772532432816,
      14.88652964496406,
      6.652340594676476,
      1.6949626247303096,
      0.23489892258505662,
      0.6107657725245383,
      1.0592741672634807,
      0.5197727978331486
    ],
    "xiii": [
      0.0,
      13.751405453434352,
      17.320810118876892,
      3.0679699428656946,
      -10.622836673546983,
      -14.75004211942869,
      -10.85288278774636,
      -4.197601061357425,
      0.7993340929386221
    ],
    "AP": [
      0.0,
      0.12907663810963788,
      0.2490370959689305,
      0.2949344900191454,
      0.2965828280632234,
      0.26966987392433117,
      0.2177691731194196,
      0.14945628689237564,
      0.08633293617461706
    ],
    "D": [
      0.0,
      13.50017486225171,
      23.786474435062836,
      27.45441641204146,
      27.282549114382775,
      24.552129606951617,
      19.536147655709172,
      13.148960542494201,
      7.46460897180264
    ]
  },
  "elapsed_s": 660.3625981807709,
  "failed": false
}