{
  "seed": 2,
  "best_x": [
    0.2340098460696261,
    0.1977783062326817,
    10.041215771929606,
    9.04858861758424,
    31.029612000454037,
    141.3302382007979,
    3.393383013592959,
    41.83331506739968,
    9.022572563437608,
    1.5131094390371271,
    3.3629313634679514,
    36.712902028682734,
    39.33417837649511,
    8.860111574656585,
    5.466657736821852,
    0.5525721339489704,
    10.375453066724846,
    118.0950658663567,
    6.955280368585952,
    0.20500283278883574,
    44.812907853377936,
    599.9793990447026,
    39.69157456576312,
    2.8467500639636887,
    5.0651773135446945,
    0.4294480481493439
  ],
  "best_cost": 0.8677005766146902,
  "decomp_synth": {
    "total": 0.8677005766146902,
    "failed": false,
    "g1_total": 0.6414075916418901,
    "g2_total": 0.2259866747443734,
    "g1_per_observable": {
      "recalc": 0.1272282499394398,
      "thrombin": 0.10332378157034028,
      "fib": 0.1370177138709443,
      "xiii": 0.10368784152086691,
      "AP": 0.10910910612430043,
      "D": 0.061040898615998415
    },
    "g2_per_observable": {
      "recalc": 0.01147804365527695,
      "thrombin": 0.03076758197833656,
      "fib": 0.055615462936076235,
      "xiii": 0.026623212983761455,
      "AP": 0.020196442214957734,
      "D": 0.08130593097596446
    },
    "constraint": 0.00015315511421336932,
    "constraint_weighted": 0.00030631022842673864,
    "saturation_penalty": 0.0,
    "w_group": [
      1.0,
      1.0
    ]
  },
  "g1_predictions": {
    "recalc": [
      0.0,
      -36.43734812285582,
      -24.652048344173366,
      4.510180687842372,
      24.423678440823103,
      32.06712889627549,
      34.15897389214203,
      42.20617093110096,
      72.29802871580443,
      118.4281062116481,
      146.80783154120442,
      147.47213666263602,
      124.30244565290698,
      91.50882240075062,
      61.60895632165369,
      4.823660070714883
    ],
    "thrombin": [
      0.0,
      -4.951846282078932,
      -3.887297927799853,
      -1.140677945773887,
      0.9144113539746868,
      1.9537834749835263,
      2.4589822476686933,
      3.304804424035735,
      5.608247077015554,
      8.844518338316627,
      10.786901835695586,
      10.829349478177381,
      9.250300259626952,
      6.998010264308523,
      4.918167045953316,
      0.705176538140102
    ],
    "fib": [
      0.0,
      17.795012787221484,
      17.593163543771063,
      3.5839942397115916,
      -6.456591553304014,
      -9.441690077721836,
      -8.569084360426938,
      -8.875826309371968,
      -20.533465767194556,
      -45.355650070002476,
      -61.85874058541675,
      -62.16365960235746,
      -48.31424042969367,
      -29.42135492951667,
      -13.085185217065067,
      9.416920066748615
    ],
    "xiii": [
      0.0,
      26.13412695014945,
      54.27250293715152,
      49.20101141937487,
      36.00060184398132,
      16.632165253962075,
      4.9592376627055375,
      7.133196563386302,
      4.99067586736541,
      -36.47343146950127,
      -72.63115417911234,
      -82.18374931181091,
      -66.24525533155885,
      -57.89639577060313,
      -38.00036904849983,
      19.0349174464153
    ],
    "AP": [
      0.0,
      0.11272659191510577,
      0.2793967535249893,
      0.37321883824884006,
      0.4041199334262637,
      0.399821611970223,
      0.39187166285507363,
      0.42865283357012207,
      0.5387646943295809,
      0.6469451246638168,
      0.6947520793082334,
      0.6821670545449137,
      0.6201053107098051,
      0.5315001540521695,
      0.44146672423327243,
      0.164968247782923
    ],
    "D": [
      0.0,
      11.986927677874466,
      26.5043733656683,
      34.20820241952835,
      36.50361796472757,
      35.90593921478163,
      35.35694188501525,
      39.38614115477271,
      49.83847468648042,
      59.0656461595517,
      62.793170513735205,
      61.066083218032176,
      55.093462624824554,
      46.96696913058685,
      38.93708152758847,
      14.541350999447245
    ]
  },
  "g2_predictions": {
    "recalc": [
      0.0,
      -36.29827468150964,
      -29.061185233148457,
      -9.987620522194916,
      3.7001038278247123,
      8.291254126671344,
      5.5374359173701215,
      0.5675328307541001,
      -1.9932437609051639
    ],
    "thrombin": [
      0.0,
      -4.953590331319576,
      -4.285162491621145,
      -2.2469182799549454,
      -0.6184956139611741,
      0.18255106016365086,
      0.2618218014546849,
      0.018872953394652447,
      -0.144497848705765
    ],
    "fib": [
      0.0,
      17.316100999292217,
      16.685243431142446,
      7.779708968449508,
      1.26222273503212,
      -1.0320247342751827,
      -0.754149291168936,
      -0.6884804822945636,
      -2.0153080736728075
    ],
    "xiii": [
      0.0,
      16.81593910927185,
      20.381843717911913,
      2.929229234938373,
      -14.423389714314105,
      -19.302475320770924,
      -12.565265178667607,
      -2.8055560667269925,
      2.9635619905672588
    ],
    "AP": [
      0.0,
      0.10847995272600731,
      0.22930428948056925,
      0.29084781292291567,
      0.30610015994555984,
      0.2822492915006716,
      0.22386488681768127,
      0.14775214225163266,
      0.08241833022574885
    ],
    "D": [
      0.0,
      11.265640935666308,
      21.560212470260087,
      26.565711977652,
      27.525714057922237,
      25.011392318674076,
      19.46250672888836,
      12.565692621747433,
      6.896751911213947
    ]
  },
  "elapsed_s": 673.441730260849,
  "failed": false
}