{
  "seed": 16,
  "best_x": [
    0.26367089236994257,
    0.21132538703594606,
    10.152819037040306,
    9.65897076676777,
    1.8014827436449257,
    330.6121699301784,
    8.673488280573764,
    993.3304426605021,
    9.231687562496525,
    1.6351616954005885,
    3.6994459486205153,
    37.83939263799067,
    38.10749613446936,
    9.291803180018672,
    5.888523412995286,
    0.6231715351285605,
    11.783247187075276,
    133.0118741366672,
    7.568617370255802,
    4.891020894018968,
    42.00865727695353,
    599.9853906589074,
    45.120754972916274,
    2.631583832820093,
    5.499280051950834,
    0.4230037901355711
  ],
  "best_cost": 0.8775149846050735,
  "decomp_synth": {
    "total": 0.8775149846050735,
    "failed": false,
    "g1_total": 0.678044384482831,
    "g2_total": 0.19795069006303706,
    "g1_per_observable": {
      "recalc": 0.12256135727915048,
      "thrombin": 0.09922794753018341,
      "fib": 0.14513990368887097,
      "xiii": 0.10818408356290567,
      "AP": 0.1046906990480277,
      "D": 0.09824039337369275
    },
    "g2_per_observable": {
      "recalc": 0.01159372507101505,
      "thrombin": 0.018510687550557927,
      "fib": 0.04512801432344964,
      "xiii": 0.02710394248900279,
      "AP": 0.034931023212435325,
      "D": 0.06068329741657634
    },
    "constraint": 0.0007599550296027324,
    "constraint_weighted": 0.0015199100592054647,
    "saturation_penalty": 0.0,
    "w_group": [
      1.0,
      1.0
    ]
  },
  "g1_predictions": {
    "recalc": [
      0.0,
      -36.165481436002665,
      -20.452785919798465,
      7.4228850603542185,
      24.282154034208688,
      30.167759516634305,
      32.645601600198844,
      43.34791826810923,
      74.86214731609472,
      115.30498381931966,
      139.16981621698827,
      140.6565377738247,
      121.24725179770516,
      90.53853527071678,
      60.283055119949644,
      3.5178782734403233
    ],
    "thrombin": [
      0.0,
      -5.235777403169295,
      -3.829662118759906,
      -0.9911190645477483,
      0.9860365077513058,
      1.9682658464849887,
      2.5322006985959584,
      3.6168872217457704,
      6.165704315645109,
      9.234434094776692,
      11.016018111415244,
      11.13885493026656,
      9.727419348585247,
      7.466954278883417,
      5.20657720572556,
      0.6472504662564511
    ],
    "fib": [
      0.0,
      19.186032737935587,
      16.344636368496595,
      2.4809985691973324,
      -6.006046214117738,
      -7.960172361667386,
      -7.062653667633018,
      -8.45548602877214,
      -20.399574851788184,
      -40.560795253560514,
      -52.98680321046547,
      -52.86201318830845,
      -40.7457082475375,
      -22.987368130923592,
      -6.830280685558071,
      11.920101998612301
    ],
    "xiii": [
      0.0,
      26.529412835044543,
      48.475072233214966,
      36.892472614969954,
      24.79419064754503,
      9.3810540142555,
      0.07303734476264095,
      -0.5919327914162266,
      -10.465676182016503,
      -49.43859803276664,
      -70.2860280895953,
      -72.68778692264922,
      -59.92524020292658,
      -56.90528238669688,
      -38.62092309043973,
      20.546881423515046
    ],
    "AP": [
      0.0,
      0.12023769936318802,
      0.29082286281413894,
      0.3820409940569053,
      0.4089525788783104,
      0.4022731471607868,
      0.3952118590694268,
      0.43407375493805933,
      0.5397518337930792,
      0.6404233850700569,
      0.688495245376989,
      0.6843841520555922,
      0.6339426912643081,
      0.5510793542566398,
      0.4582230671975601,
      0.16108065857832485
    ],
    "D": [
      0.0,
      13.331303942587,
      28.976513067754162,
      36.876330261217646,
      38.956689863688396,
      38.13912600545833,
      37.665493871773144,
      42.04532780518366,
      52.54348057579411,
      61.63980217550215,
      65.73375234294862,
      64.81808259920086,
      59.63574873874741,
      51.51446791330976,
      42.704820565506765,
      14.989533039577346
    ]
  },
  "g2_predictions": {
    "recalc": [
      0.0,
      -35.976137728724034,
      -26.94009268248179,
      -9.99829815655826,
      1.108678958361402,
      4.717505608421103,
      2.4899278179218953,
      -1.3930881174655756,
      -2.9420585961116315
    ],
    "thrombin": [
      0.0,
      -5.223441487671659,
      -4.402524938884439,
      -2.3971242802753725,
      -0.8525253047713006,
      -0.06642715544413358,
      0.06404369177754088,
      -0.11283387592235228,
      -0.21927121193198607
    ],
    "fib": [
      0.0,
      19.018219567894725,
      16.131336376969674,
      7.18915677162639,
      1.5224235864899462,
      -0.3100308052274592,
      -0.28310668380124326,
      -1.1015188853253726,
      -3.582167459194636
    ],
    "xiii": [
      0.0,
      16.328497142396014,
      14.649954971366068,
      -3.728402048130314,
      -17.25231611324134,
      -18.678025992424995,
      -10.735003729172622,
      -0.8400645881435328,
      4.604553668451329
    ],
    "AP": [
      0.0,
      0.12009575983659257,
      0.23691304959378595,
      0.28906541316590434,
      0.29767755224551234,
      0.27400313020788614,
      0.2208158003855324,
      0.14880116773048438,
      0.08317466403438195
    ],
    "D": [
      0.0,
      12.930717520464333,
      23.34625923107927,
      27.761920916222564,
      28.226272838930704,
      25.682209292979337,
      20.361999020531147,
      13.43325647900937,
      7.37037945497626
    ]
  },
  "elapsed_s": 1003.5481908321381,
  "failed": false
}