{
  "seed": 83,
  "best_x": [
    0.2541204864546671,
    0.24729096135466738,
    12.793967706762093,
    12.243703141042438,
    14.45415650092615,
    482.9387236402148,
    9.999795356094438,
    876.94008414912,
    9.139582323360033,
    1.618062452609674,
    3.8590890471788573,
    35.323166362499734,
    37.91615505909725,
    8.523301624100146,
    6.297866564001562,
    0.6088546640545225,
    12.61423427914121,
    138.2018544963912,
    6.919018643739432,
    0.6667902607273375,
    49.0559401250051,
    538.8184739130381,
    34.359935518584294,
    2.696288107115915,
    4.855014905388189,
    0.44512930299060394
  ],
  "best_cost": 0.8546718717355597,
  "decomp_synth": {
    "total": 0.8546718717355597,
    "failed": false,
    "g1_total": 0.5865133754233383,
    "g2_total": 0.2670533908804396,
    "g1_per_observable": {
      "recalc": 0.11951960944925838,
      "thrombin": 0.06953569211670582,
      "fib": 0.10854048192777827,
      "xiii": 0.11936212374414551,
      "AP": 0.10126542523458966,
      "D": 0.06829004295086066
    },
    "g2_per_observable": {
      "recalc": 0.01871829891181293,
      "thrombin": 0.022737002325207145,
      "fib": 0.09229166469251174,
      "xiii": 0.04891200391632232,
      "AP": 0.02314793035717807,
      "D": 0.061246490677407436
    },
    "constraint": 0.0005525527158909518,
    "constraint_weighted": 0.0011051054317819035,
    "saturation_penalty": 0.0,
    "w_group": [
      1.0,
      1.0
    ]
  },
  "g1_predictions": {
    "recalc": [
      0.0,
      -33.06623210516097,
      -15.545521014220718,
      11.390337511265948,
      25.98150625994058,
      29.93675791203549,
      32.24885321559532,
      46.4811302810819,
      86.14384585138386,
      132.2629792099583,
      155.76732102961367,
      152.28858488494836,
      125.33607355794489,
      87.804307687922,
      54.16876139231723,
      1.5445522104986429
    ],
    "thrombin": [
      0.0,
      -5.554208287593838,
      -3.967843391088691,
      -0.9975460606712594,
      0.9722128546078701,
      1.905953064976945,
      2.525191838613204,
      3.978204787780723,
      7.31389633383343,
      10.989733097937947,
      12.845816597727756,
      12.598821911288093,
      10.529757882524565,
      7.610214074699982,
      4.947956313734467,
      0.42921918743427595
    ],
    "fib": [
      0.0,
      19.30991931923359,
      14.086294013440767,
      -0.7140928246860803,
      -8.889869653869969,
      -10.292472580713671,
      -9.351479693030324,
      -12.2577918114305,
      -28.916552879189965,
      -53.04510144664064,
      -65.47575052148518,
      -62.22290107532011,
      -45.343039909674644,
      -23.528288505908773,
      -5.7239362939459975,
      9.616344083377495
    ],
    "xiii": [
      0.0,
      26.135424524982714,
      44.04052996220603,
      33.24864066521348,
      23.346223713735938,
      11.228762664454507,
      3.603908964688915,
      0.8128508167974966,
      -13.743213410983795,
      -53.733431834567305,
      -72.33929849321518,
      -70.63359528033725,
      -53.18984633383321,
      -43.67934782381042,
      -24.32229610148736,
      16.118944867108997
    ],
    "AP": [
      0.0,
      0.11805621331371774,
      0.2764561445317586,
      0.356646879633655,
      0.37562606854097863,
      0.3646080646173107,
      0.3593216340086075,
      0.4091276031594543,
      0.5259283061872958,
      0.625525128271045,
      0.6667008972411819,
      0.6532681986481256,
      0.5922153878845335,
      0.4996496583645169,
      0.4013006480816147,
      0.11788610468753814
    ],
    "D": [
      0.0,
      12.722104971502379,
      27.398257857565234,
      34.477532779339484,
      35.937849227762015,
      34.77294811110407,
      34.487511145460395,
      39.85689630578403,
      51.32143219804818,
      60.38357324087465,
      63.92447927661532,
      62.20657699389386,
      56.05563909155291,
      47.02942381136091,
      37.67464709357896,
      11.05393799608248
    ]
  },
  "g2_predictions": {
    "recalc": [
      0.0,
      -33.09056653104334,
      -23.689634211746135,
      -6.888635797736267,
      4.688771686819294,
      8.578519869361855,
      5.615263125207612,
      0.2755059278160825,
      -2.3392482119267357
    ],
    "thrombin": [
      0.0,
      -5.571780425843338,
      -4.704676703694666,
      -2.5370802283091747,
      -0.7960647989427647,
      0.11779096642296549,
      0.24471183676987773,
      -0.025308255484755238,
      -0.20529534341929948
    ],
    "fib": [
      0.0,
      18.70265489464203,
      14.547125465088222,
      4.8503930206262815,
      -1.4116505044606136,
      -3.3639950886704533,
      -2.7204114763775564,
      -2.625125918260979,
      -4.620945544230544
    ],
    "xiii": [
      0.0,
      17.00820904376536,
      16.673968917008136,
      0.8919675686436521,
      -12.277194227004658,
      -15.626423063722916,
      -9.936955279250686,
      -1.228189685414578,
      3.9844409928098172
    ],
    "AP": [
      0.0,
      0.11221025253456984,
      0.21920482245667053,
      0.27032940131118144,
      0.28433977942937516,
      0.26770788650696176,
      0.21978627961896854,
      0.14962886787653412,
      0.08344163493000854
    ],
    "D": [
      0.0,
      11.832733648314676,
      21.574525523669855,
      26.101606746693108,
      27.189569783309373,
      25.36432301783221,
      20.549991185365865,
      13.747744050859037,
      7.546664566079748
    ]
  },
  "elapsed_s": 766.193197965622,
  "failed": false
}