{
  "seed": 77,
  "best_x": [
    0.9980874295225497,
    2.0644161495783493,
    19.999017120337726,
    17.214356786740346,
    1.5818174566394865,
    463.53065722461486,
    9.94854418346473,
    998.536888251605,
    10.448783498373182,
    2.7493800117238756,
    4.294159971426355,
    33.5328487481104,
    26.34783508221905,
    7.510149550912802,
    6.916740064993984,
    0.5283655837703494,
    12.695543765991475,
    129.67438119766098,
    6.9822234332079205,
    4.583024999230288,
    48.54263563506207,
    582.8141906761819,
    36.02876217158952,
    2.0331135405500387,
    3.292830330351116,
    0.4188915965301838
  ],
  "best_cost": 1.0632944604645338,
  "decomp_synth": {
    "total": 1.0632944604645338,
    "failed": false,
    "g1_total": 0.7409431164977391,
    "g2_total": 0.316831274216235,
    "g1_per_observable": {
      "recalc": 0.17129288424661332,
      "thrombin": 0.09020476868982559,
      "fib": 0.1459257450212995,
      "xiii": 0.12363257459997697,
      "AP": 0.0699671828100132,
      "D": 0.13991996113001046
    },
    "g2_per_observable": {
      "recalc": 0.030934586934198042,
      "thrombin": 0.032075094034020785,
      "fib": 0.04362074532589094,
      "xiii": 0.04170774517562662,
      "AP": 0.05866866956814415,
      "D": 0.10982443317835448
    },
    "constraint": 0.002760034875279759,
    "constraint_weighted": 0.005520069750559518,
    "saturation_penalty": 0.0,
    "w_group": [
      1.0,
      1.0
    ]
  },
  "g1_predictions": {
    "recalc": [
      0.0,
      -16.03393851358594,
      6.883548930318938,
      9.892283281857132,
      10.644990223837901,
      16.34209410088338,
      28.934712476456767,
      53.16535492017317,
      86.18216168637974,
      111.22866713147903,
      131.2541752440636,
      137.66962748024113,
      129.27290762908297,
      100.30655475655674,
      67.97708232040031,
      -0.39593413722159443
    ],
    "thrombin": [
      0.0,
      -4.851960916444633,
      -3.1743555119453037,
      -2.0088916168631816,
      -0.9560576355097798,
      0.27103766909780846,
      1.805646584779495,
      4.038547675008899,
      6.766785716825036,
      8.773252436294873,
      10.34724582648324,
      10.861901225767506,
      10.254624742694226,
      8.083840179441097,
      5.642732870570184,
      0.038995959403156755
    ],
    "fib": [
      0.0,
      23.054083559268957,
      5.7184167210623755,
      0.4874498100257547,
      -0.7857572311699581,
      -2.452291207589262,
      -6.102763456914426,
      -16.32141036621454,
      -34.19700058616322,
      -49.11039392791429,
      -61.063519292136,
      -64.55952251296968,
      -57.96388071154118,
      -38.42001036523803,
      -17.473685136273403,
      2.839706533443656
    ],
    "xiii": [
      0.0,
      47.01310009448748,
      48.869430357296196,
      41.72929467303331,
      45.459734452186105,
      36.61627598957716,
      20.03203056121469,
      2.1565185089565513,
      -21.36234456359953,
      -54.984015536794026,
      -68.14610136035235,
      -74.63284664722933,
      -72.92790202201473,
      -79.419435027006,
      -57.82514726113428,
      13.602880544856026
    ],
    "AP": [
      0.0,
      0.2786367374977589,
      0.37523864559856507,
      0.34981287439638203,
      0.31858044191532725,
      0.32072004965752476,
      0.36555855836644324,
      0.4541484357860318,
      0.5516459548745514,
      0.6107769739388983,
      0.657163407759253,
      0.666635305817952,
      0.6436261890567642,
      0.5639706718572961,
      0.4696264774324697,
      0.03633148984997001
    ],
    "D": [
      0.0,
      25.15555607097515,
      32.32643091074493,
      29.91125032252233,
      27.352799259298266,
      27.706109946474932,
      31.781459341451786,
      39.582952105428134,
      47.923314802659654,
      52.78275922761452,
      56.746485519188106,
      57.35171984265535,
      55.21273178761572,
      48.02202832172141,
      39.92731093170572,
      2.959557050264869
    ]
  },
  "g2_predictions": {
    "recalc": [
      0.0,
      -21.07096264821382,
      -13.862224008396545,
      -5.433329927118333,
      0.5026982910696702,
      4.397154305093146,
      5.619790455581082,
      3.9301891562756843,
      1.4436900406097726
    ],
    "thrombin": [
      0.0,
      -5.308967713021034,
      -4.825200903359979,
      -3.2273739579249368,
      -1.774884157186628,
      -0.7047980223339061,
      -0.09407095776183394,
      0.08017419496463463,
      0.04560037428496588
    ],
    "fib": [
      0.0,
      21.91424145341966,
      14.150745168713765,
      6.775523074549749,
      2.66946236017281,
      0.9661465632797359,
      0.8526766478994343,
      1.3939963852003334,
      1.4880856783019105
    ],
    "xiii": [
      0.0,
      16.85265239725571,
      8.912980671205322,
      -3.235759589970347,
      -10.225489348069214,
      -11.72154256201552,
      -9.325873494153171,
      -4.18764632737346,
      1.9797059893208357
    ],
    "AP": [
      0.0,
      0.2232683606125144,
      0.27203388358617575,
      0.27414042648434794,
      0.26178457903156377,
      0.24763939799151458,
      0.22560309678042684,
      0.1873764693309344,
      0.14189834208829058
    ],
    "D": [
      0.0,
      19.624143387128544,
      23.54499974408651,
      23.545734088684377,
      22.44412927215103,
      21.223151294808375,
      19.276869986304746,
      15.908113262695109,
      11.978093871554407
    ]
  },
  "elapsed_s": 663.3357138633728,
  "failed": false
}