{
  "seed": 67,
  "best_x": [
    0.26394164721897423,
    0.19237090977320206,
    19.932305087528345,
    18.861865084333274,
    0.13907138952714293,
    509.87765274793367,
    9.842353884378106,
    884.7390722847449,
    9.338820392854409,
    1.5904778865061195,
    2.348192308962842,
    35.741119329917,
    35.60049269662518,
    7.985685078331527,
    5.946706415425282,
    0.52964983168863,
    8.780093031554213,
    79.95177159250211,
    5.840925497111155,
    0.15859805654704467,
    48.13050068966576,
    565.7074883658393,
    32.9279139966572,
    2.1862616531198364,
    5.299171279541633,
    0.4378748096320124
  ],
  "best_cost": 0.8601518866712068,
  "decomp_synth": {
    "total": 0.8601518866712068,
    "failed": false,
    "g1_total": 0.5787334720166724,
    "g2_total": 0.2808470124495969,
    "g1_per_observable": {
      "recalc": 0.1228713471791571,
      "thrombin": 0.10591065550036122,
      "fib": 0.12856174984926674,
      "xiii": 0.06770434889231801,
      "AP": 0.09508051187509063,
      "D": 0.05860485872047867
    },
    "g2_per_observable": {
      "recalc": 0.009789202159231222,
      "thrombin": 0.02029578849738802,
      "fib": 0.08112470463243049,
      "xiii": 0.04797186113015108,
      "AP": 0.020217053425846176,
      "D": 0.10144840260454993
    },
    "constraint": 0.00028570110246870715,
    "constraint_weighted": 0.0005714022049374143,
    "saturation_penalty": 0.0,
    "w_group": [
      1.0,
      1.0
    ]
  },
  "g1_predictions": {
    "recalc": [
      0.0,
      -32.5868460311842,
      -10.242986279317385,
      22.291541645259137,
      40.68903435199631,
      45.55354834628015,
      44.53087089571224,
      48.34612064598018,
      70.3774841706398,
      107.75209503516601,
      136.4829106428478,
      142.24827561545212,
      124.23525190300352,
      93.96244733520507,
      64.48784620338026,
      5.96654102528631
    ],
    "thrombin": [
      0.0,
      -5.178118553629441,
      -3.3790947722233975,
      -0.21928843475243376,
      1.896735780376848,
      2.845795907182792,
      3.1795042614508384,
      3.7375918488940516,
      5.539181421472181,
      8.341618710099134,
      10.445373736947143,
      10.875962111816193,
      9.599902134542663,
      7.428840694577652,
      5.2879316845921425,
      0.787677848925351
    ],
    "fib": [
      0.0,
      14.758921367440182,
      7.243386311675585,
      -7.806955156207019,
      -15.735887098045332,
      -16.59090216606336,
      -14.649623545039992,
      -15.605090421424832,
      -27.11216089131298,
      -48.9568234157527,
      -66.55809272803707,
      -70.31589307882814,
      -59.36314062967996,
      -41.152956595988385,
      -23.955867123968197,
      4.588053414741484
    ],
    "xiii": [
      0.0,
      31.32176095209462,
      54.74655815150088,
      38.432630192430594,
      21.243122660419818,
      2.653076536009829,
      -7.524672605637608,
      -3.863696097853601,
      -2.9421276198837187,
      -30.46002111338319,
      -53.70513074150699,
      -62.517073435901644,
      -54.419777961025744,
      -53.1883175503783,
      -38.58271807409008,
      22.18440170954296
    ],
    "AP": [
      0.0,
      0.13150455234489158,
      0.303601447670739,
      0.3953216576536124,
      0.42319495642938787,
      0.41522329685081066,
      0.39733551567136377,
      0.40557021464013854,
      0.4750592296560473,
      0.5673165626172673,
      0.6249505562175968,
      0.6301615723730379,
      0.5870316786888243,
      0.5130021645523676,
      0.4314773909570445,
      0.1661596172576049
    ],
    "D": [
      0.0,
      13.432767825201926,
      29.397342312015805,
      37.68399126296528,
      40.07544598651809,
      39.20405282657698,
      37.536490334274696,
      38.560729645281974,
      45.437991485011175,
      54.07215579465417,
      59.311835403612335,
      59.52356306592469,
      55.24374366179535,
      48.13353571841736,
      40.435180965066955,
      15.563390241054822
    ]
  },
  "g2_predictions": {
    "recalc": [
      0.0,
      -33.053865525731105,
      -22.894883987356923,
      -7.218893539774626,
      2.685340669365324,
      5.9036193982212595,
      3.638948733131752,
      -0.36964721016503965,
      -2.2796480840017868
    ],
    "thrombin": [
      0.0,
      -5.244783627724857,
      -4.408693590031665,
      -2.4846080597712836,
      -0.9856096696187944,
      -0.1762763782048582,
      0.007945308453950695,
      -0.1213556530323896,
      -0.20911335327510386
    ],
    "fib": [
      0.0,
      14.285610763847458,
      12.14850042112391,
      6.744230445507645,
      3.8011021695133818,
      3.4528618424443955,
      4.7702224562436095,
      5.690611576150073,
      4.812168787654475
    ],
    "xiii": [
      0.0,
      19.362272762985835,
      20.245534029584185,
      2.756301733556879,
      -11.190467172705228,
      -14.32016360432919,
      -8.37935659442863,
      0.19783897278574114,
      5.314606259079434
    ],
    "AP": [
      0.0,
      0.11638933226005223,
      0.22293784121586754,
      0.26486138785615904,
      0.26998725060377,
      0.2490813035218576,
      0.2027708567954371,
      0.13965508096535714,
      0.08148081237080144
    ],
    "D": [
      0.0,
      11.738863710196307,
      21.446572957797823,
      25.1620443448137,
      25.501985121226863,
      23.399656010709556,
      18.90079149524117,
      12.891735474287556,
      7.462322374675903
    ]
  },
  "elapsed_s": 985.3492696285248,
  "failed": false
}