{
  "seed": 80,
  "best_x": [
    0.37703148801629216,
    1.7173125989621565,
    14.833807714146374,
    13.348510653769374,
    0.21352837727545582,
    108.79185951009487,
    1.3912748812086297,
    12.411783023297673,
    9.567381651000968,
    2.9984060304502966,
    9.9909010482519,
    35.05993956936226,
    46.21904897770395,
    5.192615160421598,
    6.606250606631701,
    0.36826256470423946,
    4.908528839093378,
    62.365883978074464,
    2.6841591188298697,
    7.465651515319262,
    42.300888839071064,
    599.8950729727258,
    20.13523178462428,
    3.8798770603560904,
    2.8818916218238506,
    0.38951614326861517
  ],
  "best_cost": 1.0019559457344884,
  "decomp_synth": {
    "total": 1.0019559457344884,
    "failed": false,
    "g1_total": 0.6906142705646743,
    "g2_total": 0.3110665839312525,
    "g1_per_observable": {
      "recalc": 0.12346533620285681,
      "thrombin": 0.09106415383944827,
      "fib": 0.15287783405736294,
      "xiii": 0.11604439736251168,
      "AP": 0.08773662469205346,
      "D": 0.11942592441044106
    },
    "g2_per_observable": {
      "recalc": 0.017115281625124195,
      "thrombin": 0.034908792176883974,
      "fib": 0.06550960109897075,
      "xiii": 0.04205175098494403,
      "AP": 0.05455373027614375,
      "D": 0.09692742776918584
    },
    "constraint": 0.00013754561928078755,
    "constraint_weighted": 0.0002750912385615751,
    "saturation_penalty": 0.0,
    "w_group": [
      1.0,
      1.0
    ]
  },
  "g1_predictions": {
    "recalc": [
      0.0,
      -36.67210999687864,
      -29.752986347528317,
      -13.410724177545788,
      3.1251293879583883,
      23.724091992091015,
      45.267219807934424,
      72.02462585799684,
      102.70557025206352,
      122.6303030738579,
      134.09235024441642,
      135.15262508185512,
      122.3722516524631,
      94.441694429231,
      62.27836162733576,
      0.6071301478365638
    ],
    "thrombin": [
      0.0,
      -5.974478820765928,
      -5.2847234441347,
      -3.0988664485895,
      -0.7937047570666511,
      1.6097750415184118,
      3.848090774816636,
      6.315609435455413,
      8.916151407575661,
      10.555846578776782,
      11.514933341427652,
      11.610181101150248,
      10.614186854818172,
      8.372993266962057,
      5.782578327124658,
      0.15977332331820104
    ],
    "fib": [
      0.0,
      11.181870825635576,
      9.559360799602011,
      4.607310404514738,
      0.8486945790808873,
      -5.060546361921246,
      -11.987827203136124,
      -21.603601273961388,
      -33.84736476077141,
      -42.17246717283298,
      -46.669568472635724,
      -47.052073113902914,
      -41.456133666023845,
      -29.982993605767767,
      -16.880984134866683,
      0.7635896185353389
    ],
    "xiii": [
      0.0,
      26.43019258521122,
      47.197836994815184,
      49.80882358503565,
      53.034824088018844,
      43.39112630682518,
      20.9423690833262,
      0.33114222092443535,
      -20.806133724156773,
      -54.222378100869925,
      -62.28455293839613,
      -57.793471660495584,
      -48.01590266156882,
      -56.597609576795755,
      -40.94099083092672,
      4.395025711826406
    ],
    "AP": [
      0.0,
      0.1401532139612908,
      0.23225735022281305,
      0.26950257059857896,
      0.32327777646745776,
      0.3840690637701872,
      0.4448513881727329,
      0.5183322201787526,
      0.5859233942166918,
      0.6179016286558244,
      0.6406763100369243,
      0.6341779574098619,
      0.599640448731037,
      0.5161461083644873,
      0.4194826584029218,
      0.03574353635311283
    ],
    "D": [
      0.0,
      13.633193566766968,
      21.217478639244362,
      24.51655989519264,
      29.559160910590197,
      34.92756904206445,
      40.441432083465536,
      47.13339071626245,
      53.11074335571181,
      55.719301236830866,
      57.76189495381037,
      56.93292404787419,
      53.64417396047336,
      45.72988331925681,
      37.09191544661777,
      3.0149841011200906
    ]
  },
  "g2_predictions": {
    "recalc": [
      0.0,
      -32.0184034125152,
      -22.117509279148447,
      -9.18721382291169,
      -1.4357993990673492,
      2.810295207772242,
      4.609528063833189,
      4.065529874190894,
      2.1730106962719162
    ],
    "thrombin": [
      0.0,
      -5.368850497129415,
      -4.62979027960294,
      -2.7975987589577294,
      -1.3339279748840174,
      -0.34006638027028635,
      0.22371630966295974,
      0.39174450882004386,
      0.31896321016561036
    ],
    "fib": [
      0.0,
      12.011156678010979,
      6.94368490662313,
      2.4442041480052557,
      0.6619824771622054,
      0.2730467533766503,
      0.3323046516353414,
      0.5653376980860951,
      0.8963322291644338
    ],
    "xiii": [
      0.0,
      18.51188424652197,
      14.107038440669568,
      2.045388532964006,
      -5.683418238693032,
      -6.955435746216651,
      -5.264972180578617,
      -2.840372668210152,
      0.023762840494454554
    ],
    "AP": [
      0.0,
      0.2242276096168394,
      0.2668595661339307,
      0.2700317141232775,
      0.2571495368240599,
      0.2417129205797499,
      0.21881687312534312,
      0.18147506903927585,
      0.13826312305042937
    ],
    "D": [
      0.0,
      20.569057698557465,
      24.205735444727257,
      24.228706114304916,
      23.01320969731427,
      21.61935650920729,
      19.498012312015415,
      16.04374619942464,
      12.144172536991299
    ]
  },
  "elapsed_s": 1020.5747637748718,
  "failed": false
}