{
  "seed": 12,
  "best_x": [
    0.32215917540184136,
    0.3698574786610881,
    19.764700526012952,
    17.89820542420954,
    0.5737364778386167,
    551.1040393459334,
    8.729877077307979,
    999.5536614372509,
    9.663103767349675,
    1.773168243309831,
    3.9836966328613803,
    34.700937750980366,
    31.93223954467743,
    5.410309687348066,
    5.149235353098394,
    0.35856264282927297,
    12.347542149555464,
    105.33343946909102,
    4.031660308755236,
    11.365162400212025,
    47.98649859337023,
    549.4920297544722,
    23.458330708462,
    2.279379271625686,
    4.7094932364383055,
    0.4489396748406714
  ],
  "best_cost": 0.8216204003670059,
  "decomp_synth": {
    "total": 0.8216204003670059,
    "failed": false,
    "g1_total": 0.5817170909730418,
    "g2_total": 0.23935441931831974,
    "g1_per_observable": {
      "recalc": 0.1361370430346206,
      "thrombin": 0.06911184183930846,
      "fib": 0.14002897136756137,
      "xiii": 0.07116407583272814,
      "AP": 0.09227291789311039,
      "D": 0.07300224100571279
    },
    "g2_per_observable": {
      "recalc": 0.009879149716390307,
      "thrombin": 0.018771602450136725,
      "fib": 0.06623236071514987,
      "xiii": 0.05093129896975703,
      "AP": 0.019161137125345996,
      "D": 0.07437887034153981
    },
    "constraint": 0.0002744450378222047,
    "constraint_weighted": 0.0005488900756444094,
    "saturation_penalty": 0.0,
    "w_group": [
      1.0,
      1.0
    ]
  },
  "g1_predictions": {
    "recalc": [
      0.0,
      -31.228731239622345,
      -9.606447188090584,
      14.752453183236987,
      23.6593427274624,
      23.08221300157542,
      22.449073091532117,
      33.043022978942005,
      67.80289859026526,
      112.27187632071788,
      139.93743401279454,
      143.9832784349518,
      124.29588716330554,
      88.32755923795027,
      50.887553780386106,
      -0.37715165449972177
    ],
    "thrombin": [
      0.0,
      -4.392172755032198,
      -2.659528480779756,
      -0.27755657559924973,
      0.9673711574310331,
      1.3760738238166017,
      1.6467235895389714,
      2.67709691807688,
      5.395100785909054,
      8.672121588745185,
      10.679407128603685,
      10.97847513498886,
      9.579595198629251,
      6.992110784202666,
      4.254915890465525,
      0.12620484184518882
    ],
    "fib": [
      0.0,
      19.796167857504997,
      12.480297169841574,
      -0.6741183977549206,
      -5.852700550924162,
      -5.509391559560093,
      -3.9977618037784453,
      -5.570201513086509,
      -18.76640986721067,
      -40.59490840085923,
      -54.8694268710206,
      -56.50150021228716,
      -45.01634970162688,
      -25.536070383790626,
      -6.970023104084026,
      4.904922560956737
    ],
    "xiii": [
      0.0,
      33.23896483156994,
      56.08706012705288,
      43.30999993755857,
      34.870504096762204,
      24.562409218657695,
      18.073019535380908,
      18.50843532057176,
      9.996805677282357,
      -29.798617595425736,
      -55.21981801945954,
      -62.192720803410175,
      -52.10744977152493,
      -47.64763872407307,
      -24.607410903147997,
      16.19255923492332
    ],
    "AP": [
      0.0,
      0.15529470062981107,
      0.3305043508324234,
      0.39751927300097195,
      0.39435258375467347,
      0.36261128410834215,
      0.34324495394969284,
      0.3908326610573264,
      0.520242940991045,
      0.6363145593546438,
      0.6950488830171969,
      0.6961506416606287,
      0.6439621858649996,
      0.543339125466167,
      0.41997777792666635,
      0.07159258861749994
    ],
    "D": [
      0.0,
      15.178717067451093,
      30.526449589494533,
      36.12032286900171,
      35.59138454009279,
      32.66735818343358,
      31.100781813439767,
      35.87510589807385,
      47.84231199376929,
      58.037939330219025,
      63.11011844213721,
      62.903164242602095,
      57.93580249771602,
      48.59403319071669,
      37.413391893810676,
      6.349393953391269
    ]
  },
  "g2_predictions": {
    "recalc": [
      0.0,
      -31.777271499221023,
      -23.805022535058214,
      -10.38926870463889,
      -0.25930517638235173,
      4.7833186708531805,
      4.302263767414498,
      0.5540340812075542,
      -1.948985533402571
    ],
    "thrombin": [
      0.0,
      -4.473348302763612,
      -3.8173840070414746,
      -2.222696643601367,
      -0.8677040330171828,
      -0.042605269235922005,
      0.19734346396007463,
      0.03853436224764506,
      -0.13207443385927553
    ],
    "fib": [
      0.0,
      18.478651380104615,
      14.705177452697223,
      7.31425733362871,
      2.3425300185663325,
      0.1916489577829381,
      0.018827831875238843,
      -0.06163800894277216,
      -1.6359062269479292
    ],
    "xiii": [
      0.0,
      19.59152546997823,
      20.924757337875718,
      7.083462704591073,
      -5.467132916582748,
      -10.427658026400476,
      -7.454452798341604,
      -0.30682026969170106,
      5.105996737131091
    ],
    "AP": [
      0.0,
      0.1341152257649321,
      0.22803202152032115,
      0.26573181771690374,
      0.27627171648139187,
      0.26529934317606957,
      0.2266631686084735,
      0.16147285659885402,
      0.09286875512582343
    ],
    "D": [
      0.0,
      12.847082541899596,
      20.954118409896903,
      24.16838274018054,
      25.008758305575697,
      23.90134473424698,
      20.256851377938784,
      14.257726871923238,
      8.098587199821827
    ]
  },
  "elapsed_s": 911.7043836116791,
  "failed": false
}