{
  "seed": 40,
  "best_x": [
    0.3169636871812429,
    0.3279203418950125,
    6.958992550390969,
    6.829281004675272,
    2.1723062427939785,
    385.0117962967362,
    9.99886623151741,
    46.47862054136635,
    9.469309731048298,
    1.8565449784603358,
    3.7098984393865773,
    30.094106310648936,
    29.173605855559117,
    9.704944975746084,
    5.864684192378396,
    0.7346675179082995,
    7.813334872715076,
    83.23497845360453,
    6.634958469426019,
    1.388704615038168,
    54.43664628097804,
    545.8206266464802,
    42.5368707794504,
    2.1798552553759483,
    4.805577877731778,
    0.43788435125634917
  ],
  "best_cost": 0.8617775463958841,
  "decomp_synth": {
    "total": 0.8617775463958841,
    "failed": false,
    "g1_total": 0.634441414573049,
    "g2_total": 0.22569537154145974,
    "g1_per_observable": {
      "recalc": 0.12282975997688708,
      "thrombin": 0.06683963123641934,
      "fib": 0.19834118863112585,
      "xiii": 0.08630506230405488,
      "AP": 0.09145968873750823,
      "D": 0.06866608368705365
    },
    "g2_per_observable": {
      "recalc": 0.013968919840952339,
      "thrombin": 0.014538613557572126,
      "fib": 0.06876712833487297,
      "xiii": 0.034073723536533304,
      "AP": 0.023000058811033387,
      "D": 0.07134692746049559
    },
    "constraint": 0.000820380140687652,
    "constraint_weighted": 0.001640760281375304,
    "saturation_penalty": 0.0,
    "w_group": [
      1.0,
      1.0
    ]
  },
  "g1_predictions": {
    "recalc": [
      0.0,
      -27.352529652224312,
      -7.034940144615192,
      18.334606308912193,
      28.83417202967394,
      29.747460433564697,
      30.769553769136188,
      42.92725511811617,
      75.27188096566685,
      112.73503057384193,
      134.4371288517845,
      136.87013385351005,
      119.31862067215316,
      88.01568985694227,
      54.36611544984654,
      0.4625799558861443
    ],
    "thrombin": [
      0.0,
      -5.13178296589921,
      -3.301816772932996,
      -0.4234437293881541,
      1.2232423710130265,
      1.8969238688400905,
      2.400776076611818,
      3.708230895674826,
      6.564595588093224,
      9.710570354964952,
      11.516382798612062,
      11.73838447717638,
      10.333643516148861,
      7.791300453371432,
      5.018369620670721,
      0.2255647168418289
    ],
    "fib": [
      0.0,
      13.079995269504058,
      7.41922726349723,
      -3.833002086268081,
      -8.148225702724282,
      -7.660709666576315,
      -6.872494731966515,
      -10.649256947793258,
      -24.822606729143185,
      -43.543848914979684,
      -54.66453022461402,
      -55.612165299795286,
      -45.84989971141281,
      -29.30201543715573,
      -12.602667312522842,
      4.593437233464285
    ],
    "xiii": [
      0.0,
      31.54694164474361,
      58.36834014851384,
      46.75946296568298,
      34.637482692661365,
      20.579621612626283,
      10.253881945207494,
      6.5263509643062285,
      -7.033283199896435,
      -51.12420800400232,
      -81.73240682348356,
      -89.99982625416122,
      -77.85481120370997,
      -69.0103571312856,
      -41.92639596161132,
      18.279634090675778
    ],
    "AP": [
      0.0,
      0.1248697406260957,
      0.29759831374593765,
      0.37467742223728645,
      0.3834894114121726,
      0.36421335762598506,
      0.3557995667465246,
      0.4013911974902266,
      0.5060213952664875,
      0.5983773996717663,
      0.6439638381125282,
      0.6447886162316564,
      0.6010314741572712,
      0.5175736749023493,
      0.4124532853371584,
      0.08645732815695607
    ],
    "D": [
      0.0,
      15.170187685613703,
      31.002330620705358,
      37.28400649268016,
      37.469739343334815,
      35.44076213216024,
      35.0783937529782,
      40.56265320862369,
      51.29932057344197,
      59.658160889377356,
      63.57238192294366,
      62.946840067722476,
      58.07976266202226,
      49.34641538836493,
      38.95958157404388,
      8.07773249837646
    ]
  },
  "g2_predictions": {
    "recalc": [
      0.0,
      -27.128934514031496,
      -17.417264851620704,
      -4.396635220488264,
      3.721571197661646,
      6.851375052661503,
      5.505764147310268,
      1.6384297456294004,
      -1.1391470133486297
    ],
    "thrombin": [
      0.0,
      -5.117897977303768,
      -4.246872310371599,
      -2.3918564614234845,
      -0.9360129294803885,
      -0.08730720716703488,
      0.1735193090189706,
      0.0391376919399683,
      -0.13066648631164535
    ],
    "fib": [
      0.0,
      12.840279490837505,
      9.957415795214374,
      4.609954742412266,
      1.6200259824989356,
      0.7995261048068159,
      1.378433103077347,
      2.0024293220178375,
      1.3118743029258102
    ],
    "xiii": [
      0.0,
      21.27182251893566,
      22.996527289998095,
      6.404692635607039,
      -7.559333565568001,
      -12.115308431025698,
      -8.44307827290197,
      -1.0046447821743694,
      4.763391194275296
    ],
    "AP": [
      0.0,
      0.12349265054237488,
      0.2255522899294717,
      0.2625398956759044,
      0.2665644181554572,
      0.25056363562129463,
      0.21326548708075027,
      0.15528410740270568,
      0.09355040367474361
    ],
    "D": [
      0.0,
      14.229655728727936,
      23.051284558509593,
      25.992748361198487,
      26.04769570217451,
      24.213861756453632,
      20.232869912772497,
      14.31966056723043,
      8.370314612840188
    ]
  },
  "elapsed_s": 772.7951710224152,
  "failed": false
}