{
  "seed": 1,
  "best_x": [
    0.3265716516443036,
    0.36520847539538326,
    2.3089097403925205,
    2.1278238405510885,
    59.8202283655564,
    470.98427078657085,
    3.6199123400137267,
    908.512705913967,
    9.07052517153577,
    1.8559355000858977,
    3.958572464125937,
    32.96350453313826,
    35.03693084742896,
    2.839665909908578,
    5.716073726262305,
    0.18154913853618226,
    14.886501580094546,
    166.4704631719987,
    2.8051961466147883,
    0.2241062906785516,
    47.77657598772332,
    599.936781882383,
    13.662090803659854,
    2.688696794733038,
    4.889534158615101,
    0.4017733864929435
  ],
  "best_cost": 0.824415231775885,
  "decomp_synth": {
    "total": 0.824415231775885,
    "failed": false,
    "g1_total": 0.5762692906531355,
    "g2_total": 0.24759845944048037,
    "g1_per_observable": {
      "recalc": 0.08493387097292734,
      "thrombin": 0.11480039795772723,
      "fib": 0.11716069308207912,
      "xiii": 0.08880165650705207,
      "AP": 0.07856116141150218,
      "D": 0.0920115107218475
    },
    "g2_per_observable": {
      "recalc": 0.0104566834650564,
      "thrombin": 0.02044522578947528,
      "fib": 0.08813855491046332,
      "xiii": 0.04839463235757377,
      "AP": 0.017945056498340533,
      "D": 0.062218306419571066
    },
    "constraint": 0.00027374084113465235,
    "constraint_weighted": 0.0005474816822693047,
    "saturation_penalty": 0.0,
    "w_group": [
      1.0,
      1.0
    ]
  },
  "g1_predictions": {
    "recalc": [
      0.0,
      -32.500787345860985,
      -22.389110229805258,
      7.640926829146217,
      26.760964040702966,
      32.498945930286766,
      35.54581038697202,
      48.17281161703922,
      79.21133182219454,
      117.98579180913401,
      141.94029043965915,
      146.39008385083903,
      129.5951907992905,
      97.32758791747892,
      60.41667732370802,
      -0.034247483831042924
    ],
    "thrombin": [
      0.0,
      -5.243210417039365,
      -4.287341142037674,
      -1.3372443418073088,
      0.7841904732812304,
      1.7832523162764118,
      2.43180338256706,
      3.6504190425734486,
      6.0440618211375075,
      8.82869762386408,
      10.512629890301382,
      10.82471744673237,
      9.659023123275587,
      7.403826038522146,
      4.793292117678786,
      0.1651546325864516
    ],
    "fib": [
      0.0,
      19.637643266464124,
      22.1305602044074,
      3.2771590868880907,
      -10.804894210948014,
      -14.264505937362472,
      -12.79280506121377,
      -13.804299518012868,
      -26.915462163445767,
      -50.013143837965046,
      -65.37611958820403,
      -67.72267368897458,
      -55.619255975335285,
      -33.965669090543514,
      -11.173006368909746,
      7.413485221064824
    ],
    "xiii": [
      0.0,
      23.440334871232732,
      53.73665923178862,
      45.82867508771399,
      28.36955253456489,
      9.825678982715493,
      -0.21796523900367243,
      -1.7215560281499118,
      -11.266335042521254,
      -48.817419583534935,
      -71.69108986740773,
      -78.5182465145765,
      -71.57467528019347,
      -69.66374424406798,
      -45.44603929380599,
      13.877454018988946
    ],
    "AP": [
      0.0,
      0.085780708919063,
      0.26412333281627304,
      0.37022445163846535,
      0.3976812750581286,
      0.38925208659802824,
      0.3919113938361864,
      0.4468851307357303,
      0.5501723510126479,
      0.6389959592761992,
      0.6790752530821912,
      0.675225010713336,
      0.624949656744023,
      0.5339209791098531,
      0.41908084551179037,
      0.07488134568509901
    ],
    "D": [
      0.0,
      15.395232089238808,
      30.972342695242844,
      36.75412583012537,
      36.72403969358261,
      35.39830628988873,
      37.13286976776157,
      44.92695155303428,
      55.40069242845775,
      61.60223142736141,
      63.433675915604645,
      61.018303411201316,
      54.511140225848386,
      44.50572145578957,
      33.60374864062157,
      5.719230415080684
    ]
  },
  "g2_predictions": {
    "recalc": [
      0.0,
      -32.33059688796435,
      -24.583446919339565,
      -7.142306405559953,
      3.4790134084724116,
      6.606113316493353,
      4.863378673770374,
      1.1794214673240226,
      -1.326619151340453
    ],
    "thrombin": [
      0.0,
      -5.191272627292593,
      -4.511059650383319,
      -2.48400070759972,
      -0.9590423516059774,
      -0.16511014685620196,
      0.06549250996210754,
      -0.02261608782849911,
      -0.142894040828143
    ],
    "fib": [
      0.0,
      21.887686190323166,
      19.38687864226224,
      6.010635919585106,
      -2.801752229339886,
      -5.931030836101286,
      -6.304804132275152,
      -6.73810211980954,
      -8.450986910150014
    ],
    "xiii": [
      0.0,
      17.801707134076885,
      20.901332741083,
      1.8295726268110477,
      -13.598591242493113,
      -16.31938757549396,
      -10.586549282113042,
      -2.7694244987102805,
      2.7173906059675885
    ],
    "AP": [
      0.0,
      0.1041094971169621,
      0.22687939418143335,
      0.280218401375946,
      0.283958697094639,
      0.25847282696044055,
      0.21125160905698379,
      0.14840916020598946,
      0.08682901521551417
    ],
    "D": [
      0.0,
      16.167913935697655,
      24.684262153375432,
      26.841086684172687,
      25.58592656069832,
      22.226228527019504,
      17.015892297247166,
      10.822116007816222,
      5.648894757172995
    ]
  },
  "elapsed_s": 917.5955452919006,
  "failed": false
}