{
  "seed": 36,
  "best_x": [
    0.2601925983786343,
    0.2121551985608275,
    18.598303836886597,
    17.603959741590717,
    4.248922953619611,
    636.4112572680984,
    3.616516058119871,
    708.5981082098066,
    9.139120298786375,
    1.734058697930035,
    3.4242557778855574,
    36.56415913492931,
    41.13693898092281,
    2.1409923215138758,
    5.615038743214491,
    0.12793986617490416,
    5.937471715844859,
    60.72775489317022,
    1.1977087607963002,
    0.43269178006669984,
    44.72845483821464,
    593.3203869338312,
    9.521246282551438,
    2.788034105099186,
    5.227573621485068,
    0.43323167848017685
  ],
  "best_cost": 0.7942206103778621,
  "decomp_synth": {
    "total": 0.7942206103778621,
    "failed": false,
    "g1_total": 0.6026198472084161,
    "g2_total": 0.1905042383163747,
    "g1_per_observable": {
      "recalc": 0.1055476354127692,
      "thrombin": 0.06944836909047158,
      "fib": 0.15159242202149298,
      "xiii": 0.10103613676469013,
      "AP": 0.08949790986328271,
      "D": 0.08549737405570944
    },
    "g2_per_observable": {
      "recalc": 0.016051216206046583,
      "thrombin": 0.019726571840585967,
      "fib": 0.0460700298353656,
      "xiii": 0.04041198921427915,
      "AP": 0.019131644549648046,
      "D": 0.049112786670449333
    },
    "constraint": 0.0005482624265356603,
    "constraint_weighted": 0.0010965248530713206,
    "saturation_penalty": 0.0,
    "w_group": [
      1.0,
      1.0
    ]
  },
  "g1_predictions": {
    "recalc": [
      0.0,
      -36.23331611198466,
      -21.905833521672395,
      7.49522772496573,
      26.35491637633858,
      33.71496744096655,
      37.58776536674,
      49.47436973485203,
      80.25381983084999,
      118.93762420880167,
      142.3002419651437,
      145.05653604693148,
      127.3817130952454,
      97.65838317867866,
      66.63265517187509,
      4.20198954866561
    ],
    "thrombin": [
      0.0,
      -5.0415245706629985,
      -3.8599157306760317,
      -1.1349182112777103,
      0.8510323659205454,
      1.9006509746701445,
      2.5629878745186105,
      3.667626679292222,
      5.923973866769349,
      8.547674815668504,
      10.098418423771392,
      10.278155605639599,
      9.118449365561837,
      7.155103544127768,
      5.085091812183125,
      0.6407505564596859
    ],
    "fib": [
      0.0,
      10.59050678615305,
      7.067195157430509,
      -3.8652116835675594,
      -10.481967770884058,
      -12.101357837284407,
      -12.119917656821006,
      -15.378706841556626,
      -27.657600615993886,
      -45.22944329219799,
      -56.2163483957992,
      -57.58389843137755,
      -49.22286961637583,
      -35.35363506032381,
      -21.182819796407347,
      3.2898602760454576
    ],
    "xiii": [
      0.0,
      28.351005729050232,
      53.18924335768044,
      42.808978805914926,
      28.77386195828785,
      11.07324715746052,
      0.23479878183254732,
      -0.4007892942605956,
      -6.857693451494483,
      -40.60022663956082,
      -59.52664389470677,
      -63.76986316629755,
      -55.55108097276902,
      -56.80592089916906,
      -41.035669521718084,
      18.165373520983927
    ],
    "AP": [
      0.0,
      0.12815711384825057,
      0.29538109989282335,
      0.38274983233498816,
      0.40832158589617384,
      0.40462831126048193,
      0.4067708369672138,
      0.45574871504574305,
      0.5566219585331457,
      0.6423138649649912,
      0.6809976143685822,
      0.6731051150443691,
      0.6230039553033772,
      0.5423502063680052,
      0.45195140155716657,
      0.15866027854249623
    ],
    "D": [
      0.0,
      13.164751115941058,
      28.64866019543963,
      36.50319752671771,
      38.6794632682385,
      38.259424171254366,
      38.600909655761065,
      43.57240237305693,
      53.26704623203824,
      61.11478707416135,
      64.55301459811612,
      63.54554656420929,
      58.610753588159305,
      50.85072122900222,
      42.30470817854615,
      14.836917143793418
    ]
  },
  "g2_predictions": {
    "recalc": [
      0.0,
      -35.90210462445282,
      -26.58388037123812,
      -8.80338357625726,
      2.574412833287667,
      6.651866356679868,
      5.092129705130361,
      1.0031313299952291,
      -1.7248008139572804
    ],
    "thrombin": [
      0.0,
      -5.014491538444441,
      -4.262591667492622,
      -2.333257563488507,
      -0.8463162995249023,
      -0.04038691750631607,
      0.1731286505142824,
      0.03799871792663212,
      -0.11467123757107384
    ],
    "fib": [
      0.0,
      10.51649687446508,
      7.79503503902794,
      1.8097374246901539,
      -1.4177943223602978,
      -1.9300367661009767,
      -0.8148386629950597,
      0.4891899364209378,
      0.7150886153913119
    ],
    "xiii": [
      0.0,
      17.77212092076391,
      17.64802928514411,
      -0.5621725974694245,
      -14.342741804581406,
      -16.972496082446078,
      -11.4125108222751,
      -3.2886021368748173,
      2.5374301344694503
    ],
    "AP": [
      0.0,
      0.13110262032378128,
      0.2452928094354565,
      0.2914733300964226,
      0.29592753366469404,
      0.2728991611780385,
      0.22452249123988083,
      0.15751850483023458,
      0.09294462799284625
    ],
    "D": [
      0.0,
      13.234601580804483,
      23.632800186741903,
      27.70033721230629,
      27.948045819532265,
      25.636604730469593,
      20.930814895956217,
      14.533585948469144,
      8.494190758543951
    ]
  },
  "elapsed_s": 954.0895183086395,
  "failed": false
}