{
  "seed": 61,
  "best_x": [
    0.21582101468149884,
    0.1438325333685401,
    16.714283028906284,
    15.010856952544756,
    1.9053617215831289,
    398.2035033346931,
    9.99214375035217,
    19.88317957064689,
    8.83931663233128,
    1.38206416751916,
    3.1019243833619154,
    37.88732939568554,
    39.76912612670682,
    9.794442552113907,
    5.3537553167847065,
    0.5049888223973884,
    7.135944268899101,
    75.75355657318892,
    5.497986218127705,
    1.1291163709780376,
    39.10316561625473,
    512.5681346847347,
    33.31028796028487,
    2.3037277944523837,
    6.036058362891017,
    0.3942458585170958
  ],
  "best_cost": 0.8123887158071114,
  "decomp_synth": {
    "total": 0.8123887158071114,
    "failed": false,
    "g1_total": 0.6210047929863552,
    "g2_total": 0.1912244063740084,
    "g1_per_observable": {
      "recalc": 0.1628759388767487,
      "thrombin": 0.0978130381835377,
      "fib": 0.11882375858827553,
      "xiii": 0.060599672780712245,
      "AP": 0.09701928786758006,
      "D": 0.08387309668950109
    },
    "g2_per_observable": {
      "recalc": 0.012566546592858576,
      "thrombin": 0.023467063200113682,
      "fib": 0.06326456792864012,
      "xiii": 0.038874012798548116,
      "AP": 0.0178667691032929,
      "D": 0.035185446750554995
    },
    "constraint": 7.975822337385672e-05,
    "constraint_weighted": 0.00015951644674771343,
    "saturation_penalty": 0.0,
    "w_group": [
      1.0,
      1.0
    ]
  },
  "g1_predictions": {
    "recalc": [
      0.0,
      -35.99340533115682,
      -19.681169856485116,
      10.840244104056403,
      31.557275059333598,
      40.43398693422649,
      43.997353325273146,
      55.60647876277372,
      92.78314662919878,
      140.25182312828926,
      163.42162337603827,
      156.37393682594006,
      129.184589072898,
      97.9249965399613,
      71.66752604855199,
      12.48536288235112
    ],
    "thrombin": [
      0.0,
      -4.785291517834189,
      -3.6935657109637177,
      -1.1711833181563787,
      0.7685031381196765,
      1.8499097949931473,
      2.448637816369198,
      3.388047472829828,
      5.687053720942798,
      8.44755779594905,
      9.78790173439074,
      9.421987295014214,
      7.9169787681866355,
      6.16209441506597,
      4.666503998184863,
      1.1211546722021697
    ],
    "fib": [
      0.0,
      11.981678908444287,
      9.516769006458873,
      -0.38270022505566725,
      -7.054225716071849,
      -9.200060974473024,
      -9.316820783356496,
      -12.44938120055819,
      -26.538180052387574,
      -46.751002783371355,
      -56.817978313186686,
      -53.29385083621541,
      -40.81885304842936,
      -26.967150041609706,
      -15.826478907828335,
      5.0402066011814055
    ],
    "xiii": [
      0.0,
      24.978809927965695,
      53.29703780061682,
      54.477609476353884,
      46.37783962550117,
      27.29079507240253,
      10.360232524326213,
      6.772695786958077,
      -1.5955207787160313,
      -47.24615123444115,
      -84.99389128877746,
      -86.36471241227014,
      -60.50893987971534,
      -48.89778204522779,
      -37.191792932039206,
      23.713633286895405
    ],
    "AP": [
      0.0,
      0.11420959418483667,
      0.27787331286629186,
      0.3763735727418843,
      0.4165392956318281,
      0.4215226905863836,
      0.4181344296596903,
      0.45193377330743517,
      0.5565985716756164,
      0.6602578656228251,
      0.7025372627377806,
      0.6846501530938374,
      0.6248369194664372,
      0.549639198884306,
      0.47748043088099923,
      0.2330200698514025
    ],
    "D": [
      0.0,
      11.325938986555997,
      25.757451108833703,
      34.193888140254984,
      37.520736445960964,
      37.828453444302134,
      37.58284896798816,
      41.0092188215247,
      50.73236137565473,
      59.73118070787757,
      63.16495440170308,
      61.227571379930055,
      55.688830541443956,
      48.90982717576405,
      42.47469221716924,
      20.7268529087544
    ]
  },
  "g2_predictions": {
    "recalc": [
      0.0,
      -35.90894532878719,
      -24.878969469973896,
      -4.156769773642274,
      7.041914676538898,
      6.588673486961515,
      0.8663885783999028,
      -2.927718982051851,
      -3.306503811373296
    ],
    "thrombin": [
      0.0,
      -4.783150113876163,
      -4.038024148765015,
      -2.0873670835606255,
      -0.707906539182904,
      -0.20560732903815238,
      -0.2296248620162351,
      -0.3073993488849039,
      -0.268734930733038
    ],
    "fib": [
      0.0,
      11.876812930573776,
      10.441879212905521,
      4.310213189466102,
      1.1716317986399947,
      1.7076868741083127,
      3.051330048593763,
      2.7540418535468203,
      1.3030645405110444
    ],
    "xiii": [
      0.0,
      16.06343877085326,
      18.977725615742134,
      0.9006994283533993,
      -16.11262213684299,
      -16.44011554846209,
      -5.254192715367611,
      3.6254192091659454,
      5.964683384272472
    ],
    "AP": [
      0.0,
      0.11313019679585906,
      0.2405806269657424,
      0.30665354197512273,
      0.31293771671618015,
      0.27009387863473744,
      0.19648214722077387,
      0.12151810586880273,
      0.06815322578293193
    ],
    "D": [
      0.0,
      11.071175967056764,
      22.197803732076185,
      27.74428948736348,
      27.976049929581983,
      23.883161856267026,
      17.170194682621663,
      10.517936395947181,
      5.876127417071789
    ]
  },
  "elapsed_s": 964.9292933940887,
  "failed": false
}