{
  "seed": 94,
  "best_x": [
    0.26048894525754457,
    0.20743566064669167,
    15.722081405118836,
    13.367710596997954,
    0.781061140139104,
    125.76189312286932,
    3.4884078121180195,
    942.0567500876006,
    8.924401254140832,
    1.5480556723034749,
    2.9456871688685755,
    31.472787280233817,
    28.509774289113274,
    7.503835140763422,
    5.672956535532043,
    0.5884246934932951,
    11.111903380002667,
    107.86560182906007,
    6.921049497673781,
    6.629769264907869,
    72.89718879944017,
    599.6043629021299,
    49.97562216112027,
    3.9351665025231783,
    5.446505553556092,
    0.44266670133815245
  ],
  "best_cost": 0.6906036567690891,
  "decomp_synth": {
    "total": 0.6906036567690891,
    "failed": false,
    "g1_total": 0.5221646558699486,
    "g2_total": 0.16449064463849405,
    "g1_per_observable": {
      "recalc": 0.08798929051247313,
      "thrombin": 0.08548440487071017,
      "fib": 0.09995780442521777,
      "xiii": 0.08744353131271984,
      "AP": 0.08027946176818043,
      "D": 0.08101016298064728
    },
    "g2_per_observable": {
      "recalc": 0.01826084121073257,
      "thrombin": 0.016128830216916433,
      "fib": 0.05807566312968852,
      "xiii": 0.0314339334162536,
      "AP": 0.019437901625304954,
      "D": 0.021153475039597962
    },
    "constraint": 0.0019741781303231807,
    "constraint_weighted": 0.003948356260646361,
    "saturation_penalty": 0.0,
    "w_group": [
      1.0,
      1.0
    ]
  },
  "g1_predictions": {
    "recalc": [
      0.0,
      -30.744717019014693,
      -17.591774970511214,
      9.07905972204508,
      26.236123883673407,
      32.26311287817781,
      33.751885453366285,
      41.00211009176238,
      65.48898557869526,
      99.49231107013172,
      119.3155781120646,
      118.4274417437666,
      99.0437205207607,
      71.98381669442679,
      47.48789674003093,
      3.18305544213459
    ],
    "thrombin": [
      0.0,
      -5.081606553893963,
      -3.7093487545666344,
      -0.6909927265690512,
      1.4634478366454426,
      2.4966583559301165,
      2.992219500214742,
      3.9093928313746256,
      6.233974675361378,
      9.215958447329719,
      10.911438485683197,
      10.825727213126386,
      9.166245042932093,
      6.839726282180256,
      4.710695204963551,
      0.6033963741666266
    ],
    "fib": [
      0.0,
      20.209994207099033,
      18.89552429474087,
      3.6422408591115065,
      -6.771951815597843,
      -9.692489568754901,
      -8.783340172517264,
      -9.575751962676875,
      -21.104791967685493,
      -42.733508786595266,
      -56.54547583404986,
      -56.387376626456714,
      -43.37737287671257,
      -25.538164384187397,
      -10.162445060336232,
      9.020826147785035
    ],
    "xiii": [
      0.0,
      29.646370060050558,
      44.8238312072027,
      26.893890546084798,
      10.32776819821737,
      -6.051478349123136,
      -12.704019910431105,
      -11.134642598068213,
      -18.94637946012774,
      -54.054074192926656,
      -71.51615123102685,
      -73.09988325029083,
      -58.96248259805988,
      -52.018353143787785,
      -33.13479369371201,
      12.04729114775488
    ],
    "AP": [
      0.0,
      0.13920766991470265,
      0.32746162134045115,
      0.4272356212742824,
      0.45639945962539574,
      0.44849453292141833,
      0.4400436413509926,
      0.4815009060741013,
      0.591724736070001,
      0.6904904848021576,
      0.7286690543099148,
      0.7070924753787579,
      0.6364899771754013,
      0.54034233899426,
      0.44463802320579016,
      0.1584068667224899
    ],
    "D": [
      0.0,
      13.200028577262973,
      28.76881577084077,
      36.69949244236177,
      38.83846260778518,
      38.03570442066993,
      37.45737243154606,
      41.45404704990721,
      51.098467989503185,
      59.130030867611836,
      62.01678660421101,
      59.80478477361043,
      53.56336065721805,
      45.30700381993864,
      37.234980894852946,
      13.259747307280593
    ]
  },
  "g2_predictions": {
    "recalc": [
      0.0,
      -30.66812889371796,
      -24.133590585456407,
      -9.52953604249831,
      0.6945097266947542,
      4.482697038223957,
      2.977521228701727,
      -0.28194262019353467,
      -1.861435267067458
    ],
    "thrombin": [
      0.0,
      -5.1059193243778465,
      -4.407049914314794,
      -2.4413384995951897,
      -0.8760762725963582,
      -0.05955341460805852,
      0.08829777770501512,
      -0.08238082207862596,
      -0.19455047401666206
    ],
    "fib": [
      0.0,
      19.03366741168131,
      18.18955112082574,
      10.18274578331183,
      4.502831937750772,
      2.146687164940367,
      1.6967937778437907,
      0.9758641301852684,
      -0.83998372316172
    ],
    "xiii": [
      0.0,
      19.479026034787232,
      18.327762576221364,
      1.5926692290285756,
      -10.92518668957044,
      -13.53602910604415,
      -8.37859204280325,
      -1.3712956956679447,
      2.5901667049872783
    ],
    "AP": [
      0.0,
      0.12564619343561886,
      0.24483879133704792,
      0.2970158002700919,
      0.30582074323877034,
      0.27951900220415105,
      0.22055235535296674,
      0.14404834196514044,
      0.07860978157362541
    ],
    "D": [
      0.0,
      11.690759767423563,
      21.338314176306657,
      25.4261054486173,
      25.93661003151545,
      23.487623446081514,
      18.296678018125238,
      11.767109072653792,
      6.34634057304427
    ]
  },
  "elapsed_s": 751.0621061325073,
  "failed": false
}