{
  "seed": 70,
  "best_x": [
    0.23902823115598676,
    0.22385029938012901,
    13.80120487891347,
    13.762568743702566,
    2.4862832363198244,
    514.336707186925,
    4.643902648175267,
    711.2628969259258,
    9.208372527754847,
    1.9464995455080238,
    3.8075974932194674,
    36.01212982716015,
    41.40430882758564,
    3.821000278851499,
    5.904062234284302,
    0.2508709901197572,
    11.495220676067579,
    142.8412208079326,
    3.1079249329178413,
    3.0047696424544164,
    48.60540997158472,
    590.4062285346313,
    15.960161381078002,
    2.694024338368397,
    5.223749778759833,
    0.4058538584238267
  ],
  "best_cost": 0.8640780246429719,
  "decomp_synth": {
    "total": 0.8640780246429719,
    "failed": false,
    "g1_total": 0.6068185795724674,
    "g2_total": 0.25634286200641954,
    "g1_per_observable": {
      "recalc": 0.12564823139778616,
      "thrombin": 0.10209797551171865,
      "fib": 0.11999338823031674,
      "xiii": 0.09893656300746789,
      "AP": 0.08247328590621404,
      "D": 0.07766913551896393
    },
    "g2_per_observable": {
      "recalc": 0.014656353927979487,
      "thrombin": 0.0169092759679411,
      "fib": 0.062355398597963,
      "xiii": 0.04361643850749818,
      "AP": 0.03043315469890484,
      "D": 0.0883722403061329
    },
    "constraint": 0.00045829153204249014,
    "constraint_weighted": 0.0009165830640849803,
    "saturation_penalty": 0.0,
    "w_group": [
      1.0,
      1.0
    ]
  },
  "g1_predictions": {
    "recalc": [
      0.0,
      -35.21528651643851,
      -22.355803689505162,
      4.066495948009248,
      21.508852715609898,
      30.215726875659104,
      38.09500545621873,
      55.379748908068684,
      88.80062668861392,
      124.93891627144961,
      146.05365495820718,
      149.700879512614,
      134.74683993720402,
      106.805793047011,
      74.8239624677881,
      4.647021858113701
    ],
    "thrombin": [
      0.0,
      -5.308247456019802,
      -4.14964093884799,
      -1.422178015089394,
      0.6156446919114313,
      1.8410876529450846,
      2.8454706226649513,
      4.422357360325473,
      7.0433516028066645,
      9.720111435240621,
      11.2628582378344,
      11.532071005884028,
      10.466637229541808,
      8.456649361116247,
      6.134593134259378,
      0.7213787283645077
    ],
    "fib": [
      0.0,
      19.9325094008015,
      19.295896136732992,
      6.4248792929830465,
      -2.4021352052342806,
      -5.592648223862152,
      -6.793151510542506,
      -11.470196489331757,
      -25.942687669258795,
      -45.14688020965916,
      -56.688670059490484,
      -58.382685179652256,
      -49.15247580219919,
      -32.915307624593986,
      -15.250157055332938,
      11.56118399796687
    ],
    "xiii": [
      0.0,
      27.12785143483866,
      51.00139105150666,
      43.678325277332384,
      32.51441019210646,
      16.29399852439185,
      3.4238368868556046,
      -2.656062522911822,
      -14.120219086581011,
      -45.73565371786478,
      -59.568195814041175,
      -62.105464749359555,
      -56.029317707561795,
      -60.41840113519712,
      -46.360938671439825,
      17.945179142705996
    ],
    "AP": [
      0.0,
      0.10931535316658829,
      0.2574447897932468,
      0.33665173218857536,
      0.3628099042526322,
      0.36837615505594046,
      0.3859674229223572,
      0.444589946243961,
      0.5373767329601072,
      0.6107344568123976,
      0.6456715288158813,
      0.6435456620864133,
      0.6053270160380859,
      0.5365541091902402,
      0.4524309141644765,
      0.1532716789993422
    ],
    "D": [
      0.0,
      12.11997487651667,
      26.505672047663975,
      33.91482996391866,
      36.25605217552451,
      36.77632989373466,
      38.73304986774337,
      44.92668046732193,
      54.2680684829179,
      61.26831974712691,
      64.52276724231044,
      64.01920828766669,
      59.97671222984353,
      52.91866026298947,
      44.50145482385354,
      15.035845749674568
    ]
  },
  "g2_predictions": {
    "recalc": [
      0.0,
      -34.15990652342627,
      -22.852956334719188,
      -6.218758749328245,
      2.849805745449281,
      5.457105883325834,
      3.8198308653219897,
      0.40242422900977637,
      -1.8476220531793226
    ],
    "thrombin": [
      0.0,
      -5.162699380079672,
      -4.222757557609624,
      -2.256108652676287,
      -0.8516861957414275,
      -0.11312237464561137,
      0.0995058087305738,
      0.0012997353757688845,
      -0.12569720766632342
    ],
    "fib": [
      0.0,
      22.137049877738274,
      18.07466274140767,
      8.418930085624341,
      3.046138497139234,
      1.3471864020249065,
      1.1837041183017583,
      0.6609622857929978,
      -1.100597667433231
    ],
    "xiii": [
      0.0,
      18.824280809779903,
      16.580117115576932,
      -1.349753812070329,
      -12.594881087488979,
      -13.290079006624923,
      -7.797961008028937,
      -1.0634483581816834,
      3.5097551508146956
    ],
    "AP": [
      0.0,
      0.1373668684377884,
      0.24255547039792497,
      0.2782933032005591,
      0.2736941180806749,
      0.24747499227578604,
      0.20365685980455783,
      0.14608173743317027,
      0.08952278938413474
    ],
    "D": [
      0.0,
      14.759914125074399,
      24.677347526342864,
      27.824485659988884,
      27.16062220453494,
      24.421925672069563,
      19.933463959324577,
      14.130780072313762,
      8.559887617102866
    ]
  },
  "elapsed_s": 670.2223336696625,
  "failed": false
}