{
  "seed": 56,
  "best_x": [
    0.2632915285761483,
    0.21656758022394698,
    9.92516252051332,
    8.900156798265755,
    1.8383697271472457,
    523.1404777480743,
    9.569700890542844,
    67.9020546407622,
    9.213068751593287,
    1.6027576380988133,
    2.88053455782935,
    31.8487143839199,
    30.59818527973839,
    6.417100574894224,
    6.200553864213086,
    0.5315575281203577,
    9.164170536996078,
    96.19406740989945,
    4.706826985945484,
    2.085174767583993,
    54.74568366629719,
    599.9312102323911,
    33.06677979723065,
    3.413612030560399,
    4.818119569637796,
    0.43288566715552684
  ],
  "best_cost": 0.8815043467842929,
  "decomp_synth": {
    "total": 0.8815043467842929,
    "failed": false,
    "g1_total": 0.6519265562003851,
    "g2_total": 0.22918321723335808,
    "g1_per_observable": {
      "recalc": 0.13874780672325931,
      "thrombin": 0.09725858561529556,
      "fib": 0.16202614200723664,
      "xiii": 0.09157147772575622,
      "AP": 0.11969222111831734,
      "D": 0.04263032301052007
    },
    "g2_per_observable": {
      "recalc": 0.015460825903649228,
      "thrombin": 0.015441719778032622,
      "fib": 0.05066468499944042,
      "xiii": 0.04034666992196504,
      "AP": 0.02194828977261538,
      "D": 0.08532102685765539
    },
    "constraint": 0.0001972866752748705,
    "constraint_weighted": 0.000394573350549741,
    "saturation_penalty": 0.0,
    "w_group": [
      1.0,
      1.0
    ]
  },
  "g1_predictions": {
    "recalc": [
      0.0,
      -29.447653802120996,
      -9.984339166824721,
      19.327145306726713,
      35.342035704065935,
      39.18181092857782,
      38.929806647126604,
      46.06733086156095,
      74.04042848404866,
      114.53402083991881,
      140.30785596949332,
      141.6925833537513,
      120.31798885055362,
      88.15045267957586,
      58.04944855259023,
      3.803860649729959
    ],
    "thrombin": [
      0.0,
      -5.435808926089326,
      -3.4555108550628892,
      -0.001176715781822324,
      2.22208569229983,
      3.1583814913593815,
      3.5410014341977876,
      4.477038095614167,
      7.208818830247768,
      10.932832539724192,
      13.268399391383287,
      13.41255319897201,
      11.525731230400934,
      8.652189831788354,
      5.925432727475598,
      0.6992379599490472
    ],
    "fib": [
      0.0,
      15.545638188716543,
      11.18411176367525,
      -2.117321315852382,
      -9.369864236318254,
      -10.301076184754965,
      -8.922835276621367,
      -10.46839846143721,
      -22.455929352943954,
      -43.19381147628176,
      -57.04024791283805,
      -57.41657687144709,
      -45.0509905095303,
      -27.33376958415615,
      -11.795744009920103,
      7.684865323372947
    ],
    "xiii": [
      0.0,
      25.97001971165512,
      41.30092387943491,
      26.710952759024206,
      13.852768744057432,
      -0.7369581098152032,
      -7.533537236560702,
      -5.933595941711125,
      -14.122344965258804,
      -54.81909194321639,
      -83.15386749357201,
      -88.95650874143841,
      -70.89555868827019,
      -59.18089992465552,
      -35.464777772365665,
      15.470505658402603
    ],
    "AP": [
      0.0,
      0.12544138776564145,
      0.3057488064530611,
      0.40200694095255673,
      0.429578062932189,
      0.4199020333170701,
      0.40468575812195734,
      0.42847957624364763,
      0.52279023424229,
      0.6271158201565366,
      0.6818552959574311,
      0.6793666274423782,
      0.6254411411506133,
      0.5384478981306303,
      0.44383012606836486,
      0.1517146442325807
    ],
    "D": [
      0.0,
      13.28912791635741,
      28.833485192953695,
      36.61802833063623,
      38.561624954651094,
      37.46810727084138,
      36.23988649982675,
      39.0229249040847,
      48.06723998393103,
      57.03920753849925,
      61.430162485797915,
      60.60743609932469,
      55.3471825520292,
      47.319624055659844,
      38.88467649535822,
      13.273911110614373
    ]
  },
  "g2_predictions": {
    "recalc": [
      0.0,
      -29.51689762243803,
      -18.84401937405819,
      -2.5785305927911963,
      7.225471523116731,
      9.613068306077764,
      6.164481042395639,
      1.006305609300382,
      -1.6679392815409488
    ],
    "thrombin": [
      0.0,
      -5.458152085335575,
      -4.352108054987255,
      -2.0871313075163545,
      -0.4245250560409022,
      0.3589594347893321,
      0.3832768456181215,
      0.05908434327776657,
      -0.1552637718760969
    ],
    "fib": [
      0.0,
      15.113576407261327,
      12.947907140717508,
      6.052107580289252,
      2.011777016548746,
      1.1994862094022674,
      2.2013517580094666,
      2.641016781703505,
      1.2762975242059547
    ],
    "xiii": [
      0.0,
      16.39885020657687,
      13.232437044706234,
      -4.404406939890842,
      -16.649456338773515,
      -17.692832119432587,
      -10.230875184571023,
      -1.2321677054997124,
      3.661078202745222
    ],
    "AP": [
      0.0,
      0.11888908406239376,
      0.2415530346183657,
      0.29492510520604936,
      0.30427624155272415,
      0.28176940621314017,
      0.22965753545590378,
      0.15808248805289815,
      0.09162902547514531
    ],
    "D": [
      0.0,
      12.271746282447685,
      22.51226561922854,
      26.720891831335365,
      27.202128370472078,
      24.885889608286625,
      19.941744544580594,
      13.43493262429502,
      7.646647665123433
    ]
  },
  "elapsed_s": 648.7432632446289,
  "failed": false
}