{
  "seed": 47,
  "best_x": [
    0.22050523519567927,
    0.17921265050014432,
    9.448820043385417,
    8.171280223879382,
    1.3131732479983087,
    491.0156042980087,
    7.220211528178286,
    43.57924376270959,
    9.07692682085981,
    1.840958027853791,
    2.3539889546419244,
    36.21358911679793,
    38.575555804351076,
    5.442640809049909,
    5.5810833073325234,
    0.35287189807081487,
    11.394991806760356,
    128.11470686666928,
    4.282903931199549,
    6.2276161025573415,
    49.393117209134246,
    599.9615610091255,
    24.53448587500781,
    3.096132505203872,
    5.084675458179469,
    0.4077026579825984
  ],
  "best_cost": 0.8793635881166829,
  "decomp_synth": {
    "total": 0.8793635881166829,
    "failed": false,
    "g1_total": 0.632112213081109,
    "g2_total": 0.2470751197945376,
    "g1_per_observable": {
      "recalc": 0.14337580921319157,
      "thrombin": 0.10858955607262712,
      "fib": 0.1462859897765468,
      "xiii": 0.08079166077574612,
      "AP": 0.06347170420532784,
      "D": 0.08959749303766955
    },
    "g2_per_observable": {
      "recalc": 0.01375897535467779,
      "thrombin": 0.01842029405206634,
      "fib": 0.07030184312358904,
      "xiii": 0.03443172951648648,
      "AP": 0.027287262958336406,
      "D": 0.08287501478938152
    },
    "constraint": 8.812762051818826e-05,
    "constraint_weighted": 0.0001762552410363765,
    "saturation_penalty": 0.0,
    "w_group": [
      1.0,
      1.0
    ]
  },
  "g1_predictions": {
    "recalc": [
      0.0,
      -34.996117714390024,
      -20.18673126056569,
      9.53918067897633,
      29.383653531089912,
      38.397414955344445,
      43.81171939544898,
      55.350599587208336,
      81.62803206168621,
      114.89020477966221,
      137.01720232760252,
      141.08372646100017,
      125.93025295392637,
      99.43105265981711,
      71.49257592403775,
      7.9468029742936
    ],
    "thrombin": [
      0.0,
      -5.002927594800467,
      -3.700684268215824,
      -0.8134045180356471,
      1.3202041154713116,
      2.504364663040829,
      3.268148202417616,
      4.361619059556352,
      6.419940486131836,
      8.872626363674145,
      10.478017869716043,
      10.78414714556514,
      9.725612238693953,
      7.8483309051605,
      5.843496689567095,
      1.018073580761768
    ],
    "fib": [
      0.0,
      17.872423459490495,
      15.856160041025896,
      1.6831415140461043,
      -7.966998243484625,
      -11.253658158986592,
      -11.759229517024323,
      -14.358161158812434,
      -24.69463831899592,
      -40.71192851273971,
      -51.693159618963435,
      -52.8781925153281,
      -43.308287934184854,
      -27.981386550748386,
      -12.87722523707178,
      11.893036588849064
    ],
    "xiii": [
      0.0,
      25.05503172544774,
      48.43192544327754,
      42.693026428928995,
      31.08757004430241,
      11.635432401331418,
      -3.323103169137277,
      -7.043518730929673,
      -13.8087332484719,
      -46.93756842866953,
      -69.63783092695434,
      -76.04388015007663,
      -66.45538408940993,
      -66.86640887006672,
      -50.479840519725116,
      18.64050459468616
    ],
    "AP": [
      0.0,
      0.10964198363644312,
      0.2786935652376272,
      0.3786320182221453,
      0.4172585375331675,
      0.42381483810789267,
      0.4284279094719191,
      0.46327161770208286,
      0.5413416868717477,
      0.6215295257627227,
      0.6673704794321836,
      0.6713782330435094,
      0.6335580995355462,
      0.56571352092411,
      0.48601962428706313,
      0.2011953053529851
    ],
    "D": [
      0.0,
      11.413679261682448,
      25.563798648858533,
      33.42857065727531,
      36.27138344034863,
      36.65371016682339,
      37.19890883347571,
      40.680178622387956,
      47.775117468499964,
      54.41362710701342,
      58.00699594944913,
      57.86208727711222,
      54.214060811453244,
      48.099296939433664,
      41.192406233030056,
      17.017908591587393
    ]
  },
  "g2_predictions": {
    "recalc": [
      0.0,
      -34.51247988896737,
      -23.465001836826442,
      -6.19625983485329,
      2.7305180261291895,
      4.6654689769799695,
      2.593495749826957,
      -0.557337601150639,
      -2.2703190336841024
    ],
    "thrombin": [
      0.0,
      -4.938150587524221,
      -3.989041485090755,
      -2.0394667761336747,
      -0.7176100076073189,
      -0.08521634581766224,
      0.05875083257825686,
      -0.03842913821646843,
      -0.13273761600571637
    ],
    "fib": [
      0.0,
      18.798987847607076,
      15.472337209275297,
      6.0177861018029315,
      0.8983244465512286,
      -0.4456579106127414,
      -0.31515044188485675,
      -0.6668187574778006,
      -2.1839703594615845
    ],
    "xiii": [
      0.0,
      16.863043624904133,
      15.51000345155926,
      -2.5542085187481147,
      -13.936663672191045,
      -13.286286441288974,
      -6.282843685235362,
      0.6265153511726356,
      4.351778111021138
    ],
    "AP": [
      0.0,
      0.12300465758884024,
      0.2483814703226633,
      0.29632208424858314,
      0.2934031631814261,
      0.26284903462046433,
      0.21370597402167393,
      0.15328992510698655,
      0.09626376568476532
    ],
    "D": [
      0.0,
      12.35380816926614,
      22.377064330215802,
      25.802513731138937,
      25.16330850123388,
      22.299891563101383,
      17.884388065419117,
      12.604780492700712,
      7.790150190668286
    ]
  },
  "elapsed_s": 640.6256799697876,
  "failed": false
}