{
  "seed": 99,
  "best_x": [
    0.23963647229959173,
    0.21898568502604454,
    14.139442249107873,
    12.917199981023835,
    26.922153907784434,
    146.77154052994678,
    4.689289378496017,
    10.785208214076036,
    9.014228150614258,
    1.6922401435854617,
    3.613420555560916,
    39.46858920777548,
    43.09641989056428,
    13.177474824427577,
    5.804979002491912,
    0.7491345970461185,
    8.832141892018715,
    96.55378671973216,
    7.5300374474434015,
    0.18534104701234722,
    39.9453273969324,
    457.829879508525,
    40.30969167579556,
    3.0027632344964754,
    4.951914913536317,
    0.39777417761102596
  ],
  "best_cost": 0.8059250797670778,
  "decomp_synth": {
    "total": 0.8059250797670778,
    "failed": false,
    "g1_total": 0.5806620599997474,
    "g2_total": 0.2248493617913863,
    "g1_per_observable": {
      "recalc": 0.12134242957082599,
      "thrombin": 0.08420574343888122,
      "fib": 0.16028389115230723,
      "xiii": 0.0541004924195204,
      "AP": 0.09207577492134959,
      "D": 0.06865372849686303
    },
    "g2_per_observable": {
      "recalc": 0.014939534410202746,
      "thrombin": 0.02361926340257693,
      "fib": 0.06496300044636585,
      "xiii": 0.029259337314614747,
      "AP": 0.032338687703015144,
      "D": 0.05972953851461085
    },
    "constraint": 0.00020682898797209714,
    "constraint_weighted": 0.0004136579759441943,
    "saturation_penalty": 0.0,
    "w_group": [
      1.0,
      1.0
    ]
  },
  "g1_predictions": {
    "recalc": [
      0.0,
      -38.57091443944537,
      -22.56153106968876,
      8.247894850181801,
      26.8529399735043,
      34.096796021381316,
      39.635520919340806,
      57.528946866223215,
      99.80820678987337,
      145.42546050085105,
      167.42664138746707,
      163.2781396390557,
      136.66648481949693,
      99.77816111477931,
      65.61780674435849,
      3.612057751368435
    ],
    "thrombin": [
      0.0,
      -5.214822120054951,
      -3.9947737924982074,
      -1.2480373937552032,
      0.7001760279958749,
      1.7486495495029206,
      2.5208748399687257,
      3.9654692071329376,
      6.817447341656067,
      9.73657008192112,
      11.138607922291257,
      10.904977136162683,
      9.270095490699243,
      6.969619352804601,
      4.802828702162287,
      0.5703474698695111
    ],
    "fib": [
      0.0,
      15.096528428162847,
      13.37181689775458,
      2.4089946269256455,
      -4.244754606398072,
      -6.032306084102009,
      -6.32033986464185,
      -10.209650331770995,
      -24.543178204657785,
      -42.62506221741239,
      -51.32498868099747,
      -48.91557428185028,
      -37.052002250287835,
      -21.59646593975542,
      -8.304023645717503,
      7.7339128356634985
    ],
    "xiii": [
      0.0,
      21.361531941178097,
      42.50154797899237,
      40.776362045915384,
      33.20626891964252,
      18.95706994277175,
      7.234130691132047,
      2.4132938926014003,
      -11.765108807548787,
      -57.702145724133196,
      -91.57287969270755,
      -95.56272379220027,
      -74.44294326647623,
      -58.11303744538134,
      -34.81813810039699,
      14.822143908003401
    ],
    "AP": [
      0.0,
      0.11889478769881498,
      0.28168258068889024,
      0.36867538681568596,
      0.3947982389819819,
      0.3923985220084867,
      0.3986985708770345,
      0.4570483747462103,
      0.5684239866122355,
      0.6584273827796815,
      0.6949324133524492,
      0.6812441383851447,
      0.6231124675585118,
      0.5353913877747258,
      0.44100531138558546,
      0.14913787310986765
    ],
    "D": [
      0.0,
      12.165326309262863,
      26.629150327407714,
      34.04417559443263,
      36.11201978545968,
      35.81076527842724,
      36.5999284516334,
      42.40617814318639,
      52.75009748001101,
      60.572614122258614,
      63.57973179652433,
      61.96522235900468,
      56.39436191535411,
      48.23433320220047,
      39.64768382686298,
      13.393813592938619
    ]
  },
  "g2_predictions": {
    "recalc": [
      0.0,
      -37.82935169347843,
      -24.466722449942658,
      -3.962595953964886,
      6.414520404495725,
      7.570473643195918,
      3.4828795218595197,
      -1.056319426402391,
      -2.8083079191409483
    ],
    "thrombin": [
      0.0,
      -5.126851955848496,
      -4.153443571761827,
      -2.086410754502469,
      -0.6772716378568777,
      -0.057750980520475226,
      0.002521040992184753,
      -0.14750869910043185,
      -0.22051102590086524
    ],
    "fib": [
      0.0,
      16.018237687731705,
      12.981876852767298,
      5.151950633948017,
      1.1065909343363085,
      0.36541833084982933,
      0.7430179049814676,
      0.29750941608003245,
      -1.2588042510347464
    ],
    "xiii": [
      0.0,
      14.465811550390946,
      13.987451015164092,
      -2.1607353893675594,
      -13.98769949261168,
      -13.806258085441966,
      -6.3898160575293845,
      0.49902050796623176,
      3.3639148180081806
    ],
    "AP": [
      0.0,
      0.1375936867907955,
      0.26112746682502674,
      0.30981394592086564,
      0.30682695057858744,
      0.27060792733080447,
      0.20968368098567564,
      0.13769242490718775,
      0.07689763087821735
    ],
    "D": [
      0.0,
      13.72158932156064,
      24.455230888247808,
      28.428742081641733,
      27.86978985330964,
      24.367244215694818,
      18.66409535701492,
      12.084176979431495,
      6.672419830445496
    ]
  },
  "elapsed_s": 674.6453051567078,
  "failed": false
}