{
  "seed": 15,
  "best_x": [
    0.30081256382815413,
    0.31048259786273946,
    14.789026450124712,
    14.142044539909133,
    4.138559453938168,
    287.7080860226507,
    7.848813459514666,
    18.277768064619707,
    9.192542778507185,
    1.7423469968397591,
    4.349137793947532,
    37.12009217432028,
    34.59901288444627,
    11.285006451855814,
    5.68663839578149,
    0.6187882712043284,
    9.450032427613166,
    89.90016876115257,
    7.1217810009725575,
    0.9449009821832162,
    35.662716196857914,
    434.0662028405425,
    32.037909746271474,
    2.084113190754998,
    4.873901200258892,
    0.46280507858574826
  ],
  "best_cost": 0.8248469862817313,
  "decomp_synth": {
    "total": 0.8248469862817313,
    "failed": false,
    "g1_total": 0.6425964014784376,
    "g2_total": 0.18182933810917296,
    "g1_per_observable": {
      "recalc": 0.12992563575557847,
      "thrombin": 0.0983767632944734,
      "fib": 0.13556685286749606,
      "xiii": 0.08826301659981914,
      "AP": 0.09071206597026604,
      "D": 0.09975206699080442
    },
    "g2_per_observable": {
      "recalc": 0.00961664055294018,
      "thrombin": 0.02975901521991708,
      "fib": 0.033530261196196016,
      "xiii": 0.03187480162533311,
      "AP": 0.02138622833927957,
      "D": 0.055662391175506996
    },
    "constraint": 0.00021062334706039437,
    "constraint_weighted": 0.00042124669412078874,
    "saturation_penalty": 0.0,
    "w_group": [
      1.0,
      1.0
    ]
  },
  "g1_predictions": {
    "recalc": [
      0.0,
      -33.78770529978933,
      -10.76619698235671,
      17.946575366190523,
      30.45827091888613,
      32.880074880751465,
      37.20916870072425,
      58.94283908934884,
      106.8489017635156,
      151.03156974075807,
      169.74245573825655,
      163.1545127169437,
      133.9677367384259,
      92.54996584431144,
      54.29860575952822,
      0.3597057140338862
    ],
    "thrombin": [
      0.0,
      -4.988558282012602,
      -3.497810891720988,
      -0.9818362312737454,
      0.567604004622706,
      1.3284759840865032,
      2.0254706768281965,
      3.6423425784529075,
      6.68138912486552,
      9.375949556040958,
      10.525233894743895,
      10.168682886623122,
      8.470501938031925,
      6.021904078644945,
      3.7188666601920386,
      0.18344910006656037
    ],
    "fib": [
      0.0,
      15.553986490053525,
      9.052142694437892,
      -3.0460364289862367,
      -7.976250648179244,
      -8.046610563593983,
      -8.244926812971961,
      -15.23541744970634,
      -35.554469842836426,
      -56.275346138670315,
      -64.90116057707311,
      -61.05610483151388,
      -46.220561092669755,
      -26.328560376783045,
      -9.357609265016661,
      4.9327932925074585
    ],
    "xiii": [
      0.0,
      25.34802688445369,
      51.15026802276307,
      48.342820320509766,
      41.391807750131555,
      28.99476873963681,
      17.32887281255903,
      10.511585095735999,
      -7.942588908116023,
      -55.63911742037497,
      -87.17312418820856,
      -88.04582565409424,
      -65.25052000804448,
      -46.41361856160656,
      -21.5144748206936,
      16.071081880967817
    ],
    "AP": [
      0.0,
      0.13771109120705985,
      0.30615965370712195,
      0.37979707375439076,
      0.3882152084268236,
      0.37202801943273,
      0.37547005435537817,
      0.44587117250691616,
      0.568285703132562,
      0.6547048990766435,
      0.6862837062229631,
      0.6694342878324491,
      0.6068621176616725,
      0.5070458863945281,
      0.3951772814017106,
      0.08650931637557908
    ],
    "D": [
      0.0,
      14.546797866768951,
      30.087234832274156,
      36.54856178217197,
      37.05248376089075,
      35.47441051373014,
      36.105231895809034,
      43.36704963186115,
      55.150548601487735,
      62.962166077465334,
      65.6942105922462,
      63.73600369568878,
      57.47916060216296,
      47.726019006121625,
      37.060914728891156,
      8.091079833770635
    ]
  },
  "g2_predictions": {
    "recalc": [
      0.0,
      -33.89306164117151,
      -23.29712414377366,
      -6.675379459147976,
      5.105146097109554,
      10.142203873823611,
      8.274312611252363,
      2.562109402161882,
      -1.384046094084166
    ],
    "thrombin": [
      0.0,
      -5.013345054406229,
      -4.33164872534868,
      -2.534925998646975,
      -1.0172442774159807,
      -0.10418663728486699,
      0.16983558238930518,
      0.021193083200697793,
      -0.14847271471294737
    ],
    "fib": [
      0.0,
      14.93884723472044,
      11.695684112364962,
      5.208717247747122,
      1.0393160502036078,
      -0.36628375755543807,
      0.3621897834340899,
      1.34345303801594,
      0.6338976668627421
    ],
    "xiii": [
      0.0,
      15.638091136280456,
      18.489846074646184,
      6.0623181092886815,
      -7.065283326776602,
      -12.787683078973943,
      -9.779624589392185,
      -2.134716674119534,
      3.7310543380729757
    ],
    "AP": [
      0.0,
      0.12769096065312563,
      0.22881653916865338,
      0.2727952705945487,
      0.2856060597457152,
      0.27404896231231646,
      0.23364938451081665,
      0.16669737623249228,
      0.09644967160428808
    ],
    "D": [
      0.0,
      13.171195026163629,
      22.340565888607713,
      26.254437081929506,
      27.30430165483141,
      26.032868009191123,
      21.970091615578422,
      15.441478416688978,
      8.797432616287837
    ]
  },
  "elapsed_s": 918.6337385177612,
  "failed": false
}