{
  "seed": 9,
  "best_x": [
    0.2741783520360289,
    0.25993060259617773,
    10.526676993527653,
    10.82077110354626,
    2.1403940590939174,
    169.42939396491127,
    4.880334499377376,
    391.7984523082296,
    9.567811048960579,
    1.648266504630525,
    5.16475739877767,
    26.553919528197916,
    23.228976731512567,
    9.99073821403953,
    5.102448039847099,
    0.7633562642574655,
    5.974310921090094,
    72.15814787737142,
    7.0408976420264855,
    0.6390409398495571,
    42.152396495327054,
    472.59393992882906,
    43.83258744417187,
    2.4328247826916156,
    5.49978147941334,
    0.43727655665615583
  ],
  "best_cost": 0.9648537553241202,
  "decomp_synth": {
    "total": 0.9648537553241202,
    "failed": false,
    "g1_total": 0.6658649377952864,
    "g2_total": 0.29405655620093984,
    "g1_per_observable": {
      "recalc": 0.15390746978633058,
      "thrombin": 0.1135383370167879,
      "fib": 0.14119549256452305,
      "xiii": 0.11080165653061794,
      "AP": 0.07712896100951813,
      "D": 0.06929302088750892
    },
    "g2_per_observable": {
      "recalc": 0.01877345809054337,
      "thrombin": 0.023627651823427687,
      "fib": 0.09234121107245724,
      "xiii": 0.04592307278823089,
      "AP": 0.03559766094584623,
      "D": 0.07779350148043444
    },
    "constraint": 0.002466130663946971,
    "constraint_weighted": 0.004932261327893942,
    "saturation_penalty": 0.0,
    "w_group": [
      1.0,
      1.0
    ]
  },
  "g1_predictions": {
    "recalc": [
      0.0,
      -24.761178137907468,
      -10.798641762777454,
      11.50713924751711,
      23.50101409264274,
      26.078461828766933,
      26.028364262720956,
      33.76346781254978,
      63.432555190364894,
      106.12962375573946,
      133.68017193492432,
      139.76265641371197,
      124.87784153282163,
      95.841970035078,
      63.40776451959906,
      3.039261328796471
    ],
    "thrombin": [
      0.0,
      -4.546387746593765,
      -3.2814879855893624,
      -0.7674233433298174,
      0.8898825596466136,
      1.6152104117132104,
      1.9710551258391247,
      2.8810678458182495,
      5.5135917856651,
      9.067039208006179,
      11.323230114221406,
      11.8227957042562,
      10.625047988522903,
      8.270093717941272,
      5.619359761076038,
      0.45086482272811806
    ],
    "fib": [
      0.0,
      11.298889602141358,
      8.698012050904557,
      -0.7086566750261745,
      -5.636128069522996,
      -5.963046329107101,
      -4.8322664655089085,
      -6.668628805343371,
      -19.907573976537783,
      -43.023948024296395,
      -58.868906685756514,
      -62.65995424502914,
      -54.34254895764737,
      -38.263709732624925,
      -20.834910280474272,
      4.485520736042278
    ],
    "xiii": [
      0.0,
      24.236792428452784,
      44.27302334120105,
      34.172332593604466,
      22.73016520438618,
      10.49298526076928,
      4.0522382203249645,
      5.031981980783166,
      -2.566587227995033,
      -41.851139841127754,
      -71.89218676332278,
      -83.72583459713931,
      -78.1578729743683,
      -74.25442385843544,
      -52.061457963818064,
      14.554888940708176
    ],
    "AP": [
      0.0,
      0.11560979459842974,
      0.27044588744398546,
      0.3463721124562094,
      0.3618963388835341,
      0.3471553795131674,
      0.334911809557503,
      0.3763484573999656,
      0.496983511246733,
      0.6098087609745545,
      0.6649010077661193,
      0.6671396628481582,
      0.6231564368424419,
      0.5406821664293373,
      0.4403188894776905,
      0.12337978706685537
    ],
    "D": [
      0.0,
      13.59036470063632,
      28.903535788610167,
      35.989198701674354,
      37.159096920821014,
      35.494418583417065,
      34.463871226496295,
      39.499445282202736,
      52.39706921019835,
      63.44758004525764,
      68.63409666287004,
      68.36202656066945,
      63.45511041831732,
      54.65428051568413,
      44.314277980478,
      12.378276546747177
    ]
  },
  "g2_predictions": {
    "recalc": [
      0.0,
      -24.697132243464115,
      -17.309693291198577,
      -3.4760281839240896,
      6.85867883179894,
      11.11080754944516,
      9.050487847497651,
      3.555335569148996,
      -0.3192018935166856
    ],
    "thrombin": [
      0.0,
      -4.553063018543984,
      -3.888233331636133,
      -2.0646888196409616,
      -0.5276598784375173,
      0.33405591455682715,
      0.48220762182023624,
      0.1839728836690444,
      -0.08515967661165008
    ],
    "fib": [
      0.0,
      10.890256235272801,
      9.852290502780976,
      5.05833438180865,
      1.5044030595505062,
      0.2623119109958676,
      1.1093355002944518,
      2.393058323845685,
      2.1472751406280803
    ],
    "xiii": [
      0.0,
      16.071145267643622,
      17.902045839551867,
      3.376371046856308,
      -11.029062889335869,
      -17.08564993434621,
      -13.785081009747628,
      -5.297393418268349,
      1.6529241301445845
    ],
    "AP": [
      0.0,
      0.10909158865953493,
      0.20888583367928928,
      0.2604739426071099,
      0.27965712307369345,
      0.26966678784140286,
      0.22694209558049255,
      0.15717374303079965,
      0.08696979317970291
    ],
    "D": [
      0.0,
      12.462560940579976,
      22.16714095154397,
      27.08857271460461,
      28.778428753615586,
      27.470681454684293,
      22.77287375822229,
      15.43854382161722,
      8.36117773207654
    ]
  },
  "elapsed_s": 641.1568989753723,
  "failed": false
}