{
  "seed": 19,
  "best_x": [
    0.2601342852788937,
    0.22397333978167677,
    6.385861899946975,
    5.756658796458496,
    4.48301293406452,
    377.40397834485884,
    9.76178633482678,
    39.39318241619219,
    9.235813638895365,
    1.5943485344283277,
    3.8663643297449664,
    33.06870633480685,
    33.15467534320829,
    8.954420632513633,
    5.655545232734179,
    0.48224474097664694,
    8.388123439778838,
    89.61951251559685,
    5.809627857359164,
    1.5125640577494432,
    56.57226132901109,
    599.9447246306772,
    41.46685096430008,
    3.424045374485957,
    5.4938460402250655,
    0.47189779721170844
  ],
  "best_cost": 0.8414405731379255,
  "decomp_synth": {
    "total": 0.8414405731379255,
    "failed": false,
    "g1_total": 0.6523106763767776,
    "g2_total": 0.18811251149050418,
    "g1_per_observable": {
      "recalc": 0.11773824393204682,
      "thrombin": 0.0845976777775987,
      "fib": 0.13506622536395352,
      "xiii": 0.09043975182948488,
      "AP": 0.1149453027268157,
      "D": 0.10952347474687793
    },
    "g2_per_observable": {
      "recalc": 0.01168111488753085,
      "thrombin": 0.026551193624421487,
      "fib": 0.035401737622010855,
      "xiii": 0.048677451114218104,
      "AP": 0.027858465477514166,
      "D": 0.03794254876480875
    },
    "constraint": 0.0005086926353218271,
    "constraint_weighted": 0.0010173852706436542,
    "saturation_penalty": 0.0,
    "w_group": [
      1.0,
      1.0
    ]
  },
  "g1_predictions": {
    "recalc": [
      0.0,
      -31.35931413971228,
      -14.809872547183804,
      13.615717236798837,
      29.88837399219362,
      34.41225426894951,
      35.358214526116214,
      45.35081590323047,
      79.70224104961775,
      126.48350817267155,
      154.13173498270675,
      155.41724177971426,
      132.7003943939235,
      97.68032311920004,
      63.98151383201554,
      3.6152848756143436
    ],
    "thrombin": [
      0.0,
      -5.094267628090576,
      -3.981046971554317,
      -1.4228003433351866,
      0.4054945677168571,
      1.3337032961420145,
      1.8452175599447018,
      2.7570109369054157,
      5.000916136245676,
      7.841524198538622,
      9.498619126411363,
      9.60261525707175,
      8.303746047694494,
      6.268302568966156,
      4.278870458264855,
      0.47219105189595667
    ],
    "fib": [
      0.0,
      12.092104442359261,
      7.826418602395897,
      -4.587253804025028,
      -11.579044741663143,
      -12.64410982100542,
      -11.428389397497304,
      -13.001830174633515,
      -25.35786074632832,
      -45.93878802536184,
      -58.434801504093244,
      -58.09158338464345,
      -45.97049825417528,
      -28.513482602402632,
      -12.824210892325901,
      6.993029912037665
    ],
    "xiii": [
      0.0,
      25.07512821253982,
      45.62620549024145,
      38.4214508150054,
      29.00340326282812,
      14.430270034146444,
      5.921684014626166,
      6.0212522224669565,
      -2.738121671056751,
      -45.23461491442695,
      -73.70186596274999,
      -78.33722835880751,
      -61.03445201762063,
      -52.567016930522975,
      -30.46871052684623,
      17.31381870033534
    ],
    "AP": [
      0.0,
      0.1117723667247705,
      0.29024789329225026,
      0.38906528867809675,
      0.4185582506693694,
      0.41042783244170794,
      0.39909358993378774,
      0.4350519797952494,
      0.5486841923725038,
      0.6644039888648323,
      0.7208583454885867,
      0.7185465233612475,
      0.6638619999868783,
      0.573154142655558,
      0.4714522623534292,
      0.15564233535009567
    ],
    "D": [
      0.0,
      13.107405865252048,
      28.398673402418765,
      35.99513009660391,
      37.817857169105594,
      36.74134871860125,
      36.00861758962584,
      40.430195826192126,
      51.57905178830783,
      61.2271110324824,
      65.43001856562138,
      64.28688850050705,
      58.668816773585675,
      50.077620021409196,
      40.95836741504175,
      13.4852630213723
    ]
  },
  "g2_predictions": {
    "recalc": [
      0.0,
      -31.52593307442099,
      -24.56062294206403,
      -9.52011888197655,
      2.616993797186982,
      8.815475519188237,
      7.875147521142782,
      2.549908606677624,
      -1.3272071997879635
    ],
    "thrombin": [
      0.0,
      -5.127385613584029,
      -4.651344753863392,
      -2.890422204679483,
      -1.292231249323136,
      -0.2627733500276097,
      0.10187783858351018,
      0.0012380164484239176,
      -0.15113335848099574
    ],
    "fib": [
      0.0,
      11.279914332271666,
      8.615246299631135,
      1.9683081152494246,
      -2.6212560442563095,
      -4.350727727673435,
      -3.6380704007177336,
      -2.424535587769162,
      -2.849949717593784
    ],
    "xiii": [
      0.0,
      16.5643581595404,
      18.666366485308316,
      6.407172647255346,
      -5.907837812183981,
      -11.526115960611822,
      -8.787716326407956,
      -1.494318616744724,
      3.8608162311927345
    ],
    "AP": [
      0.0,
      0.09825021028295827,
      0.208947799518611,
      0.2649418656677468,
      0.29030044777218456,
      0.2883656629494681,
      0.25167463874500096,
      0.1826333612251326,
      0.1072719940014809
    ],
    "D": [
      0.0,
      11.076996519918248,
      20.07024220025481,
      24.473710343835034,
      26.353113359505276,
      25.710429092998265,
      21.829255784770144,
      15.240270158336719,
      8.607385301801825
    ]
  },
  "elapsed_s": 773.5011675357819,
  "failed": false
}