{
  "seed": 100,
  "best_x": [
    0.2744325369797379,
    0.2654199180723081,
    13.616252261761684,
    12.34298267528672,
    1.5519417759353553,
    197.15566948147182,
    4.428108342703565,
    16.075668413411908,
    9.187347937979965,
    1.7010172819218727,
    3.616232302068804,
    36.37492346370969,
    36.660562734265014,
    9.220257095127405,
    5.758018322578643,
    0.5325481621597559,
    13.20498269603365,
    125.0746031392285,
    6.268660335068635,
    5.19710606421032,
    43.62089590360292,
    537.7387191021178,
    32.802866942292084,
    3.261300522947516,
    4.61541654221273,
    0.4445331866121117
  ],
  "best_cost": 0.8375210984302673,
  "decomp_synth": {
    "total": 0.8375210984302673,
    "failed": false,
    "g1_total": 0.639877605705456,
    "g2_total": 0.19728728511300114,
    "g1_per_observable": {
      "recalc": 0.12515651568648237,
      "thrombin": 0.09920185678722401,
      "fib": 0.144499122256984,
      "xiii": 0.11732442694626259,
      "AP": 0.0674992009369794,
      "D": 0.08619648309152367
    },
    "g2_per_observable": {
      "recalc": 0.016440208742520116,
      "thrombin": 0.011441217418811607,
      "fib": 0.06895933407086209,
      "xiii": 0.02970587971341015,
      "AP": 0.019975062744628718,
      "D": 0.050765582422768456
    },
    "constraint": 0.000178103805905043,
    "constraint_weighted": 0.000356207611810086,
    "saturation_penalty": 0.0,
    "w_group": [
      1.0,
      1.0
    ]
  },
  "g1_predictions": {
    "recalc": [
      0.0,
      -34.72574657156339,
      -13.652568383055424,
      18.936431045980704,
      35.13637889677517,
      38.60084010350744,
      40.44709338519657,
      55.454551905218935,
      98.05215808920732,
      147.42539048418047,
      172.6131197855819,
      169.77925990844685,
      141.84939097530923,
      101.30541663391091,
      63.29953208553944,
      1.8749336463446094
    ],
    "thrombin": [
      0.0,
      -5.126062042256367,
      -3.6315287278185364,
      -0.76787980779944,
      1.052413692354719,
      1.883204832510608,
      2.4331246121013685,
      3.703378796646751,
      6.590838358779233,
      9.757869071458789,
      11.364578729494955,
      11.21259537559857,
      9.491851419822277,
      6.957807095153725,
      4.543981766333783,
      0.35031104620577985
    ],
    "fib": [
      0.0,
      21.821431704967967,
      18.27107786194444,
      2.82660914926039,
      -5.572352582376567,
      -7.148146510727052,
      -6.30543233579921,
      -8.634197010734216,
      -23.512664877678347,
      -45.152854787534885,
      -56.26648014799883,
      -53.97554572202785,
      -39.771205212269784,
      -20.786592817616317,
      -4.715574154635964,
      8.690166958712632
    ],
    "xiii": [
      0.0,
      24.634854357266164,
      47.17805046367703,
      41.91368412215678,
      32.795241682335,
      18.316588129227767,
      8.435228184282355,
      7.008495103851594,
      -4.553516071057455,
      -54.0506031649549,
      -91.77224926151257,
      -97.8585539617633,
      -75.26647273216696,
      -57.06974561302009,
      -29.372551755996096,
      14.26114473636311
    ],
    "AP": [
      0.0,
      0.133273612856073,
      0.3073895307239943,
      0.391550941210251,
      0.4084769871808205,
      0.3947114817036745,
      0.3897398524728324,
      0.4423450202511543,
      0.5589070160053435,
      0.6567527424785915,
      0.6985003955819267,
      0.6866878744396815,
      0.6259968966187605,
      0.5295958392867117,
      0.4231962008491271,
      0.11448388402559871
    ],
    "D": [
      0.0,
      13.576401458055043,
      28.81641818287542,
      35.81910634134676,
      36.99621010875439,
      35.65516814079876,
      35.44025773028716,
      40.77350793454798,
      51.58195042654563,
      60.01633104526118,
      63.44583690286437,
      61.96528263132326,
      56.15769573902962,
      47.21933961802829,
      37.61140061438967,
      10.15490425035147
    ]
  },
  "g2_predictions": {
    "recalc": [
      0.0,
      -34.48786073315617,
      -22.39113818208147,
      -3.356556504722896,
      8.525860983462252,
      12.367733669253216,
      9.349649946069773,
      3.17713190373356,
      -0.9748222785986833
    ],
    "thrombin": [
      0.0,
      -5.119474304185867,
      -4.266877690686066,
      -2.2605476687748443,
      -0.7055732924572293,
      0.13598751496025652,
      0.31403082436746277,
      0.09951532845906497,
      -0.10812113591153832
    ],
    "fib": [
      0.0,
      21.322235810431348,
      18.033904934796148,
      8.283195954532912,
      2.0662797183594783,
      -0.2876574669270191,
      -0.43790507459125294,
      -0.7323251159811175,
      -2.5048860061881104
    ],
    "xiii": [
      0.0,
      15.189022472602765,
      15.355123332450862,
      0.2514882592244024,
      -12.55659465310239,
      -15.588179905025186,
      -10.134836079859491,
      -2.1561520332368986,
      2.805378829739562
    ],
    "AP": [
      0.0,
      0.12989588982196235,
      0.245701280560393,
      0.2947091656982898,
      0.3041049246261847,
      0.28513079319381535,
      0.23722104972326333,
      0.16635457062091927,
      0.09641384971852703
    ],
    "D": [
      0.0,
      12.926613216839788,
      22.848140514997937,
      26.898392687721913,
      27.517834003464714,
      25.600731899274777,
      21.05216714187577,
      14.526789404986376,
      8.290405837633392
    ]
  },
  "elapsed_s": 653.9692158699036,
  "failed": false
}