{
  "seed": 51,
  "best_x": [
    0.2507936152323351,
    0.21762456045945489,
    19.326133398116312,
    17.745929217323358,
    12.183518374478435,
    125.54176866195823,
    3.1095602846109,
    30.65164872911552,
    9.291133335348448,
    1.6402484534702841,
    3.3915264583820655,
    33.23591452992538,
    34.52774576031702,
    9.265948590902575,
    5.310687691554643,
    0.6318397741262404,
    8.517230740091346,
    90.53790031270125,
    6.203332227241917,
    0.38731357332535943,
    56.64899789252293,
    599.9567539368605,
    42.76317991133531,
    3.2762693877413156,
    5.108245585884356,
    0.3970327221802612
  ],
  "best_cost": 0.9728139174343696,
  "decomp_synth": {
    "total": 0.9728139174343696,
    "failed": false,
    "g1_total": 0.7474497392742951,
    "g2_total": 0.22454670815751993,
    "g1_per_observable": {
      "recalc": 0.1337467369934416,
      "thrombin": 0.11229202396294387,
      "fib": 0.17939054408009972,
      "xiii": 0.09521389308743765,
      "AP": 0.13879476355068907,
      "D": 0.08801177759968311
    },
    "g2_per_observable": {
      "recalc": 0.012792147010684688,
      "thrombin": 0.02612826969727266,
      "fib": 0.05698228878170361,
      "xiii": 0.023875364466702707,
      "AP": 0.016690284480856292,
      "D": 0.08807835372029997
    },
    "constraint": 0.0004087350012772969,
    "constraint_weighted": 0.0008174700025545938,
    "saturation_penalty": 0.0,
    "w_group": [
      1.0,
      1.0
    ]
  },
  "g1_predictions": {
    "recalc": [
      0.0,
      -32.56334179020347,
      -17.85231478752882,
      11.549346788235532,
      29.628904226286462,
      35.3082674617226,
      36.26241985276384,
      43.79777231999272,
      72.78043347726586,
      117.59715993037264,
      147.90673723892243,
      153.03461413793252,
      133.89186878851692,
      101.59344948352509,
      68.90565458902684,
      4.937432682816416
    ],
    "thrombin": [
      0.0,
      -4.752783880964792,
      -3.4330882518565127,
      -0.5547073719480338,
      1.441123244561196,
      2.356438633466742,
      2.776486262844088,
      3.617460175290576,
      5.9924945130549405,
      9.386256571527392,
      11.631914537065573,
      12.006600090916827,
      10.5972989632403,
      8.203575016462764,
      5.756805456684169,
      0.6992032195985074
    ],
    "fib": [
      0.0,
      15.037660649649318,
      12.35920036103155,
      -0.925749939783385,
      -9.253041244683304,
      -11.139665878601615,
      -10.045032630529487,
      -10.60084614521738,
      -21.129415811854386,
      -42.58721489535901,
      -58.078560928679074,
      -60.69478336167987,
      -50.55907955914902,
      -34.045745786652134,
      -18.025488929598744,
      6.206599851587095
    ],
    "xiii": [
      0.0,
      28.84784916031587,
      52.54310180286707,
      43.55859025753603,
      29.569689861508515,
      11.60254926019443,
      1.8890016953519662,
      4.259919930344519,
      1.3775327456779043,
      -39.08364501400852,
      -76.07276514271943,
      -91.50916126162983,
      -81.22728916556198,
      -73.96175661920303,
      -49.128461854087966,
      15.546546717372431
    ],
    "AP": [
      0.0,
      0.12749594597677655,
      0.29423148029971324,
      0.381263170305006,
      0.40523117253408136,
      0.3962080753322527,
      0.3865268483351124,
      0.4222116803069512,
      0.5278234141870556,
      0.6330409689874658,
      0.6865569364261869,
      0.6842039653777449,
      0.6326366878388562,
      0.5471937258240803,
      0.4523383636647507,
      0.15411524495242784
    ],
    "D": [
      0.0,
      12.697867986355869,
      27.680088718635737,
      35.26957913182409,
      37.22339738967847,
      36.300023540685906,
      35.511091860483816,
      39.14823547620001,
      49.10983284703537,
      58.53058345070854,
      63.185521904474626,
      62.673550669466195,
      57.72612359420902,
      49.75253867527466,
      41.06029974622259,
      13.977991960379107
    ]
  },
  "g2_predictions": {
    "recalc": [
      0.0,
      -32.18392620096218,
      -21.658962514546097,
      -3.238082381291818,
      7.133018328781837,
      8.920433192179914,
      5.281607085646087,
      0.638072234831581,
      -1.628160717079842
    ],
    "thrombin": [
      0.0,
      -4.711916247465632,
      -3.7907217336961643,
      -1.753068522267069,
      -0.3407023821635602,
      0.250178787083877,
      0.23751023862333698,
      -0.0058993148672007445,
      -0.1518700123262978
    ],
    "fib": [
      0.0,
      15.21354546635957,
      12.099390545043377,
      3.531961260667943,
      -1.2903004498738415,
      -2.262094511776189,
      -1.5152022625468557,
      -1.188561579090921,
      -1.9695027669215577
    ],
    "xiii": [
      0.0,
      19.082854457767592,
      19.02038611826935,
      -0.04220819713564983,
      -14.391690934631518,
      -15.685967476388447,
      -8.508859002668393,
      -0.8028546614325127,
      3.046097738513071
    ],
    "AP": [
      0.0,
      0.13386501047978303,
      0.2525821454665754,
      0.30055787799421396,
      0.2999639894358191,
      0.26586283287918966,
      0.20541614909118516,
      0.13325647686206787,
      0.07315459012573337
    ],
    "D": [
      0.0,
      13.105820698942644,
      23.615281412978582,
      27.697908147016687,
      27.439446452410515,
      24.159617544402433,
      18.50165436345855,
      11.87478563111976,
      6.465426634402495
    ]
  },
  "elapsed_s": 668.0385544300079,
  "failed": false
}