{
  "seed": 52,
  "best_x": [
    0.2863339698709705,
    0.250807876038329,
    15.952929208108252,
    14.910559371377193,
    0.1469070763580957,
    413.89925141969604,
    9.99905241101825,
    74.13908698346688,
    9.434850767161425,
    1.6627839078968984,
    3.482562966528201,
    39.4932734927034,
    38.73506840837703,
    9.463501704882,
    5.981813429100281,
    0.5823413166600756,
    8.049741674436312,
    80.64213251233703,
    5.8249990633830535,
    7.12976516733796,
    61.60839884114442,
    593.5093008616799,
    40.452550497221324,
    2.673092425738325,
    4.858975096923109,
    0.4204206449249863
  ],
  "best_cost": 0.8771607230680756,
  "decomp_synth": {
    "total": 0.8771607230680756,
    "failed": false,
    "g1_total": 0.6254550972246435,
    "g2_total": 0.2504234637784619,
    "g1_per_observable": {
      "recalc": 0.11007318594493425,
      "thrombin": 0.10801333782818077,
      "fib": 0.15858125631651274,
      "xiii": 0.10290630065731603,
      "AP": 0.05395841536741406,
      "D": 0.09192260111028575
    },
    "g2_per_observable": {
      "recalc": 0.01039156390980742,
      "thrombin": 0.019364062823973842,
      "fib": 0.05182010809547905,
      "xiii": 0.0442265394109551,
      "AP": 0.021273452566120763,
      "D": 0.10334773697212578
    },
    "constraint": 0.000641081032485051,
    "constraint_weighted": 0.001282162064970102,
    "saturation_penalty": 0.0,
    "w_group": [
      1.0,
      1.0
    ]
  },
  "g1_predictions": {
    "recalc": [
      0.0,
      -36.486678691712186,
      -14.476762669355047,
      16.238150486218103,
      31.729244032869246,
      34.75094805059564,
      34.582738949862446,
      43.994796569214955,
      77.94994995999133,
      124.45946499048273,
      153.8036872154284,
      156.75486067395804,
      134.68914428923335,
      98.29244086188913,
      62.34467753771506,
      1.8276231110820662
    ],
    "thrombin": [
      0.0,
      -5.220810325052139,
      -3.5363252348801715,
      -0.6641459343966725,
      1.1543478083302112,
      1.940985130606898,
      2.3302888449937784,
      3.2656939611744886,
      5.78319822477914,
      9.008432713080168,
      11.01006514621671,
      11.227676256687745,
      9.769928367581903,
      7.330206323397752,
      4.880778209088349,
      0.4184635225545672
    ],
    "fib": [
      0.0,
      14.59361412923792,
      9.791464995287091,
      -1.2782056345669222,
      -6.291693799487087,
      -6.1635693777114575,
      -4.869618524728365,
      -7.415618360880196,
      -21.246678244859694,
      -43.00762198151549,
      -57.3765960700468,
      -58.835433053729126,
      -47.8669581828491,
      -30.317379543717628,
      -13.858517280800633,
      5.979625985349619
    ],
    "xiii": [
      0.0,
      33.385171339548336,
      55.56209078747671,
      42.11833174595316,
      29.79979328651621,
      14.80890148254579,
      6.179434287644354,
      6.827703543573847,
      -1.2008073483944481,
      -42.62608073597127,
      -71.78052428858828,
      -78.95673993240163,
      -64.76867786092068,
      -57.13102735535732,
      -33.93071393145086,
      19.77020827644008
    ],
    "AP": [
      0.0,
      0.13795648935049654,
      0.31364390844265805,
      0.3984483486771859,
      0.4156301907059626,
      0.398802705405487,
      0.38157394686577883,
      0.4120309166206931,
      0.5181677318688646,
      0.6265105453479939,
      0.6828322244422882,
      0.6829829761294551,
      0.6325242707221013,
      0.5437792540017229,
      0.44149314119362265,
      0.12853998652431664
    ],
    "D": [
      0.0,
      14.190012478689408,
      30.13202306638109,
      37.52317587727468,
      38.81605014271429,
      37.127220142396794,
      35.643386053157954,
      38.953843650685215,
      49.2291892087288,
      59.06196443463948,
      64.0138900959634,
      63.66401100510048,
      58.67585541805459,
      50.18897790780245,
      40.638948925648414,
      11.812218614108746
    ]
  },
  "g2_predictions": {
    "recalc": [
      0.0,
      -36.408676729791594,
      -24.626686523597716,
      -6.812504032032571,
      4.209594475683666,
      7.358294593721709,
      4.261195260435063,
      -0.636981652522687,
      -2.8039234017759025
    ],
    "thrombin": [
      0.0,
      -5.226173698286456,
      -4.315222925692302,
      -2.3272313799996134,
      -0.8112378197493073,
      -0.03444597703074037,
      0.0895616720596617,
      -0.1007360060207736,
      -0.21816283962088867
    ],
    "fib": [
      0.0,
      14.303521498002478,
      12.361623056234112,
      7.079861343672739,
      4.1619711140894795,
      3.7911053203459857,
      4.8607998716513405,
      5.282096313913934,
      3.8638793797378077
    ],
    "xiii": [
      0.0,
      21.488342014476597,
      20.130861463302292,
      0.9744744314669724,
      -13.442703763710215,
      -15.85054574803365,
      -8.735834374123895,
      0.4926830747811436,
      5.383152164038596
    ],
    "AP": [
      0.0,
      0.13369262776022114,
      0.24890224892984664,
      0.29580791365272735,
      0.30145319572829943,
      0.27721658859826626,
      0.22429980084898543,
      0.15192189307153894,
      0.08515091156197505
    ],
    "D": [
      0.0,
      13.482502401164515,
      23.747170431907684,
      27.786550201697434,
      28.104485907232046,
      25.66500525648777,
      20.554787255843323,
      13.734115539879266,
      7.604930037961808
    ]
  },
  "elapsed_s": 689.4152734279633,
  "failed": false
}