{
  "seed": 59,
  "best_x": [
    0.2860544556708724,
    0.2431501158335619,
    18.50252697697792,
    17.604757753270043,
    6.233970884108077,
    246.54589377545432,
    4.952537049685823,
    947.849167166823,
    9.220734378693958,
    1.7226801601197073,
    3.1770732643195654,
    36.58489857829029,
    36.30975336358922,
    8.703580790276966,
    6.022942466131404,
    0.5554199964952431,
    8.764281781662504,
    78.59643134562572,
    5.266431605797047,
    0.4483120346171229,
    45.7425555605963,
    425.51839871459833,
    26.754699261146797,
    2.5827940837941448,
    5.052815402996234,
    0.4436025711213567
  ],
  "best_cost": 0.785611364502074,
  "decomp_synth": {
    "total": 0.785611364502074,
    "failed": false,
    "g1_total": 0.6299019660252481,
    "g2_total": 0.15324765932061848,
    "g1_per_observable": {
      "recalc": 0.1464680585566876,
      "thrombin": 0.10158899347377735,
      "fib": 0.16073953907560823,
      "xiii": 0.09739898371139222,
      "AP": 0.05872029439067511,
      "D": 0.06498609681710762
    },
    "g2_per_observable": {
      "recalc": 0.012077471449996427,
      "thrombin": 0.02448464529852912,
      "fib": 0.035960106136809625,
      "xiii": 0.030536112465658485,
      "AP": 0.017493097839328665,
      "D": 0.03269622613029617
    },
    "constraint": 0.0012308695781037655,
    "constraint_weighted": 0.002461739156207531,
    "saturation_penalty": 0.0,
    "w_group": [
      1.0,
      1.0
    ]
  },
  "g1_predictions": {
    "recalc": [
      0.0,
      -34.24868926116046,
      -11.497322092454667,
      22.389773976607614,
      40.29707261176844,
      44.49794819032037,
      45.53296377903404,
      57.09496287932744,
      91.90552902940408,
      136.19510838900274,
      162.66285172245503,
      164.5784012968654,
      142.06127352058002,
      105.47518851493857,
      68.65164052556585,
      3.145987636205179
    ],
    "thrombin": [
      0.0,
      -5.29784257784362,
      -3.5370759887460084,
      -0.36972043695298673,
      1.6721750069182582,
      2.577392075565953,
      3.083589283518764,
      4.2100453161021605,
      6.843581744072993,
      9.984405165893765,
      11.832713310035302,
      11.97373477777382,
      10.435697571693401,
      7.91403229354329,
      5.34833379697921,
      0.4949877367992599
    ],
    "fib": [
      0.0,
      14.556723253564556,
      8.046916286137023,
      -6.231187964014454,
      -13.517205448306951,
      -14.31137215152906,
      -13.302859612538509,
      -16.34778926863767,
      -30.486372715315074,
      -51.25025992085881,
      -64.14164522430451,
      -65.11622670478334,
      -53.976646746847294,
      -36.2960700664038,
      -19.127289395238844,
      4.775525548559714
    ],
    "xiii": [
      0.0,
      25.237901488886248,
      41.22877029425139,
      26.97527856054404,
      13.930391432291014,
      1.3979488967915301,
      -5.291917271041328,
      -5.684443284673182,
      -13.031208769562696,
      -41.58854473668666,
      -58.05729594748737,
      -61.43842503933284,
      -52.74123905735676,
      -48.41680695611549,
      -32.17626150928484,
      12.814904102129212
    ],
    "AP": [
      0.0,
      0.13781867623133082,
      0.31086600481425514,
      0.3949544098011047,
      0.4135662164065521,
      0.40133917506337324,
      0.3937710440547042,
      0.43437166172133185,
      0.5337569318255242,
      0.6224160883998641,
      0.6635097700092859,
      0.6556372377813717,
      0.6028832482639959,
      0.5170604249695226,
      0.42103981934510704,
      0.1271526393305806
    ],
    "D": [
      0.0,
      14.215138206698432,
      30.272851007660996,
      37.82401795724817,
      39.337489657364124,
      38.096692257585644,
      37.512339977632124,
      41.73554675191488,
      51.38116263767356,
      59.55607444859243,
      63.23446305518494,
      62.2080152652472,
      56.98159367667237,
      48.67755176327232,
      39.557863362873206,
      11.931365272566886
    ]
  },
  "g2_predictions": {
    "recalc": [
      0.0,
      -34.156690941426405,
      -22.367063909582203,
      -4.796548802957972,
      6.060586723037556,
      9.727312723446772,
      7.33572318777675,
      2.1124723569426607,
      -1.3243396855620047
    ],
    "thrombin": [
      0.0,
      -5.31049848375933,
      -4.401869677100439,
      -2.3758419702776257,
      -0.8165917214517067,
      0.03631037720742669,
      0.23683863101128022,
      0.04757903239904471,
      -0.13713439628188723
    ],
    "fib": [
      0.0,
      14.048578649723046,
      10.441646254339148,
      3.590310349898197,
      -0.22952937090623404,
      -1.1459111830330642,
      -0.19005860853373502,
      0.9449666991073711,
      0.7243103814266512
    ],
    "xiii": [
      0.0,
      16.489842579728577,
      16.07289806432951,
      1.6482675044645767,
      -9.227610845095557,
      -12.040697144836587,
      -8.394475992369491,
      -2.189499031552383,
      2.362929453730843
    ],
    "AP": [
      0.0,
      0.12982303473487575,
      0.23700684251199286,
      0.27790207440816733,
      0.28238497862322154,
      0.26229117831447746,
      0.2171763964401372,
      0.15223049642595182,
      0.08870209151907399
    ],
    "D": [
      0.0,
      13.161052886527195,
      22.9254270780585,
      26.54095972014801,
      26.815774170364527,
      24.779623519035766,
      20.356377690236428,
      14.113868377235466,
      8.139445602408603
    ]
  },
  "elapsed_s": 662.6855869293213,
  "failed": false
}