{
  "seed": 22,
  "best_x": [
    0.2230115020268369,
    0.223979825815537,
    15.333811459436475,
    13.718483802275589,
    21.92165129587697,
    219.28730689872577,
    6.29935540211552,
    325.3501129026836,
    9.084339423386393,
    1.928669429945062,
    3.596953789927248,
    37.03497116577017,
    43.11707557751551,
    11.87773228529646,
    5.438392175164729,
    0.6846173333961059,
    11.522265728285358,
    147.4028417417902,
    7.9986006779856815,
    0.6622634710871689,
    42.3326990927994,
    513.7932610597505,
    41.8611518950525,
    2.217111007707781,
    4.792441398371908,
    0.44342995283034115
  ],
  "best_cost": 0.9009455736087254,
  "decomp_synth": {
    "total": 0.9009455736087254,
    "failed": false,
    "g1_total": 0.7252416616158301,
    "g2_total": 0.1742172451066414,
    "g1_per_observable": {
      "recalc": 0.14969225097380184,
      "thrombin": 0.11400463664670327,
      "fib": 0.17710627687343608,
      "xiii": 0.11858760291729169,
      "AP": 0.0723258969742887,
      "D": 0.09352499723030859
    },
    "g2_per_observable": {
      "recalc": 0.01448716371220043,
      "thrombin": 0.01974638792841742,
      "fib": 0.0303428947110913,
      "xiii": 0.02842381983677802,
      "AP": 0.022318873352395203,
      "D": 0.05889810556575904
    },
    "constraint": 0.0007433334431269352,
    "constraint_weighted": 0.0014866668862538704,
    "saturation_penalty": 0.0,
    "w_group": [
      1.0,
      1.0
    ]
  },
  "g1_predictions": {
    "recalc": [
      0.0,
      -35.94795275101833,
      -21.124786637544645,
      6.973951352498503,
      25.162478632925712,
      34.523303828852086,
      44.07787943341757,
      65.33815607922045,
      104.97073008037873,
      145.84957942058298,
      168.21792741391252,
      169.46072144284923,
      149.09805050217562,
      114.96140800086039,
      78.53145572827088,
      4.450753514228288
    ],
    "thrombin": [
      0.0,
      -4.862265672473614,
      -3.7015520017096817,
      -1.1449556400821597,
      0.7428229228693133,
      1.8983100228122813,
      2.9131836172633574,
      4.566331419850014,
      7.265936496998513,
      9.916869845963237,
      11.353258769275905,
      11.443945648609875,
      10.174782357829324,
      8.023190433414532,
      5.699610856384196,
      0.6528247410677462
    ],
    "fib": [
      0.0,
      17.28852117943218,
      14.018457426096575,
      0.46894966369224633,
      -8.364383699036559,
      -11.16001366643468,
      -11.249942074769393,
      -13.655224436897566,
      -24.348676537774725,
      -38.87722271809895,
      -46.499677604520876,
      -45.29704398276925,
      -34.74753028386381,
      -19.12285038366009,
      -3.9511889926709314,
      13.194265664481478
    ],
    "xiii": [
      0.0,
      26.49517942462347,
      52.44140601895917,
      46.3826394056584,
      35.1846624511563,
      18.274602532805375,
      2.9208837237238057,
      -6.710273698660428,
      -22.831236082817682,
      -59.41125354973866,
      -76.48495930331235,
      -77.47208433382845,
      -67.08694198372578,
      -66.22046067917367,
      -49.43315493609169,
      20.557376333796565
    ],
    "AP": [
      0.0,
      0.11409844077906747,
      0.2705474673248484,
      0.35563687726343846,
      0.3848686450520209,
      0.39285667308991795,
      0.414662907872833,
      0.480609731318226,
      0.5821622067080597,
      0.6614518514490098,
      0.697559750104785,
      0.6918828301178771,
      0.6458447715077767,
      0.5675032505191981,
      0.4750376024892646,
      0.15960313718544888
    ],
    "D": [
      0.0,
      11.358294736854367,
      25.003712248616576,
      32.154480796738845,
      34.51667707533782,
      35.20381301837384,
      37.354852487437476,
      43.587022092165604,
      52.74996650208149,
      59.52777983452469,
      62.523914985528364,
      61.721141312576336,
      57.372861823929156,
      50.183343518503555,
      41.89929668875734,
      14.046028234426153
    ]
  },
  "g2_predictions": {
    "recalc": [
      0.0,
      -35.177521727771534,
      -23.522555515590103,
      -5.471066782144497,
      5.147520989903981,
      8.791542735609834,
      7.143899745733357,
      2.565758530023775,
      -1.1048285488006204
    ],
    "thrombin": [
      0.0,
      -4.773878627211062,
      -3.8988783674182526,
      -2.0190142753733715,
      -0.6303848277351896,
      0.1275649080022796,
      0.3430309815732413,
      0.19610454327941218,
      -0.009857712092941284
    ],
    "fib": [
      0.0,
      18.865895898791667,
      12.816818291622546,
      1.3818531390076885,
      -5.344693618995141,
      -7.530449449231124,
      -7.398195297778489,
      -7.205320742235504,
      -8.247854354335306
    ],
    "xiii": [
      0.0,
      18.003290296363502,
      17.94331134404027,
      -0.47184116001564436,
      -14.467935248059213,
      -17.557555780563952,
      -12.665732716743536,
      -4.521943170054913,
      2.45002251675184
    ],
    "AP": [
      0.0,
      0.1317952660490279,
      0.24675794836144735,
      0.2925663656160785,
      0.29651762206606475,
      0.2771325027246162,
      0.2370825018237914,
      0.1779773572543642,
      0.11470358045577365
    ],
    "D": [
      0.0,
      12.790206992063368,
      22.584857606757566,
      26.301529490812257,
      26.459758604841184,
      24.600098635634797,
      20.882561649837225,
      15.500655625604438,
      9.876689603844614
    ]
  },
  "elapsed_s": 1035.5734288692474,
  "failed": false
}