{
  "seed": 72,
  "best_x": [
    0.3182529209750584,
    0.2954345522080607,
    7.678335531816797,
    7.290713098399001,
    2.2587775047464396,
    389.1163751065153,
    9.647351073691734,
    47.95115209405646,
    9.671018947163926,
    1.819865491884483,
    3.194416352077492,
    36.94255567053902,
    35.385883454205455,
    9.274037235353457,
    6.265688968777933,
    0.706695272576328,
    12.255111604744739,
    109.55390569388362,
    6.827981561063155,
    4.491806149912977,
    72.52149900342049,
    599.9867630017254,
    45.452499104156445,
    3.1928823205436556,
    4.7339560122292585,
    0.4165154673566123
  ],
  "best_cost": 0.8521422816901352,
  "decomp_synth": {
    "total": 0.8521422816901352,
    "failed": false,
    "g1_total": 0.6033391784363099,
    "g2_total": 0.2437965817141604,
    "g1_per_observable": {
      "recalc": 0.1466478500136209,
      "thrombin": 0.0718752076869056,
      "fib": 0.11926033795910108,
      "xiii": 0.10115708693087713,
      "AP": 0.06469491037898119,
      "D": 0.09970378546682405
    },
    "g2_per_observable": {
      "recalc": 0.0152254787725901,
      "thrombin": 0.008353245454325179,
      "fib": 0.08011049757040269,
      "xiii": 0.010672992652936603,
      "AP": 0.019083356158081752,
      "D": 0.11035101110582411
    },
    "constraint": 0.002503260769832448,
    "constraint_weighted": 0.005006521539664896,
    "saturation_penalty": 0.0,
    "w_group": [
      1.0,
      1.0
    ]
  },
  "g1_predictions": {
    "recalc": [
      0.0,
      -34.2598883872101,
      -12.218484512680746,
      17.496531579779955,
      30.944552528582683,
      32.34781020237917,
      31.118128517462814,
      37.99870660799039,
      64.80775305344994,
      104.34708658781673,
      132.86181398141036,
      141.03192620142465,
      126.70982214616562,
      96.43045682727168,
      62.000106682842315,
      0.8736346874535075
    ],
    "thrombin": [
      0.0,
      -5.4632826202502285,
      -3.3746350571679526,
      -0.12387006653210086,
      1.735321801107082,
      2.4059249292175897,
      2.682446738734373,
      3.5428754643279685,
      6.005510336013514,
      9.399785983013187,
      11.799294236739208,
      12.490683141267795,
      11.321940899435349,
      8.814959207170055,
      5.9225259828098915,
      0.3603075079516725
    ],
    "fib": [
      0.0,
      16.851826309370914,
      7.569111566972868,
      -9.290162387541208,
      -16.890880817160703,
      -16.95321091949675,
      -14.522274313052971,
      -14.399206670082698,
      -23.3538891465833,
      -41.12492243682135,
      -54.64616321868472,
      -57.652157474598525,
      -48.4861211021453,
      -31.368857518602685,
      -13.419829543195,
      6.576736808503808
    ],
    "xiii": [
      0.0,
      31.828493252093445,
      48.8373679985799,
      31.848791320200036,
      19.354504973598594,
      6.645729444289554,
      0.8803475746578638,
      2.62689763284172,
      -3.8185533053966694,
      -40.594049553001646,
      -69.4966735591222,
      -83.22318837526862,
      -76.3931878891134,
      -71.65416547210762,
      -44.60550822960132,
      14.881842718392067
    ],
    "AP": [
      0.0,
      0.13271090096540544,
      0.3163633863726389,
      0.40115126203391344,
      0.4136040066944575,
      0.39175477788949126,
      0.3702574307166513,
      0.3927123954208644,
      0.48529756828817183,
      0.5888783667217796,
      0.6507090180740016,
      0.6633841500049225,
      0.6273561834120533,
      0.5491717161047457,
      0.44716762027474677,
      0.10907280293076244
    ],
    "D": [
      0.0,
      15.395649208356499,
      31.792373226242574,
      38.63226410814301,
      39.13748832565948,
      36.83379158626597,
      35.051171882154,
      38.05527469081531,
      47.584065039063475,
      56.98081195507084,
      62.315106843886205,
      62.81366935476621,
      58.8321418613711,
      50.89022360154597,
      41.108066435578266,
      9.937480587062495
    ]
  },
  "g2_predictions": {
    "recalc": [
      0.0,
      -33.986253020806565,
      -22.95427390409153,
      -7.6957550368759335,
      1.4917208381353042,
      4.8326592712029885,
      3.4541644468339694,
      -0.10119917204086981,
      -2.236647827098594
    ],
    "thrombin": [
      0.0,
      -5.444030931995069,
      -4.387130879444593,
      -2.363602581174004,
      -0.8620793327615379,
      -0.044256208855239176,
      0.1614807608205162,
      -0.0016485768812147805,
      -0.16372633720399477
    ],
    "fib": [
      0.0,
      16.601847185014645,
      9.452594888869886,
      -0.6548174313836377,
      -6.139889534791042,
      -7.642122303654279,
      -6.942267252744012,
      -6.206047049966125,
      -6.8285989190049605
    ],
    "xiii": [
      0.0,
      21.477222542990823,
      18.500850465288757,
      1.2941013666857732,
      -9.939375894188311,
      -11.677569799496005,
      -6.746678956171898,
      0.05448779568155082,
      4.298037542198011
    ],
    "AP": [
      0.0,
      0.13211763010366817,
      0.24426398577691882,
      0.2824609536341636,
      0.28267214261376467,
      0.2606619147423242,
      0.21711894464783796,
      0.15489834549063614,
      0.09205747183450827
    ],
    "D": [
      0.0,
      14.635308936263874,
      24.09140843982675,
      27.002024526531,
      26.67174506888535,
      24.326201927126338,
      19.910948104841438,
      13.840426640412442,
      8.010147084778842
    ]
  },
  "elapsed_s": 955.2036607265472,
  "failed": false
}