{
  "seed": 69,
  "best_x": [
    0.29318640711237226,
    0.23091790732483114,
    11.86407261065143,
    11.22886687102844,
    33.95293766727592,
    106.24665982456028,
    3.090736738604856,
    51.060519054652396,
    9.30706196502299,
    1.592422492863799,
    3.123035658081448,
    34.454869851581215,
    33.52898943953561,
    10.922536331758845,
    5.870775395320307,
    0.7682018067660116,
    9.498813839778913,
    93.52643838472781,
    7.030528418996797,
    0.20068674598852543,
    49.94829257698892,
    507.27924770815434,
    47.71464493330946,
    4.147769455091465,
    5.440633410136018,
    0.4294673768065404
  ],
  "best_cost": 0.837410512276038,
  "decomp_synth": {
    "total": 0.837410512276038,
    "failed": false,
    "g1_total": 0.5776896855414584,
    "g2_total": 0.2592310955330995,
    "g1_per_observable": {
      "recalc": 0.13680303581405934,
      "thrombin": 0.07781801488256808,
      "fib": 0.1366116149160193,
      "xiii": 0.08507608885192645,
      "AP": 0.10005760694037188,
      "D": 0.04132332413651331
    },
    "g2_per_observable": {
      "recalc": 0.017741222150255292,
      "thrombin": 0.01104859804908501,
      "fib": 0.05666369178134118,
      "xiii": 0.04607226310464213,
      "AP": 0.021297661359283595,
      "D": 0.10640765908849224
    },
    "constraint": 0.0002448656007401134,
    "constraint_weighted": 0.0004897312014802268,
    "saturation_penalty": 0.0,
    "w_group": [
      1.0,
      1.0
    ]
  },
  "g1_predictions": {
    "recalc": [
      0.0,
      -33.53808278228666,
      -15.806560219885252,
      17.162557067507258,
      36.375855413519304,
      41.16667440522938,
      39.850758360757226,
      43.78370493732182,
      67.96664778453324,
      109.99573037485406,
      140.34717675566148,
      146.40697789555855,
      127.95367906261089,
      96.01521017871342,
      63.646964049509144,
      3.6341651786152234
    ],
    "thrombin": [
      0.0,
      -5.2466605896178615,
      -3.6581237107459152,
      -0.3683463329670009,
      1.8340801384299477,
      2.7584269094301552,
      3.0477617015248186,
      3.650947053307757,
      5.748298154242349,
      9.051897434258601,
      11.371906131070919,
      11.824750090953184,
      10.419987549584953,
      7.977627919699347,
      5.479690107437254,
      0.5775416372249604
    ],
    "fib": [
      0.0,
      15.818224802594,
      11.747538702014308,
      -3.752860931181498,
      -13.104416370211887,
      -14.890487867347977,
      -12.886409764273255,
      -11.417673441424379,
      -17.89059930891492,
      -35.5627033177845,
      -49.67405987965351,
      -52.480691521553304,
      -43.35743888137634,
      -28.204941242572588,
      -13.561392258566341,
      6.226304135801204
    ],
    "xiii": [
      0.0,
      21.669916958727672,
      33.42882413507136,
      19.035984911033196,
      5.9069114043269115,
      -6.295871528688135,
      -9.878343129696278,
      -5.670739815333804,
      -7.428248531756668,
      -35.97410560128427,
      -59.252077031983426,
      -69.01565367699146,
      -60.64194879979334,
      -54.07187091583531,
      -34.2381283654095,
      8.88594046019716
    ],
    "AP": [
      0.0,
      0.13557971250523687,
      0.3168739223985443,
      0.4075686774057823,
      0.4291904653051618,
      0.41450635456114115,
      0.3950332757463477,
      0.41676752664997735,
      0.5128510881799818,
      0.6170386398327522,
      0.670245469785395,
      0.6668707813776911,
      0.6131585705108682,
      0.5252803081980465,
      0.42873264059746247,
      0.13668257578361717
    ],
    "D": [
      0.0,
      14.602349865806957,
      31.143105382334223,
      38.997927856106315,
      40.608670371915665,
      39.03712312692167,
      37.31574940070877,
      39.94805224913061,
      49.54943356460145,
      59.058816807963375,
      63.66413673371517,
      62.854260038001975,
      57.41702785075243,
      48.89421692621115,
      39.79623516581476,
      12.670682724182814
    ]
  },
  "g2_predictions": {
    "recalc": [
      0.0,
      -33.44539985281866,
      -24.92079407986428,
      -8.110843349984084,
      3.223531230591405,
      7.327240078891233,
      5.3744670524856915,
      1.0416289673436392,
      -1.4875057711811976
    ],
    "thrombin": [
      0.0,
      -5.272756820344349,
      -4.500724824943038,
      -2.455191659786821,
      -0.8417530105341791,
      0.014549261576860095,
      0.18145938039479215,
      -0.01453401972716517,
      -0.17025110568255994
    ],
    "fib": [
      0.0,
      14.764213254561053,
      11.463877654758047,
      3.076761981101207,
      -2.265875331625514,
      -4.21117064063643,
      -4.165550838237543,
      -4.021995446617393,
      -4.722350715011544
    ],
    "xiii": [
      0.0,
      13.527073155463254,
      12.159207825094365,
      -0.3374611934442452,
      -9.458914187127764,
      -11.221458937792073,
      -7.247983096739052,
      -1.7873019090617288,
      1.5075853937397832
    ],
    "AP": [
      0.0,
      0.12174907215501102,
      0.23139161556058382,
      0.2763978086310352,
      0.2832415957121331,
      0.2601955249342937,
      0.20780121068114174,
      0.13716191474445386,
      0.07449453243140126
    ],
    "D": [
      0.0,
      12.792323025605965,
      22.511797071551896,
      26.348800210457973,
      26.72707998146906,
      24.303301163745353,
      19.122358491584073,
      12.381259330354515,
      6.6162658803677346
    ]
  },
  "elapsed_s": 1087.2998406887054,
  "failed": false
}