{
  "seed": 66,
  "best_x": [
    0.26334022298453325,
    0.40230926952851287,
    9.094928670638005,
    7.870568779594009,
    7.173288359029291,
    162.60014392048686,
    4.619039619941651,
    66.7241581562036,
    9.45492128012934,
    2.1795874444397008,
    4.785419036260784,
    33.441076629115116,
    34.061049774999006,
    9.717132825191365,
    4.9032454867968305,
    0.5830602388790092,
    10.094451104235795,
    115.87309437128533,
    7.680364714250929,
    1.1162095684913176,
    28.625397685141408,
    368.60120821920094,
    27.90520932278725,
    1.9910602693158292,
    4.509946618181081,
    0.43645914363717037
  ],
  "best_cost": 0.9121225420139183,
  "decomp_synth": {
    "total": 0.9121225420139183,
    "failed": false,
    "g1_total": 0.6796126008400974,
    "g2_total": 0.23205084773278523,
    "g1_per_observable": {
      "recalc": 0.0977343510533256,
      "thrombin": 0.11508038432518031,
      "fib": 0.16158314427342055,
      "xiii": 0.09320612417970488,
      "AP": 0.133612780928334,
      "D": 0.07839581608013199
    },
    "g2_per_observable": {
      "recalc": 0.014900767213860945,
      "thrombin": 0.03356319440661188,
      "fib": 0.06604784765269764,
      "xiii": 0.025149444336884805,
      "AP": 0.021815617726756952,
      "D": 0.07057397639597301
    },
    "constraint": 0.00022954672051779665,
    "constraint_weighted": 0.0004590934410355933,
    "saturation_penalty": 0.0,
    "w_group": [
      1.0,
      1.0
    ]
  },
  "g1_predictions": {
    "recalc": [
      0.0,
      -32.500762504941285,
      -19.466725064095222,
      3.039205647084124,
      15.220646029298972,
      21.750704254545422,
      31.348621776139666,
      53.26043386935777,
      91.22229259560442,
      127.62791523853103,
      147.3711116984564,
      151.03088539822534,
      135.54592903791655,
      104.73760089139346,
      67.46310419052341,
      -0.05856654621422219
    ],
    "thrombin": [
      0.0,
      -4.3995677847049555,
      -3.3633731575101273,
      -1.2353360512486646,
      0.19169261377464464,
      1.112984162373998,
      2.1170741898331613,
      3.838944445716298,
      6.492048424128923,
      8.92546733221924,
      10.237227545422956,
      10.4842212249724,
      9.484471912110237,
      7.469992849271983,
      5.005929585600659,
      0.16125447637397905
    ],
    "fib": [
      0.0,
      16.80093616551654,
      13.971550978304025,
      1.710419459090815,
      -4.831946580209689,
      -6.6704249524557255,
      -8.080768891429344,
      -14.77214601038235,
      -32.02593820041044,
      -51.43492496582441,
      -61.79552686363512,
      -63.17620023226381,
      -53.4198607838273,
      -35.614589266318596,
      -15.391992685362828,
      5.740967479530827
    ],
    "xiii": [
      0.0,
      20.081191453368,
      43.62379816704122,
      41.798287029250524,
      35.52227180332358,
      24.925777552405247,
      13.875935405814667,
      5.507236002418208,
      -9.126717082990936,
      -41.4762406490576,
      -59.7419606345274,
      -64.33426510420365,
      -59.21380830558335,
      -59.47355944872997,
      -42.83172540208154,
      13.26567828696102
    ],
    "AP": [
      0.0,
      0.12020470628117784,
      0.2799236037520485,
      0.3491341728397683,
      0.36078511908372907,
      0.36412448677003867,
      0.39775373409884496,
      0.48375017520633035,
      0.597499491362451,
      0.6774099322514863,
      0.7149882693511271,
      0.7141657908997034,
      0.6715008593907466,
      0.5857502113936968,
      0.47188037265436716,
      0.08077366601590685
    ],
    "D": [
      0.0,
      12.494616869141312,
      25.47590684031251,
      30.564403655438543,
      31.225358556612235,
      31.646154492004925,
      35.05233015952315,
      43.05965002181885,
      52.893342619625706,
      59.18969212659599,
      62.12631452736355,
      61.55093473559632,
      57.439560268867886,
      49.50825662494985,
      39.55033849588847,
      6.634379215333283
    ]
  },
  "g2_predictions": {
    "recalc": [
      0.0,
      -31.291049750668964,
      -22.0998910430002,
      -8.428335303194785,
      0.21809081843921874,
      4.369464157543721,
      4.773305467798227,
      2.2990835987775142,
      -0.46136302515609007
    ],
    "thrombin": [
      0.0,
      -4.2683220676582785,
      -3.591727514244263,
      -2.0699899013300707,
      -0.8797675938783716,
      -0.14031018790332106,
      0.17802057337086374,
      0.1554816946077392,
      0.011173496857048104
    ],
    "fib": [
      0.0,
      18.39861140135462,
      12.990454021919929,
      4.394113524731422,
      -0.4281481224573689,
      -2.08838531523001,
      -2.0673868976266636,
      -1.7212056259461619,
      -2.192756615923555
    ],
    "xiii": [
      0.0,
      13.978561896943164,
      15.09257958848543,
      3.7671212456014946,
      -5.462588139167993,
      -8.359374932214301,
      -6.518610460756722,
      -2.3264585431964084,
      1.9841518620898948
    ],
    "AP": [
      0.0,
      0.14890595908382692,
      0.24549925872431896,
      0.2774221536562726,
      0.2769906792207017,
      0.2611962728282662,
      0.229219428955663,
      0.1776439931201522,
      0.11821454389274282
    ],
    "D": [
      0.0,
      14.471095116563259,
      21.904513630212826,
      24.11832915468148,
      23.85061017625623,
      22.34799594147653,
      19.380823744082946,
      14.725019753105267,
      9.596814359577094
    ]
  },
  "elapsed_s": 795.1895689964294,
  "failed": false
}