{
  "seed": 60,
  "best_x": [
    0.310056366324733,
    0.316313760567584,
    19.99991520395656,
    18.56130004916899,
    5.163768841828251,
    211.01985172558614,
    6.357597624248871,
    838.0610981123255,
    9.368581239012997,
    1.6760422333188822,
    3.786717255299802,
    37.371396304464184,
    34.20421453881981,
    13.101176367229147,
    5.88531456283361,
    0.8192974106053144,
    11.61545837560286,
    98.4635830047024,
    7.900246015931462,
    0.9962414555032362,
    56.092748284543916,
    508.1306581371243,
    46.211146650383014,
    2.2050991320852393,
    4.7517582891138055,
    0.46507652438107683
  ],
  "best_cost": 0.8856541708225116,
  "decomp_synth": {
    "total": 0.8856541708225116,
    "failed": false,
    "g1_total": 0.6697618376413874,
    "g2_total": 0.21357025357252107,
    "g1_per_observable": {
      "recalc": 0.14288717608135196,
      "thrombin": 0.09707023321921797,
      "fib": 0.15234939525857538,
      "xiii": 0.10783668346931811,
      "AP": 0.0895424428516849,
      "D": 0.08007590676123905
    },
    "g2_per_observable": {
      "recalc": 0.013718045770711843,
      "thrombin": 0.023867492829317098,
      "fib": 0.055133473527367485,
      "xiii": 0.027593150089519607,
      "AP": 0.017038752438253778,
      "D": 0.07621933891735123
    },
    "constraint": 0.0011610398043015839,
    "constraint_weighted": 0.0023220796086031678,
    "saturation_penalty": 0.0,
    "w_group": [
      1.0,
      1.0
    ]
  },
  "g1_predictions": {
    "recalc": [
      0.0,
      -33.54801643358409,
      -6.794474778506498,
      25.445862591453583,
      38.56619634055551,
      38.452252303457115,
      37.17593337544374,
      50.21738444296956,
      93.81319670616047,
      147.89992104470244,
      177.99724114850733,
      177.71053324428107,
      148.5916000814459,
      103.27527547463673,
      60.15119957465298,
      0.5037636350742751
    ],
    "thrombin": [
      0.0,
      -5.0800244250888555,
      -3.121408058945308,
      -0.1680365693888799,
      1.486421658939411,
      2.065113908929233,
      2.3916890971920806,
      3.5936890140303452,
      6.761234316639405,
      10.475040787617115,
      12.517961574394452,
      12.512255795814784,
      10.577149613252178,
      7.533184862232901,
      4.595789452150068,
      0.2095899629337388
    ],
    "fib": [
      0.0,
      18.87385603331413,
      12.01839982364869,
      -1.987116320170733,
      -8.103699000974093,
      -7.993625384454205,
      -6.359663979215195,
      -8.525953904960138,
      -23.411090425062085,
      -46.320148777293426,
      -59.632762813606305,
      -59.288425128668884,
      -45.77626664326924,
      -25.81493413129027,
      -8.226712241212208,
      5.233255843047282
    ],
    "xiii": [
      0.0,
      34.149768432595046,
      56.13770568480671,
      38.448742250474155,
      24.365373526978715,
      11.70509793213828,
      5.007044477776504,
      4.718277969820727,
      -8.12547966881164,
      -53.82370224238746,
      -82.31052101539353,
      -87.26629290199168,
      -71.68799131514594,
      -59.050408431435386,
      -32.529491777995695,
      15.970158826149756
    ],
    "AP": [
      0.0,
      0.14925743872187588,
      0.32417125031662775,
      0.398005233695281,
      0.4028893686856069,
      0.3774629039429328,
      0.3616064964661583,
      0.4097926641366251,
      0.5343007554598872,
      0.6402024885260169,
      0.6865482711507696,
      0.6756120248079184,
      0.6127555626652896,
      0.5091824821461425,
      0.3936997656878687,
      0.08343705394664404
    ],
    "D": [
      0.0,
      14.925661840058174,
      30.69784870276351,
      37.09936150108874,
      37.3099427007578,
      34.888606129708066,
      33.58798579132036,
      38.501686141120736,
      50.265905883010035,
      59.77080871192674,
      63.818469035947366,
      62.5070563602324,
      56.44752351232658,
      46.67235825467142,
      35.9852785508535,
      7.611720913411157
    ]
  },
  "g2_predictions": {
    "recalc": [
      0.0,
      -34.227252882574696,
      -23.58826166795576,
      -6.911492636924631,
      5.513717574591922,
      11.301615177521057,
      9.540173153698213,
      3.2823840769190777,
      -1.1362036502661974
    ],
    "thrombin": [
      0.0,
      -5.170769761851451,
      -4.385347153809867,
      -2.474328254435315,
      -0.8428793394861267,
      0.13965228992926226,
      0.384364093783518,
      0.13078229671192831,
      -0.12167081660480356
    ],
    "fib": [
      0.0,
      17.52748598559408,
      14.367981024907055,
      7.2336151176439785,
      2.2812872459520452,
      0.09743997120786041,
      0.14900979783805823,
      0.5711620331169822,
      -0.5480871287421216
    ],
    "xiii": [
      0.0,
      21.77290369514487,
      24.09710199817135,
      7.986271136340386,
      -7.474551727683624,
      -14.670163269117346,
      -12.24805510527573,
      -3.9058797881906524,
      3.2423890991536717
    ],
    "AP": [
      0.0,
      0.1266915314123501,
      0.2242554496577611,
      0.26580023568777245,
      0.28025007677692554,
      0.27107456530295965,
      0.2311295050186164,
      0.1630552461593713,
      0.09244339924506625
    ],
    "D": [
      0.0,
      12.460185089449777,
      21.129837953466147,
      24.79284718772788,
      26.01715775133695,
      25.037409880761235,
      21.171523001602385,
      14.758241908019748,
      8.267307399455172
    ]
  },
  "elapsed_s": 665.757120847702,
  "failed": false
}