{
  "seed": 24,
  "best_x": [
    0.23395520996131933,
    0.1963328836570345,
    16.83877451435663,
    15.71940053646873,
    30.869249318544863,
    218.42244773669995,
    3.965852920688653,
    863.4712461271904,
    8.953527564248885,
    1.523875305055167,
    3.036883379077983,
    37.53882674810029,
    43.50716551691855,
    7.64570294769516,
    5.795892301620107,
    0.4645473625429108,
    9.205659463542144,
    95.95546829452172,
    5.195861480221703,
    0.12682965667841678,
    61.06713787502181,
    599.8822010694221,
    35.73746563317631,
    2.726445244312076,
    4.882468426333052,
    0.43565285469641346
  ],
  "best_cost": 0.9720276638190176,
  "decomp_synth": {
    "total": 0.9720276638190176,
    "failed": false,
    "g1_total": 0.698795786616976,
    "g2_total": 0.2692682065807851,
    "g1_per_observable": {
      "recalc": 0.12411939394234553,
      "thrombin": 0.1171362474438987,
      "fib": 0.1832819025461641,
      "xiii": 0.10701785019359253,
      "AP": 0.08931616335460471,
      "D": 0.07792422913637043
    },
    "g2_per_observable": {
      "recalc": 0.013114152627370831,
      "thrombin": 0.035039410303320064,
      "fib": 0.07891331891819092,
      "xiii": 0.03845093367543261,
      "AP": 0.020500125881881815,
      "D": 0.08325026517458882
    },
    "constraint": 0.0019818353106282743,
    "constraint_weighted": 0.003963670621256549,
    "saturation_penalty": 0.0,
    "w_group": [
      1.0,
      1.0
    ]
  },
  "g1_predictions": {
    "recalc": [
      0.0,
      -37.046628387375044,
      -22.91772150615901,
      7.226506789430083,
      27.240786843536775,
      34.79292231178382,
      37.06953923790297,
      46.19698818752929,
      77.14265085151288,
      121.41057058188667,
      148.07316829583618,
      147.66787666223368,
      123.50667253250596,
      90.0094639955679,
      59.993550867115545,
      4.3791671360272835
    ],
    "thrombin": [
      0.0,
      -5.2119791934384665,
      -4.020547593178215,
      -1.1859810383414464,
      0.9196540642271596,
      2.0006851114850956,
      2.558749763610136,
      3.4926671330158108,
      5.816543621691687,
      8.862606046567448,
      10.64858969249892,
      10.615357603831088,
      9.004482818737609,
      6.757905790069427,
      4.7194404324982395,
      0.6728383983900208
    ],
    "fib": [
      0.0,
      15.634451148549964,
      13.098432648063635,
      -0.06513855389666556,
      -8.881465875947532,
      -11.336241157583265,
      -10.707418243979355,
      -12.31300830020719,
      -24.855531714877873,
      -47.24913175427809,
      -61.65860698701945,
      -61.62687940545541,
      -48.611715894050974,
      -30.88436296687661,
      -15.588633079296407,
      6.519601857643685
    ],
    "xiii": [
      0.0,
      31.348460025704565,
      54.71096834097541,
      39.651854005030415,
      21.28419635846573,
      1.7690831878405184,
      -8.542811311939076,
      -8.032325388201457,
      -16.330261980041072,
      -58.18943341029635,
      -85.69581899918926,
      -90.54885132295547,
      -74.7746069803176,
      -65.29105444577074,
      -44.34684979099204,
      16.012206943409474
    ],
    "AP": [
      0.0,
      0.11703901647535568,
      0.27619734225004444,
      0.36360573053712447,
      0.3915120926532114,
      0.3869544788944455,
      0.38073140094234115,
      0.418039851076733,
      0.5203182790741733,
      0.6158183933131682,
      0.6555178015873572,
      0.6389145165883284,
      0.5772538233614404,
      0.4930116757517039,
      0.40937260999545555,
      0.15401957543124267
    ],
    "D": [
      0.0,
      11.99040607443777,
      26.527174257223397,
      34.25946619656315,
      36.591276878033284,
      36.054625877273025,
      35.58032260527325,
      39.4605183177958,
      49.26842563020289,
      57.88050959489297,
      61.269257876813256,
      59.39124007348643,
      53.433713530392126,
      45.505123291873176,
      37.74990908087065,
      14.19866122670955
    ]
  },
  "g2_predictions": {
    "recalc": [
      0.0,
      -36.92307178685266,
      -28.449595340292245,
      -9.238751180338316,
      4.032795770748763,
      8.248179524922065,
      5.2517885092175725,
      0.20706708730199885,
      -2.2696605457567105
    ],
    "thrombin": [
      0.0,
      -5.220665125404488,
      -4.493117182505837,
      -2.4084476112048896,
      -0.7551378624182594,
      0.07256013965065389,
      0.1811493813395333,
      -0.03258060333321999,
      -0.17154276236745106
    ],
    "fib": [
      0.0,
      15.144199655977154,
      13.430633980879733,
      5.547088571514053,
      0.24245386678087932,
      -1.2153312413034438,
      -0.24505301436215188,
      0.5838743693825013,
      -0.09783202230941868
    ],
    "xiii": [
      0.0,
      21.20011950048203,
      22.567188796669974,
      1.3346666140821817,
      -17.075409049495214,
      -21.8414844516461,
      -14.754638070138284,
      -4.121104717475585,
      2.6292328213774576
    ],
    "AP": [
      0.0,
      0.11091328805505996,
      0.22457683224670297,
      0.27960630246047474,
      0.2913816384375149,
      0.26768457873963647,
      0.2126273633939143,
      0.1415338876801226,
      0.08034555374330402
    ],
    "D": [
      0.0,
      11.207640960847197,
      21.456466238833983,
      26.283601538933155,
      27.15591311204627,
      24.74702876239785,
      19.452467497704877,
      12.795832117314593,
      7.202226775132996
    ]
  },
  "elapsed_s": 875.6977536678314,
  "failed": false
}