{
  "seed": 90,
  "best_x": [
    0.2449280582980885,
    0.2164287551978905,
    11.04440091232079,
    9.39178958590448,
    0.12895247690723777,
    94.04986087857631,
    3.359585900454949,
    33.80212288252618,
    8.986339136959288,
    1.647982575408955,
    2.9916589013163213,
    36.317804782110315,
    34.657840828619015,
    13.780511758502577,
    5.8838070090049825,
    0.8029076567525641,
    4.67793555437793,
    45.52659923747342,
    6.820902216028385,
    0.10024846037704355,
    35.304413471008004,
    442.6871178288404,
    44.572013393806046,
    2.7497701726832258,
    4.939436118255294,
    0.4454957505876491
  ],
  "best_cost": 0.8921649147694791,
  "decomp_synth": {
    "total": 0.8921649147694791,
    "failed": false,
    "g1_total": 0.6847059793119118,
    "g2_total": 0.20708321562827112,
    "g1_per_observable": {
      "recalc": 0.10629357532716882,
      "thrombin": 0.12499643039354164,
      "fib": 0.16687800261476676,
      "xiii": 0.12212463427788688,
      "AP": 0.08867651899564832,
      "D": 0.07573681770289943
    },
    "g2_per_observable": {
      "recalc": 0.010669979606233988,
      "thrombin": 0.019720096422788803,
      "fib": 0.06375913601416373,
      "xiii": 0.046012932263766085,
      "AP": 0.019502564327559507,
      "D": 0.047418506993758984
    },
    "constraint": 0.00018785991464810486,
    "constraint_weighted": 0.0003757198292962097,
    "saturation_penalty": 0.0,
    "w_group": [
      1.0,
      1.0
    ]
  },
  "g1_predictions": {
    "recalc": [
      0.0,
      -35.35783473999255,
      -18.607237832258214,
      15.555202835159562,
      37.02717786668279,
      44.30758005280846,
      46.888816017245745,
      58.45488930677514,
      93.520098334073,
      140.90923172353232,
      168.69320076600678,
      168.81590776312103,
      143.47670094205793,
      106.29151453501876,
      71.05225445920831,
      5.10354952582619
    ],
    "thrombin": [
      0.0,
      -5.3137608885790035,
      -4.0690280954767015,
      -1.0543505980638321,
      1.1306548135204797,
      2.2242506567519396,
      2.8362596342789184,
      3.9025447504120816,
      6.3478992782670085,
      9.41716569510961,
      11.186750719195222,
      11.204712874852882,
      9.623909938395267,
      7.282948891440298,
      5.040186353172893,
      0.607572072075233
    ],
    "fib": [
      0.0,
      8.660567230380998,
      5.125481918247912,
      -6.105410588896464,
      -12.81384011604699,
      -14.164100406598884,
      -13.873053438496113,
      -17.24755869617388,
      -30.902086040721453,
      -51.197143228265354,
      -63.51653139365591,
      -63.820954127167965,
      -52.97145999213058,
      -37.14313257802202,
      -22.435091390658485,
      1.834522810672577
    ],
    "xiii": [
      0.0,
      21.327914250420292,
      42.631282096821394,
      34.71820228239975,
      21.518692668557616,
      5.60271188532905,
      -3.7929880709633776,
      -3.886076913964823,
      -10.06956429060947,
      -45.44320001092528,
      -72.53498106733574,
      -78.83503847956038,
      -65.53204726294057,
      -56.425045346393524,
      -37.01793606898593,
      13.897453145161242
    ],
    "AP": [
      0.0,
      0.12474974632490574,
      0.3044382111591012,
      0.40188280175335744,
      0.43134566787008183,
      0.42619284722441153,
      0.42325377263559133,
      0.46856632742224896,
      0.5758242431319128,
      0.6732783973410201,
      0.7155463083282327,
      0.7021717174589537,
      0.6397602014233228,
      0.5473511976057257,
      0.4500812866728198,
      0.15382928844686755
    ],
    "D": [
      0.0,
      12.426516294146293,
      27.166272401098716,
      34.700003603991775,
      36.739813836019195,
      36.141546692821876,
      36.107643734360245,
      40.58084107863238,
      50.04892826941537,
      57.86738433344779,
      60.99620159792097,
      59.34090649250554,
      53.675586760863084,
      45.64419535378251,
      37.43495729557343,
      12.779944795105799
    ]
  },
  "g2_predictions": {
    "recalc": [
      0.0,
      -35.19460035400161,
      -25.203431653715008,
      -5.548349704907928,
      7.16467061274933,
      11.345871270758927,
      8.700596895267374,
      3.093593173430861,
      -0.7414056869885739
    ],
    "thrombin": [
      0.0,
      -5.313024364018487,
      -4.577505143830309,
      -2.4961606476420237,
      -0.8618462363044102,
      0.017133801647514657,
      0.22713224103984198,
      0.05728471924269818,
      -0.11664354505424895
    ],
    "fib": [
      0.0,
      8.456492057254476,
      6.645929395624767,
      1.3581921313553857,
      -1.58190614834392,
      -1.8764951943319674,
      -0.3683178925138195,
      1.447559529395077,
      2.0903500405701134
    ],
    "xiii": [
      0.0,
      13.599418786250009,
      15.212866690614886,
      0.6430930376230046,
      -12.024887350482485,
      -15.311206625831241,
      -10.774788935119904,
      -3.575653168541948,
      1.56384580982951
    ],
    "AP": [
      0.0,
      0.12040460476731092,
      0.24295344438327812,
      0.2967808643417158,
      0.3062569879227807,
      0.28424492194485224,
      0.23302527208435286,
      0.16168349867799062,
      0.09422712404060833
    ],
    "D": [
      0.0,
      11.681044906414932,
      21.43071212375806,
      25.48529201701544,
      25.96939291111023,
      23.83569592373982,
      19.236829385337607,
      13.079499519390508,
      7.48744110508406
    ]
  },
  "elapsed_s": 801.0593874454498,
  "failed": false
}