{
  "seed": 93,
  "best_x": [
    0.25069948308044177,
    0.18713012454771627,
    12.494121875059562,
    12.138451129108034,
    2.4435826063078823,
    288.4764661709844,
    6.787007444448653,
    999.7757220951701,
    9.162960534787786,
    1.7348775865193327,
    3.27590915559026,
    37.74882419045501,
    41.717610043140695,
    9.87960140806598,
    5.3843805152324125,
    0.6023657696276261,
    11.77962989522949,
    116.24799248506642,
    7.027116744059572,
    2.5280855703303438,
    39.59705919130022,
    502.232928837189,
    34.0018666884111,
    1.7110799430033077,
    5.508004595420975,
    0.41691342938788084
  ],
  "best_cost": 0.8187260135443555,
  "decomp_synth": {
    "total": 0.8187260135443555,
    "failed": false,
    "g1_total": 0.5755483544697665,
    "g2_total": 0.2425770975549658,
    "g1_per_observable": {
      "recalc": 0.13097450397210797,
      "thrombin": 0.09722150719704203,
      "fib": 0.09971297909018273,
      "xiii": 0.09680395907093556,
      "AP": 0.07452558814675878,
      "D": 0.07630981699273942
    },
    "g2_per_observable": {
      "recalc": 0.015816102702399106,
      "thrombin": 0.0070319167048873196,
      "fib": 0.06949665623310577,
      "xiii": 0.037834237544648694,
      "AP": 0.024455087963458896,
      "D": 0.087943096406466
    },
    "constraint": 0.000300280759811561,
    "constraint_weighted": 0.000600561519623122,
    "saturation_penalty": 0.0,
    "w_group": [
      1.0,
      1.0
    ]
  },
  "g1_predictions": {
    "recalc": [
      0.0,
      -36.250811486681116,
      -19.193713531790618,
      11.698138279848315,
      31.3379505526715,
      39.35332351093983,
      43.989217382687265,
      57.255375745030435,
      90.01004487273535,
      130.09121654710322,
      154.52345243432455,
      157.55735259887538,
      139.42446171432132,
      108.81121577584994,
      76.83093750729262,
      7.546516067163394
    ],
    "thrombin": [
      0.0,
      -4.78101990374591,
      -3.4019027449725296,
      -0.6108719377209213,
      1.3808784487589865,
      2.427794863059195,
      3.098527533569449,
      4.258861516237905,
      6.640687424923843,
      9.390280461756259,
      11.040145361762317,
      11.250918667647655,
      10.055475471380037,
      8.017785112541617,
      5.865706652865901,
      0.9315565872531832
    ],
    "fib": [
      0.0,
      18.50952039861393,
      15.28267729185165,
      1.211765458707113,
      -7.921777609414374,
      -10.775904618238311,
      -11.122285955767236,
      -14.479775682408532,
      -27.70101215094799,
      -47.08814938630649,
      -59.3250337861097,
      -60.410518696912426,
      -50.14659017198581,
      -33.69543567506889,
      -17.33090993926338,
      9.540206993126901
    ],
    "xiii": [
      0.0,
      28.647903286096966,
      61.23229092921297,
      54.805673791171515,
      39.33559314807333,
      18.498953275520062,
      1.7931618803357918,
      -3.5562673457804075,
      -12.602590819873402,
      -47.880947577441574,
      -71.73992325774597,
      -77.29713922804393,
      -69.36401230074532,
      -70.3329147551361,
      -57.483822956466014,
      24.777600780718156
    ],
    "AP": [
      0.0,
      0.11695769927548652,
      0.28054898429559494,
      0.37117010735705236,
      0.4021531524602124,
      0.40293452509921324,
      0.40510798424350164,
      0.44650326397524776,
      0.538024342680778,
      0.6224232370456576,
      0.6643653905263591,
      0.6623406339442282,
      0.6200640725383394,
      0.5488402336220046,
      0.4671385203480214,
      0.18547911348721505
    ],
    "D": [
      0.0,
      12.83017527733397,
      28.28949532441841,
      36.50841287062681,
      39.158725610033635,
      39.11063472716656,
      39.476877931039,
      43.94223116603466,
      53.085906224046674,
      60.96103710721221,
      64.72056255704828,
      64.1561168185952,
      59.77598228665775,
      52.67693074810582,
      44.739607704666476,
      17.742301490616732
    ]
  },
  "g2_predictions": {
    "recalc": [
      0.0,
      -35.72900692579264,
      -23.954026632601067,
      -5.4810592561940865,
      5.021662969420266,
      7.599505304964211,
      4.696540572115438,
      0.11696051399478691,
      -2.322123001756893
    ],
    "thrombin": [
      0.0,
      -4.72642192053854,
      -3.7878738252718196,
      -1.8644593060692225,
      -0.5030444004799679,
      0.14377844630815462,
      0.22280714600055118,
      0.023694342424344983,
      -0.12897231913414806
    ],
    "fib": [
      0.0,
      18.914473307394204,
      15.409950608148376,
      6.412841648969113,
      1.285979346366151,
      -0.0342050000591172,
      0.486949373842128,
      0.5858068020584053,
      -0.8334040263075888
    ],
    "xiii": [
      0.0,
      19.15552134129477,
      21.727179104129526,
      0.9771516624104473,
      -16.777961346849388,
      -20.780843179233965,
      -13.751763712478374,
      -3.1831910660045466,
      4.251082190084821
    ],
    "AP": [
      0.0,
      0.12591495083579274,
      0.24291195267603324,
      0.290117861435917,
      0.29230606665776865,
      0.26613150637419686,
      0.21638743976533426,
      0.15108915210143245,
      0.08978979655347553
    ],
    "D": [
      0.0,
      13.468538428881963,
      24.23830786529052,
      28.344777398441828,
      28.282340526315565,
      25.54632579080857,
      20.545496614694116,
      14.142418493223586,
      8.297894379178205
    ]
  },
  "elapsed_s": 679.7659056186676,
  "failed": false
}