{
  "seed": 39,
  "best_x": [
    1.114424559557627,
    3.261935059720192,
    17.776987946014124,
    17.051011342870567,
    0.23993454191438346,
    266.5250822907369,
    6.016885549371487,
    34.8340134467028,
    10.484922968114237,
    2.687785248904307,
    9.33925562991454,
    30.912076033551614,
    33.15052304852419,
    8.248522340710664,
    5.637431818612633,
    0.5314837710860609,
    5.866597305471015,
    67.5014079610009,
    5.343067779264855,
    0.12887051175168113,
    28.553127240908854,
    411.46916183713074,
    26.341720854147287,
    2.031148542090044,
    4.125303103680579,
    0.3998471215059195
  ],
  "best_cost": 0.8904612365211814,
  "decomp_synth": {
    "total": 0.8904612365211814,
    "failed": false,
    "g1_total": 0.6342814886473824,
    "g2_total": 0.25564107788091867,
    "g1_per_observable": {
      "recalc": 0.12739965047003404,
      "thrombin": 0.08758557765558199,
      "fib": 0.12301509853748999,
      "xiii": 0.07794151631871796,
      "AP": 0.10355971584755051,
      "D": 0.11477992981800789
    },
    "g2_per_observable": {
      "recalc": 0.021927975453661853,
      "thrombin": 0.01964138614268903,
      "fib": 0.0365561718959341,
      "xiii": 0.044221837438060865,
      "AP": 0.04465148777741116,
      "D": 0.08864221917316163
    },
    "constraint": 0.00026933499644015996,
    "constraint_weighted": 0.0005386699928803199,
    "saturation_penalty": 0.0,
    "w_group": [
      1.0,
      1.0
    ]
  },
  "g1_predictions": {
    "recalc": [
      0.0,
      -22.994168623267157,
      -12.160959698897692,
      -7.063689233096767,
      -0.4629258533791294,
      11.126754932668007,
      29.335095750502123,
      58.222928252955825,
      92.2338269348616,
      115.62254628169272,
      133.89234406617703,
      139.04035096659914,
      131.44601547082686,
      104.6073902799232,
      74.28415218739995,
      -0.5077819594093094
    ],
    "thrombin": [
      0.0,
      -4.4131827565117545,
      -3.690287101846276,
      -2.594623573666434,
      -1.3159902570379896,
      0.17726633177904727,
      1.9620404801718478,
      4.329345739537282,
      6.897677772161339,
      8.621606732994033,
      9.948204269134973,
      10.330620562343682,
      9.818379320670958,
      7.9457638013074465,
      5.816439227412152,
      0.03873698413193459
    ],
    "fib": [
      0.0,
      11.626056104186464,
      6.728110482432263,
      5.799051856458648,
      4.957473069090662,
      1.9163441522505877,
      -4.687697774358562,
      -17.634294726674096,
      -34.71155796091871,
      -47.085091250766546,
      -56.8121926326251,
      -59.69508853358909,
      -55.63372843928933,
      -41.54115325155964,
      -25.79383903040929,
      1.86991920709898
    ],
    "xiii": [
      0.0,
      31.123075893786165,
      43.79452744826799,
      41.98643498957205,
      41.42814108700359,
      34.2679201617938,
      20.26894734642466,
      2.6260945879003197,
      -20.034229782693355,
      -50.40430817967549,
      -65.6422139792183,
      -71.93842920007884,
      -71.58221472097983,
      -77.72905457921385,
      -61.930609355203785,
      9.086067629324347
    ],
    "AP": [
      0.0,
      0.2155233827814724,
      0.2697790198675318,
      0.25413465699100857,
      0.2575054656232634,
      0.29903641451404295,
      0.3735428316979862,
      0.47410692570674906,
      0.566415123923813,
      0.6175004245293816,
      0.6578079413345407,
      0.6644167112202242,
      0.6439123053210376,
      0.5712988604951675,
      0.48604845939747693,
      0.033638012311718674
    ],
    "D": [
      0.0,
      21.51314471299767,
      25.86080988238595,
      24.28680363106076,
      24.8629880199222,
      28.993756043939083,
      36.29638174000074,
      46.03062542656737,
      54.76911040702175,
      59.434399805409925,
      63.259025649931466,
      63.697157961750314,
      61.571997625469976,
      54.264505178396874,
      46.09042556272878,
      3.0331823766709025
    ]
  },
  "g2_predictions": {
    "recalc": [
      0.0,
      -23.32588998897245,
      -17.872740759936516,
      -8.679430595981014,
      -1.8153243324426462,
      2.6044827815615648,
      4.0472013475552195,
      2.5611685874574626,
      0.3661589763358366
    ],
    "thrombin": [
      0.0,
      -4.488881798969957,
      -4.1284773170579125,
      -2.713942377301299,
      -1.4344238639875062,
      -0.510903570825916,
      -0.009474399089377528,
      0.10279273275791256,
      0.042801311264837494
    ],
    "fib": [
      0.0,
      10.670316388269741,
      8.916172488740722,
      6.517899787718079,
      5.159177495784898,
      4.440479442227086,
      4.320661515404802,
      4.629040945813311,
      4.638294659109082
    ],
    "xiii": [
      0.0,
      12.66204370528823,
      11.018642489159516,
      2.9263845158155104,
      -3.505830902361281,
      -5.985053751199979,
      -5.093156598926759,
      -1.9102311287509932,
      1.9945877024330902
    ],
    "AP": [
      0.0,
      0.19009051993124462,
      0.23693356943349136,
      0.2470137219769445,
      0.24285509262451552,
      0.233939771519701,
      0.21337570235775327,
      0.17445850893981388,
      0.12845369874420545
    ],
    "D": [
      0.0,
      18.559075558220613,
      22.917311543888765,
      23.685175885321122,
      23.22943059981043,
      22.3500194579237,
      20.30627405796272,
      16.48120101767411,
      12.053738894278021
    ]
  },
  "elapsed_s": 873.3738493919373,
  "failed": false
}