{
  "seed": 11,
  "best_x": [
    0.22632058853881426,
    0.1812531531252907,
    14.204270931231722,
    12.050285602607342,
    1.5966499274203545,
    271.1965907903318,
    3.0872312098500343,
    998.7395955706011,
    9.004220366943375,
    1.3750143260852228,
    3.97728292416269,
    29.042636223265426,
    31.236114147216973,
    3.448918598734952,
    4.884014104021334,
    0.1895942748750726,
    11.070385532599808,
    93.63565756711048,
    2.6349527459427997,
    3.151979376233211,
    52.19957218297772,
    574.217003415828,
    17.136543077160304,
    2.648983964899753,
    6.092068133186045,
    0.4403239052175356
  ],
  "best_cost": 0.8014113326988347,
  "decomp_synth": {
    "total": 0.8014113326988347,
    "failed": false,
    "g1_total": 0.5817968596770441,
    "g2_total": 0.21648339106195497,
    "g1_per_observable": {
      "recalc": 0.11522266710880975,
      "thrombin": 0.07567177040632982,
      "fib": 0.12933825188754805,
      "xiii": 0.08530065263769052,
      "AP": 0.07802141405662617,
      "D": 0.09824210358003976
    },
    "g2_per_observable": {
      "recalc": 0.007626615199406117,
      "thrombin": 0.028867164273868224,
      "fib": 0.07187234350306113,
      "xiii": 0.04067412128359893,
      "AP": 0.01807134442749845,
      "D": 0.04937180237452212
    },
    "constraint": 0.0015655409799178236,
    "constraint_weighted": 0.003131081959835647,
    "saturation_penalty": 0.0,
    "w_group": [
      1.0,
      1.0
    ]
  },
  "g1_predictions": {
    "recalc": [
      0.0,
      -28.84803572058393,
      -18.016052257070978,
      7.655215557441117,
      25.84142554304814,
      32.94113161367705,
      33.98224938694382,
      39.56801356121818,
      68.15209096888239,
      117.19479433977075,
      149.11787104514548,
      150.75580272286808,
      127.15372179926395,
      94.23133406860534,
      64.91303901189518,
      7.089503678892872
    ],
    "thrombin": [
      0.0,
      -4.43543666697156,
      -3.6231202564617986,
      -1.3193152712272127,
      0.5027282790305758,
      1.4799056339563794,
      1.9252127996595914,
      2.5586303578412504,
      4.520566763078765,
      7.539571454189484,
      9.442242514822272,
      9.530161833522873,
      8.124447251065721,
      6.159044138702752,
      4.393448524006662,
      0.7265223397687852
    ],
    "fib": [
      0.0,
      17.43898944519998,
      17.056017874746416,
      4.167285435303853,
      -5.831388583413833,
      -9.45490601899692,
      -8.950910680907906,
      -8.6857507664501,
      -19.540132230193386,
      -46.38824560250173,
      -65.8816554970773,
      -67.5552109366726,
      -53.857966693952676,
      -34.77709197930652,
      -18.313239961613696,
      7.346481292180256
    ],
    "xiii": [
      0.0,
      29.828122270097985,
      60.0797768415001,
      52.789624653960054,
      36.81799131550688,
      15.55085218186658,
      3.550807052301865,
      7.179342717723834,
      7.176604547474865,
      -35.478436250845306,
      -72.08564587023656,
      -83.07703026634584,
      -70.03754779395514,
      -64.09216779292346,
      -45.17669266949818,
      19.116803037474035
    ],
    "AP": [
      0.0,
      0.1217731734496465,
      0.29586606493431,
      0.3952291984168052,
      0.42977341618799264,
      0.4261260348121328,
      0.41455201126561664,
      0.4517158744657346,
      0.5848211622794636,
      0.7163374438863449,
      0.7691615718815991,
      0.7487085785306751,
      0.674691926497745,
      0.5778819256393916,
      0.4847773060150836,
      0.1963494799719028
    ],
    "D": [
      0.0,
      11.685907041789703,
      26.08271242146445,
      33.969457816817936,
      36.53836724368397,
      36.05296965719303,
      35.1662024265701,
      38.92989557558975,
      50.73846799134812,
      61.40865886067336,
      65.36409239853919,
      63.15010532603542,
      56.60234397085468,
      48.33346214954044,
      40.5153637122084,
      16.40706382248661
    ]
  },
  "g2_predictions": {
    "recalc": [
      0.0,
      -28.735136902933736,
      -23.752291061317294,
      -8.526626145119987,
      4.493648608943758,
      9.486158147249853,
      6.276631168079046,
      0.8364028638248833,
      -1.5901861895675906
    ],
    "thrombin": [
      0.0,
      -4.458017059569629,
      -4.0711643295834765,
      -2.394691017746462,
      -0.8671199195810428,
      -0.03502445160736323,
      0.0793002476064264,
      -0.10816368583001224,
      -0.1965198826901736
    ],
    "fib": [
      0.0,
      16.183554750140228,
      16.04583672940556,
      8.978605575390771,
      2.500945429613113,
      -0.7009453775955645,
      -0.9036076426471418,
      -0.9408447802892761,
      -2.1448067737716947
    ],
    "xiii": [
      0.0,
      19.281096699327417,
      25.528472263414425,
      10.27068263340459,
      -8.495335699963526,
      -16.99320099579891,
      -12.097352420703654,
      -2.326645963052056,
      3.2739441029012797
    ],
    "AP": [
      0.0,
      0.10500860964930551,
      0.21857884128906505,
      0.28700925934884797,
      0.3154442874007064,
      0.29476549589861645,
      0.22651754514641106,
      0.13861135930917737,
      0.07046545680267313
    ],
    "D": [
      0.0,
      9.89646910412665,
      19.168547865589307,
      24.692879396916535,
      26.787303152281865,
      24.676812824961623,
      18.62004485951492,
      11.17369125681241,
      5.614288203247035
    ]
  },
  "elapsed_s": 783.3039844036102,
  "failed": false
}