{
  "seed": 44,
  "best_x": [
    0.23795128094031748,
    0.18414163612963064,
    17.753682432495467,
    16.35298164473193,
    1.3782607440061134,
    276.6621706943796,
    8.080528820660874,
    15.331650870823998,
    9.163291801559243,
    1.5503339628345798,
    3.4275068551548324,
    34.75953394957914,
    36.77224907895823,
    10.756481762066688,
    6.063504873982366,
    0.685209869469326,
    11.610628237383121,
    118.07662167407773,
    7.808529661155916,
    4.1533911955903005,
    62.80951239376941,
    599.9770107285495,
    48.086397970737025,
    4.581082305617766,
    5.332347283237523,
    0.44096283721537044
  ],
  "best_cost": 0.892486565070808,
  "decomp_synth": {
    "total": 0.892486565070808,
    "failed": false,
    "g1_total": 0.6011339324156635,
    "g2_total": 0.2879717549801969,
    "g1_per_observable": {
      "recalc": 0.09487122698770224,
      "thrombin": 0.08467006438457093,
      "fib": 0.13518921104248877,
      "xiii": 0.1085695511646812,
      "AP": 0.09288663776431566,
      "D": 0.08494724107190471
    },
    "g2_per_observable": {
      "recalc": 0.010490715438720573,
      "thrombin": 0.02684594921996281,
      "fib": 0.08176521677258508,
      "xiii": 0.029012265197789745,
      "AP": 0.039135512911639164,
      "D": 0.10072209543949952
    },
    "constraint": 0.0016904388374738538,
    "constraint_weighted": 0.0033808776749477075,
    "saturation_penalty": 0.0,
    "w_group": [
      1.0,
      1.0
    ]
  },
  "g1_predictions": {
    "recalc": [
      0.0,
      -32.98177845871554,
      -16.467902836368637,
      11.639846355141387,
      28.803912558150884,
      34.84649569106652,
      36.96998946606959,
      47.27867427266781,
      80.82499004223794,
      125.31966040358662,
      151.17023689651106,
      150.59681421383766,
      127.8395386667369,
      95.53857895257279,
      65.85696263603383,
      6.610754562627377
    ],
    "thrombin": [
      0.0,
      -5.397864680244644,
      -4.0548903678421455,
      -1.2038766734795496,
      0.8549641335282665,
      1.9268190165502768,
      2.5227563673106217,
      3.567718847379769,
      6.140688670592642,
      9.337044670832087,
      11.171499306194507,
      11.160390117394131,
      9.607720417412306,
      7.370643664820772,
      5.283550179215157,
      0.8597911173592615
    ],
    "fib": [
      0.0,
      19.236291842579767,
      17.486512281919918,
      5.451623005302899,
      -2.2804663337317894,
      -4.449117862596671,
      -4.135844191374053,
      -6.180080523583728,
      -18.94776040174723,
      -39.895986365478464,
      -52.553022114842626,
      -51.49964632928129,
      -38.90794137758847,
      -22.165780957193128,
      -7.909846786882233,
      11.264763304512163
    ],
    "xiii": [
      0.0,
      23.03543844168508,
      38.03712137125033,
      32.99839622511617,
      25.581299568271525,
      11.856017032797139,
      3.661691678271732,
      3.43868335380124,
      -4.683747172027663,
      -44.31311547754118,
      -70.9978300253047,
      -73.53934582598994,
      -54.33420084948821,
      -46.22748272128662,
      -27.93821926669525,
      13.467675554271958
    ],
    "AP": [
      0.0,
      0.12146060734114843,
      0.2867180489844831,
      0.37855908936824406,
      0.40932988516170116,
      0.4060921737019833,
      0.3988376873345601,
      0.43336224840833837,
      0.5384890901563584,
      0.6444241305123009,
      0.6960266383070743,
      0.6903835114912197,
      0.6370039800824431,
      0.5550810961779805,
      0.4682936762906244,
      0.1874479150253209
    ],
    "D": [
      0.0,
      12.233916592221219,
      27.144949206723933,
      35.18891572870816,
      37.7561532878207,
      37.3422344020714,
      36.75960176984288,
      40.32108237918644,
      50.30397548182276,
      59.7963112567596,
      64.24856478931862,
      63.40826293802583,
      58.27716465404751,
      50.63064151186288,
      42.666493593184136,
      17.071610321279362
    ]
  },
  "g2_predictions": {
    "recalc": [
      0.0,
      -33.030735867760896,
      -23.91690666182693,
      -6.591169056840986,
      5.374277474152933,
      9.199251282361871,
      5.987832042273427,
      0.5767363934992549,
      -2.140598826736348
    ],
    "thrombin": [
      0.0,
      -5.418774510398279,
      -4.663706754676538,
      -2.578857263329004,
      -0.8832867961789366,
      0.013443345930972628,
      0.16505932808726342,
      -0.04546636725574382,
      -0.18890377275343245
    ],
    "fib": [
      0.0,
      18.578359220977642,
      17.6546642022594,
      10.351433544949158,
      5.141234193621051,
      3.261652219508157,
      3.3720900281459176,
      2.826598238662603,
      0.5323748755711613
    ],
    "xiii": [
      0.0,
      14.925513822504463,
      14.521153144454331,
      2.068008146131082,
      -8.70177428452519,
      -10.973295151866145,
      -5.771069548366529,
      0.5501071379712301,
      3.4308609689171434
    ],
    "AP": [
      0.0,
      0.1138655633021164,
      0.2293855028835886,
      0.28736138417794493,
      0.30442541801607553,
      0.28673350539982234,
      0.23487796846798953,
      0.16092459074426402,
      0.09258538866457165
    ],
    "D": [
      0.0,
      11.31218700986176,
      21.606192302777867,
      26.664617819655632,
      28.031239232444012,
      26.211119748342345,
      21.261181651765515,
      14.394647035483638,
      8.202793275847396
    ]
  },
  "elapsed_s": 1139.5712850093842,
  "failed": false
}