{
  "seed": 5,
  "best_x": [
    0.26742104402124933,
    0.24676391039468193,
    17.679837222944954,
    15.895514309831857,
    2.6089313390987607,
    188.76181562239378,
    5.441694893164131,
    901.8204221792805,
    9.213473396822003,
    1.6805125632455944,
    2.9262046130631685,
    38.908985565129825,
    38.55760057737302,
    11.288473925985137,
    6.024604605114401,
    0.6607658134576396,
    8.013435682311549,
    77.25082441886582,
    7.441539495363512,
    0.6646815293129759,
    33.031775142164506,
    363.800942228457,
    30.35261156691346,
    1.789850964718625,
    4.524877451410829,
    0.4188736782452688
  ],
  "best_cost": 0.8423926499547802,
  "decomp_synth": {
    "total": 0.8423926499547802,
    "failed": false,
    "g1_total": 0.6036049525334244,
    "g2_total": 0.23870386391040466,
    "g1_per_observable": {
      "recalc": 0.13841217543106035,
      "thrombin": 0.07071360056159531,
      "fib": 0.15333275083737627,
      "xiii": 0.08637036438158069,
      "AP": 0.07644776249863422,
      "D": 0.07832829882317748
    },
    "g2_per_observable": {
      "recalc": 0.009075870849533945,
      "thrombin": 0.027282786531361257,
      "fib": 0.06724220797769093,
      "xiii": 0.019405557518396663,
      "AP": 0.014581375710445666,
      "D": 0.1011160653229762
    },
    "constraint": 4.191675547560309e-05,
    "constraint_weighted": 8.383351095120619e-05,
    "saturation_penalty": 0.0,
    "w_group": [
      1.0,
      1.0
    ]
  },
  "g1_predictions": {
    "recalc": [
      0.0,
      -37.07349923191859,
      -17.476905470781634,
      14.156459755961258,
      31.561546043697277,
      36.01298497317573,
      36.749554570794,
      46.073421995745264,
      77.09454225674136,
      119.87612701342904,
      146.90981371989412,
      149.18425922455629,
      126.90438741471503,
      91.76156656629266,
      57.93925666012248,
      1.783583345662258
    ],
    "thrombin": [
      0.0,
      -5.350350839542802,
      -3.90385686934933,
      -1.0351361983789125,
      0.8966040756886073,
      1.8020255132680427,
      2.2831436970073162,
      3.2079366661164443,
      5.43767081651846,
      8.274067018208008,
      10.029152622457545,
      10.183420626254327,
      8.771907262050783,
      6.521230519555719,
      4.324042931460638,
      0.3821311718620508
    ],
    "fib": [
      0.0,
      14.110940522143737,
      8.406930748439233,
      -5.027460567991387,
      -11.7914410637737,
      -12.243991186790197,
      -10.91004901602651,
      -13.45346256145217,
      -27.373708858733867,
      -49.58533540055812,
      -64.27829034331373,
      -65.67125581817574,
      -53.57798692877038,
      -34.85624949607548,
      -17.490958766606933,
      4.887625263438789
    ],
    "xiii": [
      0.0,
      23.63693416154715,
      46.64742066185489,
      37.494740079905654,
      24.481687535450867,
      10.678371305859509,
      1.9633432854217627,
      1.8474556613093855,
      -2.184601489117017,
      -29.44580170443749,
      -50.98489798482457,
      -57.41957008667069,
      -49.636197349560845,
      -44.6577074025628,
      -29.844660127245696,
      16.913730316639786
    ],
    "AP": [
      0.0,
      0.13560250543444968,
      0.3097173013566667,
      0.3957427181959308,
      0.4149182135238442,
      0.40108453999999,
      0.38913109078394764,
      0.4244788399011742,
      0.5260397495718874,
      0.6241413248358422,
      0.6718215587672989,
      0.6645205730658833,
      0.6074344533528393,
      0.5162767256515854,
      0.4169342626151118,
      0.12323562900648438
    ],
    "D": [
      0.0,
      13.341129733221601,
      28.584719944472347,
      35.84454276320198,
      37.2891810514474,
      35.95007529761557,
      35.002223798665625,
      38.5713497602206,
      47.96099230602359,
      56.51618634450144,
      60.530940751918806,
      59.5492140612693,
      54.18197068184376,
      45.847920720779406,
      36.94708344583468,
      10.907982345799706
    ]
  },
  "g2_predictions": {
    "recalc": [
      0.0,
      -36.78266726971523,
      -24.89552006305361,
      -6.383229221959084,
      4.313918463018766,
      6.997014635296232,
      4.064883623152767,
      -0.3671535508800847,
      -2.466855627668858
    ],
    "thrombin": [
      0.0,
      -5.3347688398457045,
      -4.465478103155619,
      -2.456950676431614,
      -0.9601507426572131,
      -0.19289822174279525,
      -0.022871607888023116,
      -0.14053788984029547,
      -0.2196499298313801
    ],
    "fib": [
      0.0,
      13.886284168472066,
      10.372034124514727,
      3.470570183476301,
      0.15741647179073537,
      0.07461587522184265,
      1.6143785080639397,
      2.6901358370833486,
      2.103202948242894
    ],
    "xiii": [
      0.0,
      15.374858733533111,
      16.946718620655865,
      0.8849867475539391,
      -12.448714486708232,
      -15.359359107933347,
      -9.972080898822277,
      -2.1152595553825,
      3.06406358678448
    ],
    "AP": [
      0.0,
      0.13496371463926765,
      0.2532801608384191,
      0.29847308587881655,
      0.2989090913460003,
      0.2697185306766358,
      0.2150766214096872,
      0.14529875285844815,
      0.08286258125507982
    ],
    "D": [
      0.0,
      13.043543121225735,
      23.213602120363934,
      26.93722018454416,
      26.77911741074952,
      24.007598125581797,
      18.97000146591424,
      12.667132428260736,
      7.152940031229839
    ]
  },
  "elapsed_s": 1676.0390408039093,
  "failed": false
}