{
  "seed": 55,
  "best_x": [
    0.20809232510232634,
    0.1786648170157718,
    19.13905409627599,
    16.173615827245285,
    1.2027531448003477,
    158.32553403623865,
    3.7565212579256766,
    800.023685137669,
    9.024008092281601,
    1.7387398525587563,
    2.799908455200714,
    29.88887645280016,
    32.75267669533754,
    9.1407592273297,
    5.883174311725954,
    0.5794266796937,
    5.798101956414094,
    60.807732155133905,
    4.162136423596895,
    1.6394576581193694,
    30.9780017590447,
    354.7681980826578,
    25.004698359710154,
    1.6341167809817145,
    5.711111296737775,
    0.41017086791526836
  ],
  "best_cost": 0.9859489490860835,
  "decomp_synth": {
    "total": 0.9859489490860835,
    "failed": false,
    "g1_total": 0.7834852440853883,
    "g2_total": 0.201953309157008,
    "g1_per_observable": {
      "recalc": 0.1772278698770826,
      "thrombin": 0.10145342012279412,
      "fib": 0.2236417808223913,
      "xiii": 0.0867679690600117,
      "AP": 0.11158936356461302,
      "D": 0.08280484063849562
    },
    "g2_per_observable": {
      "recalc": 0.015535190182967293,
      "thrombin": 0.031991184992981606,
      "fib": 0.02887351178767319,
      "xiii": 0.02875822818638242,
      "AP": 0.023821133988330936,
      "D": 0.07297406001867256
    },
    "constraint": 0.00025519792184360463,
    "constraint_weighted": 0.0005103958436872093,
    "saturation_penalty": 0.0,
    "w_group": [
      1.0,
      1.0
    ]
  },
  "g1_predictions": {
    "recalc": [
      0.0,
      -29.012414074159427,
      -14.751791258484229,
      14.203914653627876,
      34.14737309542308,
      42.90131609582717,
      47.839500179708956,
      60.34824171497082,
      91.80789859343255,
      133.90579168350027,
      162.3485480969344,
      168.09904341748626,
      150.15443588062791,
      118.60631552507914,
      85.52699911326562,
      10.853820474147106
    ],
    "thrombin": [
      0.0,
      -5.307612255914339,
      -4.164507661351473,
      -1.2571228396163252,
      1.0063686955033164,
      2.291809677401162,
      3.1151679058185184,
      4.324559608852494,
      6.717849392592921,
      9.693229142356735,
      11.661161701286634,
      12.058822431334908,
      10.84475883317234,
      8.698208586854824,
      6.432499098172177,
      1.108547198830452
    ],
    "fib": [
      0.0,
      10.2231221858587,
      9.463964579184477,
      1.2879614991066441,
      -4.782529976472116,
      -7.099191343269183,
      -7.753326876243225,
      -10.248076471781777,
      -19.262038589489702,
      -33.587175020726136,
      -43.8886001244465,
      -46.231042742811645,
      -39.91300815193397,
      -28.798239091326742,
      -17.40196931664855,
      3.995919746446674
    ],
    "xiii": [
      0.0,
      22.07782318389199,
      48.99531102673532,
      44.901626502192876,
      30.10063492597948,
      10.813908643482769,
      -4.30242352507319,
      -9.423051899081026,
      -16.77123416245801,
      -47.49261922791541,
      -74.33626160984451,
      -86.19903484341758,
      -83.19922285464766,
      -81.9070959812187,
      -67.87695497014487,
      14.386703118546185
    ],
    "AP": [
      0.0,
      0.11677001678966734,
      0.2799137343884581,
      0.3742962441725495,
      0.4097396921140214,
      0.4149843644316468,
      0.42239504728953686,
      0.46956927038595786,
      0.5670912247323695,
      0.658075506336768,
      0.7041716329357779,
      0.7008504519713198,
      0.6529642401001904,
      0.576068441014285,
      0.4912637415399879,
      0.2027598010696009
    ],
    "D": [
      0.0,
      10.810332682333684,
      24.340941475683326,
      31.94613992208492,
      34.70588296419161,
      35.069844864394476,
      35.80199237609419,
      40.078217798858084,
      48.48977563187902,
      55.96178600867787,
      59.630301958686516,
      59.07929519156326,
      54.84191451562855,
      48.23791195108071,
      41.08300162151167,
      16.94522688529852
    ]
  },
  "g2_predictions": {
    "recalc": [
      0.0,
      -28.61014010297874,
      -18.35800949149423,
      -1.591562533643657,
      7.340254809542092,
      8.616734864739815,
      5.2956179107267936,
      1.0110913358614209,
      -1.2945890111705705
    ],
    "thrombin": [
      0.0,
      -5.26518563496317,
      -4.475334777682516,
      -2.441633653197396,
      -0.9537292781799374,
      -0.21878434226054955,
      -0.045383220150352344,
      -0.13213377792780734,
      -0.19871013900138004
    ],
    "fib": [
      0.0,
      10.414319960517616,
      9.28820211107033,
      4.429229906941737,
      1.6583395619717756,
      1.0553256644013116,
      1.3677834668488669,
      1.3995113488939737,
      0.697514709285604
    ],
    "xiii": [
      0.0,
      15.316159191872035,
      19.728275844093915,
      4.3099511929401135,
      -10.369316372875454,
      -14.281890317148148,
      -9.608532641267367,
      -2.4513701903084244,
      2.506018107702036
    ],
    "AP": [
      0.0,
      0.12492288285909055,
      0.24030652088516116,
      0.28603472384001805,
      0.2841177930521053,
      0.2525135568044201,
      0.19904028157947598,
      0.13464943549944017,
      0.07828048489345031
    ],
    "D": [
      0.0,
      11.34438800243541,
      20.721428030052195,
      24.260914075204393,
      23.90666022848693,
      21.109950285216577,
      16.49933817566219,
      11.046590591039182,
      6.367242525165897
    ]
  },
  "elapsed_s": 728.8520669937134,
  "failed": false
}