{
  "seed": 81,
  "best_x": [
    0.29842175287280526,
    0.25946714682125804,
    12.590927811216586,
    11.965638589688712,
    0.9153238301394209,
    223.95080994156905,
    6.035419166498445,
    999.5933468329156,
    9.167712066319622,
    1.6568294111755804,
    3.9025216066838357,
    32.295549359457134,
    30.807328599469113,
    10.583405903938845,
    5.759773964096311,
    0.6548437683588924,
    8.602393754001033,
    85.33011060159535,
    6.650147669498878,
    3.1516322077388947,
    60.29945047957345,
    599.9905276805994,
    49.17909611236739,
    3.1995207308581177,
    5.319249981111803,
    0.45290153326828547
  ],
  "best_cost": 0.769411076435631,
  "decomp_synth": {
    "total": 0.769411076435631,
    "failed": false,
    "g1_total": 0.5744091517575828,
    "g2_total": 0.19426462004707928,
    "g1_per_observable": {
      "recalc": 0.11265797200069906,
      "thrombin": 0.08984785445227852,
      "fib": 0.12365320837851855,
      "xiii": 0.1023127533609352,
      "AP": 0.06914989561804115,
      "D": 0.07678746794711028
    },
    "g2_per_observable": {
      "recalc": 0.008618272998940218,
      "thrombin": 0.019392257135195507,
      "fib": 0.061084470319929834,
      "xiii": 0.032239895222013544,
      "AP": 0.02526017401390216,
      "D": 0.04766955035709801
    },
    "constraint": 0.00036865231548441487,
    "constraint_weighted": 0.0007373046309688297,
    "saturation_penalty": 0.0,
    "w_group": [
      1.0,
      1.0
    ]
  },
  "g1_predictions": {
    "recalc": [
      0.0,
      -29.636886571861275,
      -7.133633422753093,
      23.779194320571065,
      38.83179737745398,
      41.37195839354027,
      42.25678886267507,
      56.31824083347978,
      96.41351276937957,
      142.2054549084897,
      165.29495975258948,
      162.84515912014913,
      136.82103646245258,
      98.25283146013332,
      61.51155431150618,
      2.219603065684704
    ],
    "thrombin": [
      0.0,
      -5.072066823605781,
      -3.4348531793133414,
      -0.5346970596586518,
      1.3011935731338387,
      2.108762791445024,
      2.617590061874159,
      3.887905831839199,
      6.77638848947509,
      9.899784472305333,
      11.46420724069354,
      11.322434401354498,
      9.616767665033844,
      7.060577338159241,
      4.595077717392537,
      0.3584811659685135
    ],
    "fib": [
      0.0,
      15.215561090276584,
      10.228040207484835,
      -2.56375957961348,
      -8.84608885654059,
      -9.283613753110323,
      -8.41124917321427,
      -12.25381755278032,
      -28.523496941126076,
      -50.12298768666301,
      -61.40723516668743,
      -60.20583015689885,
      -47.396244297703426,
      -29.05110046048693,
      -12.519646078926613,
      5.735560211010795
    ],
    "xiii": [
      0.0,
      30.03140360188157,
      45.66789545303591,
      28.287000019351122,
      15.54423557727246,
      2.5483802277475864,
      -3.933927332792435,
      -5.588036538952549,
      -20.47369290649946,
      -61.058301936094296,
      -77.37896339785061,
      -76.15694775873568,
      -60.20357166545575,
      -52.07407965691824,
      -30.07398507444107,
      14.734367838384749
    ],
    "AP": [
      0.0,
      0.13715010949695194,
      0.3148589983324886,
      0.3995050666831015,
      0.41603449699142,
      0.40119672622890523,
      0.3945384572618435,
      0.4469318236683177,
      0.5634917869338827,
      0.6573061943440863,
      0.6942648994943059,
      0.6796024162350607,
      0.6182300456040891,
      0.5227637618523058,
      0.4183816063229774,
      0.1162280107442028
    ],
    "D": [
      0.0,
      14.695731595173978,
      30.964010461684744,
      38.317263398258646,
      39.49768033661532,
      37.980090880552886,
      37.60330055603274,
      43.21148267768442,
      54.52600086557814,
      62.948799238508904,
      66.08344634760425,
      64.26738332392739,
      58.11723623809024,
      48.841378798357105,
      38.96648361801965,
      10.80632861959607
    ]
  },
  "g2_predictions": {
    "recalc": [
      0.0,
      -29.78384739109356,
      -19.23810138653003,
      -3.0510122475794788,
      7.874988642884418,
      11.72379504368924,
      8.781494006561422,
      2.6755374706046755,
      -1.1272035200224826
    ],
    "thrombin": [
      0.0,
      -5.105199020851178,
      -4.342644484951346,
      -2.4257594954367714,
      -0.8531512476454242,
      0.03391108789074826,
      0.22987039991577385,
      0.01666101097844186,
      -0.16601795000630223
    ],
    "fib": [
      0.0,
      14.476217983307146,
      12.336770444888186,
      6.30150958097301,
      2.3372706487141484,
      1.0262685761771504,
      1.670892915685088,
      2.344131329518712,
      1.3720510473502117
    ],
    "xiii": [
      0.0,
      18.961226360564975,
      17.141463467869848,
      0.7971717052113525,
      -11.895997189361486,
      -15.394007073682586,
      -10.510246849440277,
      -2.2322535248221005,
      3.2827075817404374
    ],
    "AP": [
      0.0,
      0.1245390617482408,
      0.23153444600212775,
      0.2783446954565034,
      0.29070317859361366,
      0.27508963907035205,
      0.22852674567530723,
      0.15728331575422796,
      0.0876128740103573
    ],
    "D": [
      0.0,
      13.009174129057058,
      22.576857898926185,
      26.660450446210902,
      27.602604893788325,
      25.89630323547581,
      21.231371372793486,
      14.345276868032997,
      7.849887606798696
    ]
  },
  "elapsed_s": 907.9236342906952,
  "failed": false
}