{
  "seed": 30,
  "best_x": [
    0.31091849380837244,
    0.358284425222254,
    13.623501805817646,
    13.491670724116858,
    12.776674279870559,
    181.31512652839598,
    5.999300302980787,
    4.715762233698335,
    9.610424342554502,
    1.7844063412544586,
    5.507729694129225,
    40.11055413627882,
    40.54686522935316,
    13.933248489719247,
    4.4665969665006475,
    0.7350401665306034,
    9.205755639444185,
    91.83438422381084,
    7.999623124147558,
    0.33257966217947804,
    28.375284448590982,
    392.8063781449024,
    35.09987305326797,
    3.0192741896982715,
    4.974795039582485,
    0.4190848913611066
  ],
  "best_cost": 0.9176572215382189,
  "decomp_synth": {
    "total": 0.9176572215382189,
    "failed": false,
    "g1_total": 0.6392745551462087,
    "g2_total": 0.2775005375843289,
    "g1_per_observable": {
      "recalc": 0.13629384460770533,
      "thrombin": 0.08086075263710357,
      "fib": 0.13227662129175252,
      "xiii": 0.10006341507904638,
      "AP": 0.10100011313923733,
      "D": 0.08877980839136351
    },
    "g2_per_observable": {
      "recalc": 0.014626442912441608,
      "thrombin": 0.030055937150455965,
      "fib": 0.06803434126567606,
      "xiii": 0.042809869328141154,
      "AP": 0.018323571246951144,
      "D": 0.10365037568066297
    },
    "constraint": 0.0004410644038406997,
    "constraint_weighted": 0.0008821288076813994,
    "saturation_penalty": 0.0,
    "w_group": [
      1.0,
      1.0
    ]
  },
  "g1_predictions": {
    "recalc": [
      0.0,
      -37.85783874327538,
      -17.16675942961909,
      9.044342482812048,
      19.83686131720809,
      21.514195200024464,
      24.580033330988666,
      43.81856295063922,
      92.77101557374812,
      141.93623826755115,
      167.1013451886407,
      167.1199429875133,
      143.7542686102195,
      103.3933180995839,
      61.40927273016665,
      -0.31242622669997777
    ],
    "thrombin": [
      0.0,
      -3.896801786548811,
      -2.5227526224203887,
      -0.4867110648486044,
      0.6297586721601092,
      1.0933305994014493,
      1.539550464465092,
      2.8902920641345835,
      5.8765172106576395,
      8.756381928754104,
      10.221693803096649,
      10.23982054596655,
      8.917700665712454,
      6.599017193485767,
      4.140167015470523,
      0.14773950416866863
    ],
    "fib": [
      0.0,
      15.760288351388414,
      11.113035981834958,
      1.254972665778764,
      -2.607615295260354,
      -2.606393799927373,
      -2.268092330372138,
      -6.575013147701795,
      -23.802235124387956,
      -43.734709179959935,
      -53.97793341030525,
      -53.30233258026021,
      -42.46062998441286,
      -25.013020005175857,
      -8.383681420537144,
      4.659342182886284
    ],
    "xiii": [
      0.0,
      18.18323419316806,
      38.497901151925,
      40.84052566292838,
      38.581552219840454,
      29.186493184239495,
      20.328736920511016,
      17.865932700852788,
      6.420619633048267,
      -39.28385321344106,
      -82.62690972760956,
      -100.93458167675982,
      -92.24877906706243,
      -76.30977546185693,
      -42.19264961054674,
      9.353994801962875
    ],
    "AP": [
      0.0,
      0.13434763528667504,
      0.2938550138731391,
      0.3579324319237734,
      0.3586651529028544,
      0.3357445582573143,
      0.33237622534262773,
      0.40161516593309243,
      0.5362082763839875,
      0.6375097612992318,
      0.6828216971781262,
      0.6798067684122637,
      0.6316792832297525,
      0.5395458145120576,
      0.4234783873913542,
      0.0768932719599893
    ],
    "D": [
      0.0,
      14.751731795637063,
      29.9072536365377,
      35.63328047706715,
      35.391881825805044,
      33.09000865577987,
      33.09120465584629,
      40.60737019435774,
      54.097068082411816,
      63.61938117365656,
      67.79724747590286,
      67.1265346340183,
      62.05693779938193,
      52.613774862711715,
      41.08160397687217,
      7.412954996543017
    ]
  },
  "g2_predictions": {
    "recalc": [
      0.0,
      -37.11026162050309,
      -25.96061344812107,
      -8.445906641555318,
      3.132131844346844,
      7.364003371373286,
      5.141500704355238,
      0.20414030802470684,
      -2.489334006145719
    ],
    "thrombin": [
      0.0,
      -3.8477210860017466,
      -3.106319716538348,
      -1.5753198777974582,
      -0.4029953173797174,
      0.2041840227299183,
      0.2783167627236378,
      0.05562132749887416,
      -0.11739504919777499
    ],
    "fib": [
      0.0,
      15.640548164458034,
      12.326976891093665,
      5.978400661137638,
      2.1272717479028156,
      0.9453084490524812,
      1.3359903419849566,
      1.3570501299814453,
      -0.14985997561694564
    ],
    "xiii": [
      0.0,
      10.987418598415367,
      11.43044120074159,
      1.2172007711692299,
      -8.668915629618414,
      -11.259988691913124,
      -6.671672236177964,
      -0.25889038168173506,
      2.916712109245385
    ],
    "AP": [
      0.0,
      0.13885563091777012,
      0.23791711264518361,
      0.2803638347606681,
      0.28783570167596184,
      0.2690498457262583,
      0.22215520795383065,
      0.15205385038925223,
      0.08342749697578153
    ],
    "D": [
      0.0,
      14.774697656796368,
      24.063710526581538,
      27.920567592550565,
      28.445485385851338,
      26.402118615198887,
      21.55796734964228,
      14.511198596392486,
      7.826210738615854
    ]
  },
  "elapsed_s": 969.1891813278198,
  "failed": false
}