{
  "seed": 64,
  "best_x": [
    0.2419650307034233,
    0.19346719847801058,
    18.19109337329361,
    16.741479337373754,
    2.272547886663597,
    389.85472556671914,
    9.999340773628585,
    280.6596653469629,
    9.070156055536923,
    1.5681894292334784,
    3.7992441468544067,
    29.425639822984856,
    30.21169777227862,
    7.709323033158055,
    5.455749492439386,
    0.5763382149378051,
    11.026295903350302,
    128.5594175783255,
    7.045209957264383,
    2.95130963770691,
    28.949429794922153,
    323.79250991697893,
    23.06674428960804,
    1.5103857178241442,
    5.5817392944412685,
    0.42178724413382657
  ],
  "best_cost": 0.8400340896487644,
  "decomp_synth": {
    "total": 0.8400340896487644,
    "failed": false,
    "g1_total": 0.6150632983536519,
    "g2_total": 0.22386207091976837,
    "g1_per_observable": {
      "recalc": 0.11137428852412327,
      "thrombin": 0.09779784765707895,
      "fib": 0.1944943059600955,
      "xiii": 0.07416372189812481,
      "AP": 0.08404082026140636,
      "D": 0.05319231405282294
    },
    "g2_per_observable": {
      "recalc": 0.017190987969476632,
      "thrombin": 0.026358569197913243,
      "fib": 0.06866845875912848,
      "xiii": 0.04004075418688364,
      "AP": 0.020520650288217077,
      "D": 0.051082650518149274
    },
    "constraint": 0.0005543601876720097,
    "constraint_weighted": 0.0011087203753440194,
    "saturation_penalty": 0.0,
    "w_group": [
      1.0,
      1.0
    ]
  },
  "g1_predictions": {
    "recalc": [
      0.0,
      -27.68125992394407,
      -13.952689298923886,
      8.90664023032425,
      22.832945392961136,
      27.89900108570877,
      30.69129207096033,
      42.259910142144065,
      73.80995516866243,
      110.60205158393698,
      129.5216394732714,
      126.93891797792804,
      106.4737852727918,
      78.3849792964867,
      52.88920489168584,
      4.452620956828331
    ],
    "thrombin": [
      0.0,
      -4.820113174480637,
      -3.500282213440997,
      -0.8716246138798192,
      0.9908542216251788,
      1.9493116614539647,
      2.5576950624013812,
      3.792849407554539,
      6.5740518562973955,
      9.649705906295196,
      11.216894296859394,
      11.027410385525908,
      9.383036112005568,
      7.098024355355299,
      4.993295456118659,
      0.73254602437659
    ],
    "fib": [
      0.0,
      19.321940205362733,
      17.83216334981362,
      6.041877789246474,
      -1.525812647134618,
      -3.5733856850392165,
      -3.3837633728834877,
      -6.358111143911506,
      -21.16398747018301,
      -42.60167620987875,
      -53.958810639151615,
      -51.54890307832551,
      -37.6834456383223,
      -19.846622790200797,
      -4.942912003293177,
      12.562146816205987
    ],
    "xiii": [
      0.0,
      21.058540157544197,
      44.921968445256084,
      41.85505110116521,
      31.943800629457545,
      17.931912400979794,
      6.138485608195553,
      1.246197328349073,
      -10.047649637251789,
      -44.787561948952515,
      -69.28762057898052,
      -72.34666735493518,
      -59.4444774853163,
      -51.18143871853725,
      -37.35569289772634,
      19.700970272492206
    ],
    "AP": [
      0.0,
      0.12337072023365253,
      0.2893119907394427,
      0.3799312125092707,
      0.4090189032962251,
      0.4055937735459419,
      0.40364654921319953,
      0.4524729014780178,
      0.5685046951554091,
      0.6698358826990316,
      0.7124496034070041,
      0.6995718500073681,
      0.6406477405668395,
      0.5540124719759276,
      0.4634216798299491,
      0.1771144653197686
    ],
    "D": [
      0.0,
      12.385582123200626,
      27.340540984523294,
      35.26830092519646,
      37.68634832163235,
      37.274681620660225,
      37.22367393783138,
      42.12603521517822,
      53.020811114358004,
      62.02497106967402,
      65.65580215201946,
      64.1695322686564,
      58.5439566947643,
      50.47650664984755,
      42.174392556807284,
      16.111825054802576
    ]
  },
  "g2_predictions": {
    "recalc": [
      0.0,
      -27.546848434093253,
      -19.111408920160002,
      -4.448975403686049,
      4.601028116866917,
      6.391719648816757,
      3.0182366491598493,
      -0.9690996314684508,
      -2.3032683097653943
    ],
    "thrombin": [
      0.0,
      -4.81100281506136,
      -3.9928985032233673,
      -2.0532378937380176,
      -0.5990783637066279,
      0.059203180205102734,
      0.07456882548455157,
      -0.13695778570558303,
      -0.22335008779679622
    ],
    "fib": [
      0.0,
      19.157856017405933,
      17.765675364435566,
      10.059082793863524,
      4.9917965154906145,
      3.465175535885093,
      3.386351063168739,
      1.9459693755478327,
      -1.098882853570748
    ],
    "xiii": [
      0.0,
      14.041444952099248,
      17.681182446003568,
      3.551243908251288,
      -11.21245422360593,
      -15.79665652852648,
      -10.202352666433192,
      -1.3837562342558984,
      3.9335711966207434
    ],
    "AP": [
      0.0,
      0.12295539117094564,
      0.24195594516127827,
      0.29883345507537024,
      0.30854006270608264,
      0.28062426014304187,
      0.2202009761679821,
      0.143400159685054,
      0.07824903479870847
    ],
    "D": [
      0.0,
      12.149300717528549,
      22.74602417404281,
      27.667374929818244,
      28.33276699026434,
      25.5749773456293,
      19.86662674986067,
      12.782822075516867,
      6.911249312035486
    ]
  },
  "elapsed_s": 1088.0447776317596,
  "failed": false
}