{
  "seed": 65,
  "best_x": [
    0.2729510817317394,
    0.25071638849014305,
    8.436633963824253,
    8.576962396536668,
    4.002855996561124,
    232.20078193215463,
    5.040191954539195,
    27.040862108079047,
    9.512251920520256,
    1.7847054882399558,
    4.587645802479756,
    39.88885444492584,
    46.39557858883824,
    9.520834554098172,
    6.095075313335528,
    0.5394568768604964,
    11.81065019860803,
    129.60982268637167,
    6.890195320416759,
    1.6324451939744031,
    49.613675960504544,
    599.8600161411148,
    36.73517219763477,
    2.936851925840955,
    5.388878799001711,
    0.3819711059894191
  ],
  "best_cost": 0.9536690729389884,
  "decomp_synth": {
    "total": 0.9536690729389884,
    "failed": false,
    "g1_total": 0.7368380530407553,
    "g2_total": 0.21642736770244245,
    "g1_per_observable": {
      "recalc": 0.12418387811610304,
      "thrombin": 0.11728324812378642,
      "fib": 0.17808792894336684,
      "xiii": 0.1096925643802099,
      "AP": 0.13515513143614527,
      "D": 0.0724353020411438
    },
    "g2_per_observable": {
      "recalc": 0.0130324236840509,
      "thrombin": 0.021705346685870916,
      "fib": 0.06071905966578261,
      "xiii": 0.028490903881239028,
      "AP": 0.013944756906283532,
      "D": 0.07853487687921545
    },
    "constraint": 0.0002018260978953417,
    "constraint_weighted": 0.0004036521957906834,
    "saturation_penalty": 0.0,
    "w_group": [
      1.0,
      1.0
    ]
  },
  "g1_predictions": {
    "recalc": [
      0.0,
      -39.1653704293094,
      -23.770487188383186,
      5.740153828315087,
      22.758669450106716,
      28.360523635733806,
      31.50010765722881,
      44.82616777852363,
      82.18161465798497,
      129.23536468199813,
      157.86454199507142,
      163.5433954576876,
      146.49921134271193,
      113.75934446567075,
      76.64795098424575,
      2.701961265986946
    ],
    "thrombin": [
      0.0,
      -5.491528187251136,
      -4.298134178123053,
      -1.5725335194075982,
      0.33294604307666686,
      1.3182103164644543,
      1.9643612569233324,
      3.150538493658413,
      5.741253326080162,
      8.776353422048725,
      10.594029684110302,
      10.964842466555725,
      9.921474658285376,
      7.88403627965131,
      5.541181151705833,
      0.5115616672217302
    ],
    "fib": [
      0.0,
      19.701190656693644,
      18.1991321767536,
      4.865650005825968,
      -3.04540491399114,
      -4.83760934014132,
      -4.327319726111954,
      -6.6825689284374565,
      -20.969598144136413,
      -43.73151052172107,
      -58.12363566999561,
      -60.516937971480765,
      -50.72859637808554,
      -33.255597788102214,
      -14.690418046570976,
      9.93844443497672
    ],
    "xiii": [
      0.0,
      26.570305814434168,
      52.054955250371364,
      47.72652435678681,
      38.67194790336109,
      23.507378968412127,
      12.94619704404366,
      11.866453561337394,
      3.8805750931606147,
      -38.24958095438458,
      -70.735415327615,
      -82.34739996097125,
      -74.90586377532917,
      -74.06319291937302,
      -51.541405735153646,
      18.31436910649675
    ],
    "AP": [
      0.0,
      0.11247452730938312,
      0.2710469473424823,
      0.35142251257465723,
      0.37087777499663066,
      0.3617201326860027,
      0.35881970310629063,
      0.4063130174148951,
      0.5147617597358137,
      0.6120001731996184,
      0.6610465648930766,
      0.6650601304225897,
      0.6271699052232131,
      0.5530710913260173,
      0.4590909073917509,
      0.13651956505562354
    ],
    "D": [
      0.0,
      13.577787197477315,
      28.988713298125866,
      36.25394259368985,
      37.70333703668744,
      36.62246246464091,
      36.64713658504971,
      42.298725336126346,
      53.74448406588752,
      63.044424220828766,
      67.54289806090496,
      67.39287777688055,
      63.10098814926193,
      55.168157009458255,
      45.542892035279166,
      13.473658532771251
    ]
  },
  "g2_predictions": {
    "recalc": [
      0.0,
      -38.10458153486789,
      -25.421685652196377,
      -6.588987920710018,
      3.5506226373775434,
      5.728856898235925,
      2.801914336481108,
      -1.2886644603618986,
      -2.9955135381852545
    ],
    "thrombin": [
      0.0,
      -5.362173360866622,
      -4.445585190383339,
      -2.4288412430308712,
      -0.9732801317838029,
      -0.23932911033440618,
      -0.07057873818932814,
      -0.17420888748876484,
      -0.2415039979284664
    ],
    "fib": [
      0.0,
      21.463942231594377,
      17.42513248429056,
      8.025114277731273,
      2.895401701922683,
      1.486661563560384,
      1.5043636146356114,
      0.6857996419094938,
      -1.5778846352446596
    ],
    "xiii": [
      0.0,
      18.337834755058825,
      16.639625984122286,
      -1.5590177090559272,
      -13.793242940653498,
      -13.92513726336534,
      -6.6790042453072695,
      0.8232900201625022,
      4.349100324209723
    ],
    "AP": [
      0.0,
      0.13881722879799424,
      0.25054599479619655,
      0.29142175239169077,
      0.2879939628999203,
      0.25702844325412916,
      0.20328091058844236,
      0.13552452903260553,
      0.07480359317939253
    ],
    "D": [
      0.0,
      15.948056834091018,
      26.34312387918319,
      29.787857799850144,
      29.04252273551684,
      25.619964824911506,
      19.919261589396086,
      12.969638052856428,
      7.0012035755140145
    ]
  },
  "elapsed_s": 783.3544545173645,
  "failed": false
}