{
  "seed": 63,
  "best_x": [
    0.26918801581296037,
    0.24826490935658016,
    18.97511968694761,
    16.973512936896384,
    13.553022924582649,
    148.71774384574564,
    3.9229019636402,
    999.7640643856349,
    9.285694908157806,
    1.6848821096735644,
    3.585433621437288,
    34.62957452350281,
    34.149065560655124,
    10.250893012337627,
    6.007004855883755,
    0.7072371261812349,
    10.785652721135364,
    99.65428852684337,
    6.234350900380805,
    0.5756923908944509,
    58.83202534202864,
    599.995080650393,
    44.08869053109289,
    3.252042511406274,
    5.335183067825357,
    0.4269219924309322
  ],
  "best_cost": 0.899347606567551,
  "decomp_synth": {
    "total": 0.899347606567551,
    "failed": false,
    "g1_total": 0.6735270681781886,
    "g2_total": 0.22518536843097708,
    "g1_per_observable": {
      "recalc": 0.1751149881382165,
      "thrombin": 0.0682273986370284,
      "fib": 0.14460521103814344,
      "xiii": 0.07362293262299982,
      "AP": 0.1109132578423671,
      "D": 0.10104327989943343
    },
    "g2_per_observable": {
      "recalc": 0.020856351151208506,
      "thrombin": 0.027823325680561097,
      "fib": 0.05308788334648557,
      "xiii": 0.03312671280957635,
      "AP": 0.022144863749458066,
      "D": 0.06814623169368748
    },
    "constraint": 0.0003175849791926765,
    "constraint_weighted": 0.000635169958385353,
    "saturation_penalty": 0.0,
    "w_group": [
      1.0,
      1.0
    ]
  },
  "g1_predictions": {
    "recalc": [
      0.0,
      -33.10445060597649,
      -13.842805343129683,
      17.97927092953072,
      35.638806256424814,
      39.94717117641066,
      40.5687045037615,
      51.06136927797237,
      86.46071969839863,
      135.40269400986392,
      166.6483481878563,
      171.37687867207288,
      149.3753287259016,
      111.54397861878269,
      72.59672510674959,
      3.246218762108234
    ],
    "thrombin": [
      0.0,
      -5.325156254377438,
      -3.6734656641589067,
      -0.48063730568214824,
      1.6218530212589677,
      2.5398822083589288,
      3.0112343514730973,
      4.132218801212602,
      7.025992034651486,
      10.75616472842654,
      13.090399648900572,
      13.43699872347473,
      11.805661525446846,
      8.986297357359403,
      6.058331315595996,
      0.5347548545311034
    ],
    "fib": [
      0.0,
      17.182377984287207,
      12.877919693723573,
      -1.5377168000719426,
      -10.102600927890126,
      -11.863321246154609,
      -10.524057863470578,
      -10.833298921559427,
      -20.929637210991014,
      -40.40616370420433,
      -53.78046578348108,
      -55.70228041694803,
      -45.56570819892362,
      -28.920513952270444,
      -12.662000284249237,
      6.993252361284608
    ],
    "xiii": [
      0.0,
      30.343505772912728,
      50.503841271890906,
      37.03236195972385,
      24.05105867909914,
      9.363334570839704,
      2.356014809913228,
      4.104971816720548,
      -1.5155762405124769,
      -35.58150557610642,
      -55.05312438050548,
      -61.08546133266328,
      -52.933457474561905,
      -51.79232917847899,
      -33.05766975654222,
      15.46752811697358
    ],
    "AP": [
      0.0,
      0.13788241320593878,
      0.31322017301156496,
      0.3992991879255205,
      0.418165457108544,
      0.4045946434514876,
      0.39590642434402534,
      0.4418072275873718,
      0.5577387148361813,
      0.66239301760862,
      0.7114957469029879,
      0.7047259387105523,
      0.647800209057818,
      0.5540034284693456,
      0.4489747193375939,
      0.13207867850544416
    ],
    "D": [
      0.0,
      13.415715610283426,
      28.708891696946182,
      35.96296660393356,
      37.390095140950514,
      36.09461071825941,
      35.4621632322031,
      39.97589142476816,
      50.572500039812354,
      59.639571399506586,
      63.768343612023514,
      62.8591778271001,
      57.5413638816909,
      49.001703063451686,
      39.62573734979842,
      11.64197479243034
    ]
  },
  "g2_predictions": {
    "recalc": [
      0.0,
      -32.87364207711516,
      -22.461274038014743,
      -5.11737939105582,
      5.799408789931164,
      9.089954944388833,
      6.286305701042842,
      1.246911645594059,
      -1.5954643389160639
    ],
    "thrombin": [
      0.0,
      -5.322887639849931,
      -4.436608084112464,
      -2.339863885189681,
      -0.7353598451512342,
      0.0868154641567338,
      0.21815119767931201,
      -0.00866981137962386,
      -0.17883015238793123
    ],
    "fib": [
      0.0,
      16.585576284361764,
      12.476405468425927,
      3.610791116047528,
      -1.9502404762599284,
      -3.950052742653689,
      -3.999790420811472,
      -4.110665574503695,
      -5.197041068851181
    ],
    "xiii": [
      0.0,
      19.33889782337019,
      18.943175769686867,
      3.0272683329935046,
      -8.837067456343485,
      -11.268196402722097,
      -6.627557502423956,
      -0.19194032953553108,
      3.528999424170983
    ],
    "AP": [
      0.0,
      0.1320864538968214,
      0.24168874850501437,
      0.2865142419578287,
      0.2914648862036781,
      0.26701488206535773,
      0.21431050943054566,
      0.14297791373148835,
      0.07829581856455257
    ],
    "D": [
      0.0,
      12.60817761029926,
      22.008124004572764,
      25.73954636913677,
      26.009100348958047,
      23.677983461851802,
      18.829067075178372,
      12.406837657178656,
      6.718766281158828
    ]
  },
  "elapsed_s": 1505.6630954742432,
  "failed": false
}