{
  "seed": 53,
  "best_x": [
    0.30938892899793746,
    0.2862829364372682,
    2.4022157522281296,
    2.158602972618742,
    10.381823867113567,
    328.01472064709344,
    6.759827374122265,
    631.1118468103762,
    9.261830917617946,
    2.0164578372148423,
    2.962490063975718,
    37.165925688763906,
    42.52370721122395,
    8.257933315681555,
    5.4355658792833665,
    0.5153278474320144,
    11.780200249920213,
    137.63504236523931,
    6.29071283533804,
    0.9777153247069053,
    57.58500702573308,
    599.9709231400884,
    34.042235183537414,
    2.3861133826524963,
    5.0566518042349,
    0.395392726591385
  ],
  "best_cost": 0.9838441316966462,
  "decomp_synth": {
    "total": 0.9838441316966462,
    "failed": false,
    "g1_total": 0.7441663078930298,
    "g2_total": 0.23704828092079155,
    "g1_per_observable": {
      "recalc": 0.10921150092992346,
      "thrombin": 0.1447054073195429,
      "fib": 0.18415378095346266,
      "xiii": 0.10849545811466102,
      "AP": 0.11706156178647438,
      "D": 0.08053859878896542
    },
    "g2_per_observable": {
      "recalc": 0.013116713740181474,
      "thrombin": 0.022285579978051567,
      "fib": 0.051305466507579015,
      "xiii": 0.04452624098165945,
      "AP": 0.024135927557569246,
      "D": 0.08167835215575081
    },
    "constraint": 0.001314771441412409,
    "constraint_weighted": 0.002629542882824818,
    "saturation_penalty": 0.0,
    "w_group": [
      1.0,
      1.0
    ]
  },
  "g1_predictions": {
    "recalc": [
      0.0,
      -36.467922122598225,
      -22.472873043198984,
      13.688848260281858,
      37.07620621575502,
      45.19533647390857,
      48.76401732822356,
      59.64089247499723,
      86.63722823644139,
      122.80488942301301,
      148.83954588935325,
      158.16878921745737,
      146.58013536101777,
      118.10370612399183,
      81.52563902645932,
      1.9336367759641977
    ],
    "thrombin": [
      0.0,
      -4.946483162421756,
      -3.6575538335862117,
      -0.3981180749130977,
      1.8942111737562928,
      2.963740468295459,
      3.569287741243169,
      4.583113241837738,
      6.626406048326575,
      9.192534957376505,
      11.000326556531748,
      11.644723010712744,
      10.85970833302875,
      8.912550468065096,
      6.384003207456685,
      0.46786897225616625
    ],
    "fib": [
      0.0,
      15.91525340695095,
      16.388196147661045,
      -0.24594152557618543,
      -12.086723110291679,
      -15.166009569230749,
      -14.519053142800537,
      -15.94468819188647,
      -25.2479895157549,
      -41.455605378491356,
      -53.83356950495443,
      -57.74597912356819,
      -50.43891918574021,
      -34.534570639200794,
      -15.52718216175398,
      10.421398538224976
    ],
    "xiii": [
      0.0,
      27.51070990026438,
      60.97460392271955,
      52.63334014423792,
      33.650596285267014,
      11.141217533279992,
      -3.4118925150637582,
      -5.408051780464,
      -9.330705389722961,
      -36.86567318433376,
      -53.63030066629197,
      -60.84987259763845,
      -59.71982414467106,
      -68.86422958477982,
      -54.14732038777175,
      22.148000362047465
    ],
    "AP": [
      0.0,
      0.0861675340769658,
      0.27209489007962634,
      0.39208762967448074,
      0.43339283318164185,
      0.4336192224494604,
      0.4321665455213711,
      0.4646489636342578,
      0.5419015760101595,
      0.6236716903478295,
      0.6722882123641024,
      0.6839454854746282,
      0.653914411612721,
      0.5860061842215856,
      0.4911994644802737,
      0.13096717987108958
    ],
    "D": [
      0.0,
      15.057233515025237,
      31.319281406459897,
      38.379120474658656,
      39.52419629970522,
      38.668802401078985,
      39.25532398326489,
      44.143511737097384,
      52.44009059331174,
      58.780488332729774,
      61.75134472058954,
      61.05091697374294,
      56.71985684279813,
      49.096516519860984,
      39.98113805220817,
      10.2117987097173
    ]
  },
  "g2_predictions": {
    "recalc": [
      0.0,
      -36.107295655025666,
      -25.63398547752418,
      -6.9760682166328465,
      2.819950837018027,
      5.331309348458731,
      3.728683553635097,
      0.43699259430383997,
      -1.929641849331496
    ],
    "thrombin": [
      0.0,
      -4.867579387365563,
      -3.9458999837189905,
      -1.9596457356492376,
      -0.6277842906779614,
      0.019774090834878244,
      0.19203519503725208,
      0.08685935484089513,
      -0.061409365436874086
    ],
    "fib": [
      0.0,
      17.878308092325742,
      15.183759610980111,
      4.709028999312995,
      -1.2314413652430645,
      -2.8950983177815033,
      -2.6939328144195365,
      -2.639070729343347,
      -3.8195948278420175
    ],
    "xiii": [
      0.0,
      21.56107823801334,
      25.054295733667352,
      4.327452188480415,
      -10.842112654183406,
      -12.848312941408826,
      -7.255230696657085,
      -0.1538725496280806,
      4.9421505610786935
    ],
    "AP": [
      0.0,
      0.10742101037321854,
      0.23777226486068637,
      0.28960427723913146,
      0.28858501021962835,
      0.26167001938050943,
      0.21854788331270414,
      0.1625383461680024,
      0.10443182634506606
    ],
    "D": [
      0.0,
      16.341405736457133,
      25.11762310467483,
      26.81583200281486,
      25.217481850099272,
      22.03778355055291,
      17.545081143532425,
      12.116398716652943,
      7.138137782892071
    ]
  },
  "elapsed_s": 784.4858129024506,
  "failed": false
}