{
  "seed": 68,
  "best_x": [
    0.26551524958819395,
    0.24956272729714357,
    16.739558880734503,
    14.389675910135015,
    0.47046105671143357,
    56.90282296900669,
    1.5394722887246044,
    102.27059897719033,
    8.878486010339358,
    1.6891127848360585,
    2.633615902169863,
    30.00426218981343,
    28.962162309908724,
    10.061371362873501,
    4.622411893382743,
    0.6024431709237957,
    9.95177017703765,
    101.87292874926115,
    6.946624807860012,
    12.265225926169595,
    63.39947330460228,
    599.7237330372718,
    49.906529104170545,
    3.359978890804626,
    4.91692612762247,
    0.46963402650298525
  ],
  "best_cost": 0.7861155771078439,
  "decomp_synth": {
    "total": 0.7861155771078439,
    "failed": false,
    "g1_total": 0.5704363280939547,
    "g2_total": 0.21410678550591505,
    "g1_per_observable": {
      "recalc": 0.1401365022908974,
      "thrombin": 0.0874519621317492,
      "fib": 0.13209718516528907,
      "xiii": 0.0915781799520625,
      "AP": 0.06832789514941486,
      "D": 0.05084460340454162
    },
    "g2_per_observable": {
      "recalc": 0.008924541948883575,
      "thrombin": 0.03111204041689387,
      "fib": 0.06542841662334858,
      "xiii": 0.03812385863845079,
      "AP": 0.02095922209856253,
      "D": 0.04955870577977568
    },
    "constraint": 0.0007862317539870625,
    "constraint_weighted": 0.001572463507974125,
    "saturation_penalty": 0.0,
    "w_group": [
      1.0,
      1.0
    ]
  },
  "g1_predictions": {
    "recalc": [
      0.0,
      -29.945191255942973,
      -17.107831904436164,
      14.101225637096256,
      36.42392683692468,
      44.79271819718252,
      46.77913492247052,
      54.20120274837524,
      79.15489226556939,
      116.63581989541262,
      142.68209982800315,
      146.78610424386926,
      128.00039752239627,
      96.48797375359752,
      64.55228605764106,
      3.751172248704443
    ],
    "thrombin": [
      0.0,
      -4.180515789581047,
      -3.168318750102979,
      -0.5232701920992517,
      1.5053589647981713,
      2.4978379324209476,
      2.9622135699629792,
      3.7152080278503807,
      5.524613080523364,
      7.996846253786316,
      9.657697031299055,
      9.891764676295903,
      8.661958855203963,
      6.615388145694244,
      4.536972787563231,
      0.4211432015372443
    ],
    "fib": [
      0.0,
      18.915592458450135,
      20.053570222157525,
      5.184404163859574,
      -7.277783843700622,
      -11.929993324433688,
      -11.378749163905477,
      -10.523109861774559,
      -17.59636770221465,
      -35.05712815542749,
      -49.222151304230294,
      -52.81351675670535,
      -44.62433151845126,
      -30.063040968193388,
      -15.463649866372112,
      5.6299071050381215
    ],
    "xiii": [
      0.0,
      31.751502692434308,
      58.545736411480426,
      45.08338236284626,
      22.89753309041683,
      -0.6771977000843701,
      -11.4102448628859,
      -7.979654896065732,
      -7.968699597808791,
      -38.59982039844423,
      -62.94462568863324,
      -74.5624857120194,
      -69.55144685614074,
      -66.83655644323304,
      -46.3467364984307,
      10.757295044377965
    ],
    "AP": [
      0.0,
      0.139377492896365,
      0.32049595959854305,
      0.41030640125580325,
      0.43115950917898466,
      0.4205021266369013,
      0.4174867248526062,
      0.46529584712199007,
      0.5667623977458541,
      0.6500565762958851,
      0.6801635168225009,
      0.6570789511938973,
      0.587207621676143,
      0.4898378827176896,
      0.3910389452949716,
      0.11350823851097194
    ],
    "D": [
      0.0,
      13.24042810123778,
      28.36382599502798,
      35.56343704063691,
      37.05762714239588,
      36.06279151083147,
      35.97812110926712,
      40.48284956986322,
      49.36571033087231,
      56.1999597258255,
      58.50305789777606,
      56.189143125935956,
      49.960375483516614,
      41.49345982597071,
      33.06160899042494,
      9.5883789507086
    ]
  },
  "g2_predictions": {
    "recalc": [
      0.0,
      -29.74563559212099,
      -23.338164655438145,
      -7.537166007563872,
      3.960797333796279,
      9.19786644207283,
      8.994368176183851,
      5.379609205879712,
      1.6948805115705854
    ],
    "thrombin": [
      0.0,
      -4.195533599409468,
      -3.696982769137993,
      -2.0610140910229466,
      -0.7088195482932851,
      0.08099841829223253,
      0.34239078137629275,
      0.2404693018422578,
      0.05150673476596895
    ],
    "fib": [
      0.0,
      17.505198248342474,
      17.007930330212304,
      8.692414352537199,
      2.369099789443734,
      -0.8357783183436815,
      -2.1651566117290955,
      -2.85189753203122,
      -3.541802372323648
    ],
    "xiii": [
      0.0,
      20.48686124128892,
      24.46934876165473,
      8.863782108285612,
      -5.727919769102345,
      -11.748136243911693,
      -10.604600928178948,
      -5.9952179118784175,
      -1.2590573498527318
    ],
    "AP": [
      0.0,
      0.12382729666515797,
      0.23076312502800855,
      0.27069709311943013,
      0.2752406224104409,
      0.25585086874215557,
      0.21139871685844966,
      0.14730048980421362,
      0.08523597901476265
    ],
    "D": [
      0.0,
      11.537593736576426,
      20.243136358198434,
      23.37643777401587,
      23.60645203156027,
      21.802929017615806,
      17.83604777336897,
      12.259573950684183,
      7.00539112213932
    ]
  },
  "elapsed_s": 617.0294327735901,
  "failed": false
}