{
  "results": [
    {
      "seed": 3,
      "best_cost": 0.9608230999285996,
      "elapsed_min": 12.333697279294332,
      "best_x": [
        0.36561566230467335,
        0.45470816422164995,
        19.672494594362266,
        17.528575104238424,
        25.40963501831242,
        204.74840668107748,
        3.8646536021016424,
        822.5356606378336,
        9.482849138251254,
        2.0169504425380183,
        3.60998991413328,
        34.56013741335141,
        29.737452440899578,
        6.856811298940767,
        5.552865740815406,
        0.513855489589119,
        11.498176346685685,
        99.71355887110894,
        4.951943180402423,
        0.28546922958409215,
        69.77329915542896,
        575.1210696667621,
        32.648890252591514,
        2.6601825083316726,
        4.433109426842138,
        0.4266040194710641
      ],
      "rel_diff_mean": 3.042614838931188,
      "rel_diff_max": 65.55503099172921,
      "rel_diff_max_excluding_kca": 5.945490688958165
    },
    {
      "seed": 7,
      "best_cost": 0.7684242963009856,
      "elapsed_min": 14.713214727242788,
      "best_x": [
        0.23351138451266257,
        0.22601454223380046,
        9.854976621643122,
        9.055732424941676,
        3.8900324531874446,
        459.2946878005333,
        7.194917691143699,
        997.3624727917563,
        9.24886398027456,
        1.691372623846474,
        3.9472515289405505,
        36.54646830236857,
        40.35923205571,
        5.6180386725051505,
        5.458780900240609,
        0.309678102415341,
        8.766878338585517,
        102.59633810308921,
        4.1137681974663325,
        1.4606234699837086,
        48.08250714249858,
        599.9576421515212,
        26.88228188560053,
        2.807605323352596,
        5.063305000117795,
        0.43373354525484065
      ],
      "rel_diff_mean": 0.837148425993883,
      "rel_diff_max": 9.189096785301802,
      "rel_diff_max_excluding_kca": 7.421728199504167
    },
    {
      "seed": 17,
      "best_cost": 0.9630538545311774,
      "elapsed_min": 14.519332007567089,
      "best_x": [
        0.2661728854121572,
        0.2693101378249644,
        11.563078758694445,
        10.946878078984525,
        0.8224781694147221,
        181.30372262795768,
        2.689186940068874,
        63.5186091406904,
        9.119457754255397,
        1.7514370503671723,
        4.161229863313593,
        29.835126415114487,
        30.785593837419142,
        4.792176152237719,
        5.205570383947217,
        0.30297189351565124,
        7.380465849317944,
        76.51009537267328,
        3.651058938767834,
        4.886136013027025,
        36.40112856348493,
        402.40482517008525,
        17.714888886830458,
        2.321860374179879,
        4.793389643770201,
        0.4267293068013326
      ],
      "rel_diff_mean": 0.2501703538288049,
      "rel_diff_max": 1.15430327968235,
      "rel_diff_max_excluding_kca": 0.6144057180506077
    }
  ]
}