{
  "obs_keys": [
    "recalc",
    "thrombin",
    "fib",
    "xiii",
    "AP",
    "D"
  ],
  "sigmas_g1": {
    "recalc": 34.66182820233367,
    "thrombin": 2.282467602385382,
    "fib": 14.122221107271335,
    "xiii": 16.25317916168862,
    "AP": 0.08448338067898811,
    "D": 5.37550425521464
  },
  "sigmas_g2": {
    "recalc": 3.7880181621717686,
    "thrombin": 0.4916944246628903,
    "fib": 5.940626827129228,
    "xiii": 6.104862998823341,
    "AP": 0.019393094337837636,
    "D": 5.100679511640206
  }
}