{
  "seed": 3,
  "sigma_pct": 10,
  "best_x": [
    0.2395136387366842,
    0.2202802340469817,
    17.21194162067581,
    15.675125448705444,
    26.892950167574497,
    278.79860746678924,
    7.439621704482727,
    106.95312253935973,
    9.158142127181485,
    1.6790940835487047,
    3.303051244197395,
    33.28957836891614,
    36.69099474160211,
    9.671926564955012,
    5.786098584296306,
    0.6536713983361903,
    9.873445648046282,
    91.1939913404598,
    6.58592960014172,
    0.17225109125230237,
    63.639503338938596,
    599.9942272495745,
    47.87277815817993,
    3.278137514683619,
    4.982953032705041,
    0.4282763804305014
  ],
  "best_cost": 1.0010770185745073,
  "r2_g1": {
    "recalc": 0.8151307648945727,
    "thrombin": 0.8717930136243285,
    "fib": 0.6976781736430828,
    "xiii": 0.7932858114083241,
    "AP": 0.8075464534954758,
    "D": 0.8870504665251793
  },
  "r2_g2": {
    "recalc": 0.9110413704865012,
    "thrombin": 0.9440064429400996,
    "fib": 0.4910054677846727,
    "xiii": 0.2890037448991486,
    "AP": 0.9589686506820881,
    "D": 0.7885548524444304
  },
  "avg_r2_g1": 0.8120807805984939,
  "avg_r2_g2": 0.7304300882061567,
  "elapsed_s": 702.2148745059967
}