{
  "seed": 20,
  "sigma_pct": 10,
  "best_x": [
    1.0006255031451885,
    2.263238167851347,
    5.054677121499225,
    4.699159729549689,
    2.1374478231898992,
    338.17289925534396,
    5.875047374090599,
    57.57666670867273,
    9.907315189875117,
    2.592552888593895,
    6.3055959687593734,
    36.9433684947468,
    35.721182473379585,
    6.545434262231468,
    6.025670200657406,
    0.4422846414008791,
    11.696113141413601,
    96.19724163943127,
    4.559245776896594,
    2.646729194752532,
    64.9789480748856,
    599.9874994962299,
    30.14635229350675,
    3.2576513326576713,
    3.6530442949410196,
    0.40448177580264943
  ],
  "best_cost": 1.0499821812272236,
  "r2_g1": {
    "recalc": 0.7849483516994226,
    "thrombin": 0.8626064202764292,
    "fib": 0.7658632991195023,
    "xiii": 0.9211278302849883,
    "AP": 0.787485206599956,
    "D": 0.8279150575499868
  },
  "r2_g2": {
    "recalc": 0.7712048759939433,
    "thrombin": 0.8839533460450402,
    "fib": 0.34702979019047864,
    "xiii": 0.5751851831140549,
    "AP": 0.7770188803532225,
    "D": 0.5364522714771702
  },
  "avg_r2_g1": 0.8249910275883808,
  "avg_r2_g2": 0.6484740578623183,
  "elapsed_s": 820.4214906692505
}