{
  "seed": 10,
  "sigma_pct": 10,
  "best_x": [
    1.8162675501517451,
    4.98701287470495,
    18.71481660942835,
    17.120034106812966,
    4.855750970250636,
    260.6248795748902,
    7.3600359204164985,
    387.4778800058791,
    10.19430030697399,
    2.9578294172985613,
    6.7966765780960845,
    36.30734076550474,
    35.93025893243459,
    10.244739257172412,
    6.07046098571486,
    0.69397610548688,
    12.478067192032398,
    108.84136705995013,
    7.996745301179903,
    1.346128812743606,
    57.84399914557934,
    599.9864718653531,
    48.32822701759247,
    2.4313817177072554,
    3.395899860730289,
    0.389835941386973
  ],
  "best_cost": 1.0630646785930473,
  "r2_g1": {
    "recalc": 0.7075757560011553,
    "thrombin": 0.8120967266235208,
    "fib": 0.8349069157801046,
    "xiii": 0.9229975169760991,
    "AP": 0.7624430333265315,
    "D": 0.8660425441174839
  },
  "r2_g2": {
    "recalc": 0.7104507995287055,
    "thrombin": 0.834478781345247,
    "fib": 0.3547759568826888,
    "xiii": 0.8030607623982474,
    "AP": 0.7383648113059824,
    "D": 0.5361469068197364
  },
  "avg_r2_g1": 0.8176770821374824,
  "avg_r2_g2": 0.6628796697134346,
  "elapsed_s": 1231.3468186855316
}