{
  "seed": 11,
  "sigma_pct": 10,
  "best_x": [
    1.7743422107632099,
    4.464440425914106,
    9.977841903721888,
    9.19502595742057,
    6.793934459739491,
    479.9882104455292,
    9.810418709248147,
    24.95676272836014,
    10.179747074067809,
    2.8374697272457725,
    6.083977973908061,
    38.03781642888468,
    36.33893443269355,
    7.640219804405042,
    6.215663728232206,
    0.5189487549365197,
    12.815408978279962,
    107.37601472147014,
    5.756321115523399,
    0.9817331348922842,
    62.72136219920895,
    599.9597276438533,
    35.17787470654058,
    3.0905748252579186,
    3.2753668996076772,
    0.40962762356969756
  ],
  "best_cost": 1.0450372280379983,
  "r2_g1": {
    "recalc": 0.7429736195616943,
    "thrombin": 0.8471863529844185,
    "fib": 0.7967380440138949,
    "xiii": 0.9349323616309293,
    "AP": 0.7596253955093611,
    "D": 0.8564638474455748
  },
  "r2_g2": {
    "recalc": 0.7182312171499777,
    "thrombin": 0.8454105838308015,
    "fib": 0.3458301640704916,
    "xiii": 0.7905862021124229,
    "AP": 0.7520921156721605,
    "D": 0.5681958868158012
  },
  "avg_r2_g1": 0.8229866035243122,
  "avg_r2_g2": 0.6700576949419426,
  "elapsed_s": 1153.491869688034
}