{
  "seed": 13,
  "sigma_pct": 10,
  "best_x": [
    0.26014546162072516,
    0.23541114602796598,
    19.998776247833046,
    17.865154383593044,
    35.29773850613314,
    263.9214539538184,
    6.267762330971331,
    14.61057579719066,
    9.354804009203622,
    1.7389828285759128,
    3.0210407211260155,
    34.151150593998295,
    35.247901093528014,
    8.340054426962705,
    5.962311542497411,
    0.5601740681476682,
    11.851743490541573,
    115.41293894175521,
    6.625385870458608,
    0.19083155737900515,
    69.89932244476233,
    548.2542944030985,
    37.570682810446726,
    4.9156650586850645,
    4.796707680968228,
    0.4186522670403521
  ],
  "best_cost": 0.9706356374455493,
  "r2_g1": {
    "recalc": 0.7787277470412212,
    "thrombin": 0.8623849653118801,
    "fib": 0.7163797905073491,
    "xiii": 0.8237082064435424,
    "AP": 0.830007272622488,
    "D": 0.9213196372580812
  },
  "r2_g2": {
    "recalc": 0.9303523962727094,
    "thrombin": 0.9423642091034431,
    "fib": 0.43499183829440813,
    "xiii": 0.7898125645956203,
    "AP": 0.945109458424783,
    "D": 0.7764999508148313
  },
  "avg_r2_g1": 0.8220879365307604,
  "avg_r2_g2": 0.8031884029176326,
  "elapsed_s": 783.7658519744873
}