{
  "seed": 17,
  "sigma_pct": 10,
  "best_x": [
    0.6521781976517523,
    1.3640963296396182,
    18.01986664940158,
    16.90338521123026,
    5.197935116606654,
    422.26155842089383,
    8.637165232418493,
    43.45605169362059,
    10.087350633946457,
    2.7493301859426866,
    5.56261465921373,
    39.25842450144849,
    36.816138592051885,
    7.851928718636422,
    6.259358017195405,
    0.5312621822060856,
    13.338537141951717,
    106.25295371158515,
    5.842293145091339,
    1.2470736835096812,
    53.046324624043365,
    599.969794717211,
    33.85567302688196,
    2.490020352385927,
    3.6527867370044573,
    0.40573289156785797
  ],
  "best_cost": 1.0391422274212334,
  "r2_g1": {
    "recalc": 0.7461558581702739,
    "thrombin": 0.8370086760408162,
    "fib": 0.8115157475076514,
    "xiii": 0.902275002613629,
    "AP": 0.7728166026033987,
    "D": 0.9063591949719105
  },
  "r2_g2": {
    "recalc": 0.780819525866487,
    "thrombin": 0.8838894581893867,
    "fib": 0.34215049899422056,
    "xiii": 0.5897785124832746,
    "AP": 0.7680956292086354,
    "D": 0.5415802013024047
  },
  "avg_r2_g1": 0.8293551803179467,
  "avg_r2_g2": 0.6510523043407348,
  "elapsed_s": 1130.0391805171967
}