{
  "seed": 7,
  "sigma_pct": 10,
  "best_x": [
    1.4275323069283985,
    3.3741833508938024,
    3.976331848682579,
    3.6978997741927624,
    9.167152380932862,
    244.59491486139234,
    5.552101414033466,
    32.59928141348345,
    9.905578245907428,
    2.706501861139112,
    6.117662753054553,
    35.60681611617722,
    34.65642264664659,
    8.339828861554512,
    5.9264855404373185,
    0.5739273569772139,
    12.17988251326811,
    97.34574336905088,
    6.026460522382825,
    0.6496113894788003,
    60.02562021452465,
    599.9984752790258,
    39.01049496530297,
    2.9064159507874923,
    3.3964742580546123,
    0.40153668646265406
  ],
  "best_cost": 1.0760063612591553,
  "r2_g1": {
    "recalc": 0.7477183537917751,
    "thrombin": 0.8451265941582162,
    "fib": 0.7964580224678552,
    "xiii": 0.9022784117831715,
    "AP": 0.7818606573431882,
    "D": 0.8244602372685541
  },
  "r2_g2": {
    "recalc": 0.7319556053243406,
    "thrombin": 0.8663397668961231,
    "fib": 0.33065792560789675,
    "xiii": 0.6174308076133461,
    "AP": 0.7696805615465345,
    "D": 0.5398754176376844
  },
  "avg_r2_g1": 0.8163170461354601,
  "avg_r2_g2": 0.6426566807709876,
  "elapsed_s": 917.8205211162567
}