{
  "seed": 4,
  "sigma_pct": 10,
  "best_x": [
    0.2556096752149921,
    0.22731542793346388,
    19.981138949363423,
    18.356396701128606,
    9.799155132694064,
    243.5006068210152,
    6.161140464540502,
    6.221370620598541,
    9.28538454498118,
    1.6189740654918114,
    3.3260048150917507,
    34.244978307801254,
    36.31925787909353,
    9.288730317544731,
    5.875734063878969,
    0.6381498056254173,
    10.746478389203212,
    95.85576337051394,
    6.528338304290463,
    0.5249993844274726,
    69.93131349414247,
    599.8248055394049,
    42.0024016516993,
    5.2070286140830015,
    4.732448612382649,
    0.42721469336424045
  ],
  "best_cost": 0.9470467127966455,
  "r2_g1": {
    "recalc": 0.7971923985887034,
    "thrombin": 0.8735570488334116,
    "fib": 0.6975855677505677,
    "xiii": 0.8674537988684831,
    "AP": 0.8230318225614727,
    "D": 0.9171492991891107
  },
  "r2_g2": {
    "recalc": 0.917594266016746,
    "thrombin": 0.9460666346925277,
    "fib": 0.4783462034829429,
    "xiii": 0.6988177914540316,
    "AP": 0.9591137215289831,
    "D": 0.7797296214073621
  },
  "avg_r2_g1": 0.8293283226319583,
  "avg_r2_g2": 0.7966113730970988,
  "elapsed_s": 1161.43261384964
}