{
  "seed": 16,
  "sigma_pct": 10,
  "best_x": [
    0.25683246695827666,
    0.23622669941567587,
    17.470139019613384,
    15.995675607623745,
    5.415687275138437,
    254.80710819232166,
    6.873886572959776,
    149.99420250417592,
    9.343002232122103,
    1.7038150976247124,
    3.514843582598501,
    33.42363321557457,
    35.955321557773686,
    9.794187262620373,
    5.840618833615299,
    0.6754368018800923,
    10.924313400264648,
    97.70618016737032,
    7.022269433114044,
    0.9908758531379078,
    68.01268667805269,
    599.9628893883566,
    47.81942553367233,
    3.1835247099899284,
    4.961948422005193,
    0.42240642829391817
  ],
  "best_cost": 0.9361708591776041,
  "r2_g1": {
    "recalc": 0.7864636662263728,
    "thrombin": 0.8694102662953049,
    "fib": 0.7206914223463259,
    "xiii": 0.9151658221871357,
    "AP": 0.8188562345456112,
    "D": 0.918943160295059
  },
  "r2_g2": {
    "recalc": 0.9214763407706319,
    "thrombin": 0.9422475045384293,
    "fib": 0.4885659201952801,
    "xiii": 0.2184163115873915,
    "AP": 0.9646731764713834,
    "D": 0.7721446252747038
  },
  "avg_r2_g1": 0.8382550953159682,
  "avg_r2_g2": 0.71792064647297,
  "elapsed_s": 780.3256170749664
}