{
  "seed": 18,
  "sigma_pct": 10,
  "best_x": [
    1.4895014690347308,
    4.088213322297078,
    14.342227381185404,
    13.293635514735513,
    11.038662343873991,
    568.3673447868457,
    6.548786523768344,
    191.80369898041454,
    10.155734855028017,
    2.9266311503308344,
    6.342626050382425,
    36.5597002602327,
    36.79522767058381,
    4.312954326195328,
    6.006369504527585,
    0.2877690842195504,
    11.896151348317652,
    104.81274651668974,
    3.211396141394018,
    0.5617452683066329,
    68.25788715542441,
    599.9711840714377,
    21.85524557340733,
    2.8901405978854626,
    3.3136596162708414,
    0.3965088092774607
  ],
  "best_cost": 1.083338738178797,
  "r2_g1": {
    "recalc": 0.7424514507014035,
    "thrombin": 0.8241788080506671,
    "fib": 0.8158800039108143,
    "xiii": 0.8799378095195032,
    "AP": 0.7613040896818628,
    "D": 0.8600256756191953
  },
  "r2_g2": {
    "recalc": 0.7219536182891833,
    "thrombin": 0.8472240110961323,
    "fib": 0.36509330856346034,
    "xiii": 0.7045045479828738,
    "AP": 0.7490313657909793,
    "D": 0.5305959701906897
  },
  "avg_r2_g1": 0.8139629729139077,
  "avg_r2_g2": 0.6530671369855532,
  "elapsed_s": 953.7534549236298
}