{
  "seed": 9,
  "sigma_pct": 10,
  "best_x": [
    0.8679910279629444,
    2.0352274403793116,
    13.466212535024557,
    12.50801024700265,
    2.0383811404384433,
    680.3777889107197,
    9.999815459064038,
    75.46069845578567,
    10.196470127096891,
    2.817502601725164,
    5.708547001764855,
    37.55841451272935,
    35.01995291095763,
    5.547943657243593,
    6.175153004370186,
    0.37961140872259536,
    13.363425215900794,
    112.19298581679982,
    4.322384809917969,
    3.477412909307288,
    55.78417125411397,
    599.9768739220117,
    26.05802934296525,
    2.76718869982192,
    3.5366264017592925,
    0.4072863591129108
  ],
  "best_cost": 1.0626138066810926,
  "r2_g1": {
    "recalc": 0.7258936320660003,
    "thrombin": 0.8388732286825915,
    "fib": 0.8202505832951159,
    "xiii": 0.8837725541346253,
    "AP": 0.7568621131276253,
    "D": 0.9078908072066966
  },
  "r2_g2": {
    "recalc": 0.7438613150591635,
    "thrombin": 0.8496249057868367,
    "fib": 0.3225127628095954,
    "xiii": 0.7515103366518083,
    "AP": 0.7348659907247758,
    "D": 0.5206628988329425
  },
  "avg_r2_g1": 0.8222571530854424,
  "avg_r2_g2": 0.6538397016441869,
  "elapsed_s": 1353.3693380355835
}