{
  "seed": 15,
  "sigma_pct": 10,
  "best_x": [
    0.24168959771722956,
    0.21038350200061906,
    19.999579859964797,
    18.597931072069855,
    0.10022730001619304,
    276.1822068005995,
    6.101669843018671,
    43.64545090084299,
    9.192128383215675,
    1.5756455667186189,
    3.480717015300169,
    33.22525175032662,
    37.14206173293722,
    8.142304016497889,
    5.8074596039208295,
    0.5510242166690169,
    6.507600713812565,
    60.53241051733973,
    4.766847492329931,
    0.11877775315316709,
    65.60713070193628,
    599.9733888221688,
    39.975348885781486,
    3.928870087964796,
    4.888910865177193,
    0.4338316008592856
  ],
  "best_cost": 1.0038295802803245,
  "r2_g1": {
    "recalc": 0.814454518206059,
    "thrombin": 0.8729294899624618,
    "fib": 0.6871012328690194,
    "xiii": 0.8130990987233612,
    "AP": 0.8071188039376382,
    "D": 0.8877697142307508
  },
  "r2_g2": {
    "recalc": 0.9274110859881339,
    "thrombin": 0.9407337672692262,
    "fib": 0.39147279788051326,
    "xiii": 0.2522407942803643,
    "AP": 0.9668023367480054,
    "D": 0.7771384578821806
  },
  "avg_r2_g1": 0.8137454763215484,
  "avg_r2_g2": 0.7092998733414039,
  "elapsed_s": 1473.775982618332
}