{
  "seed": 12,
  "sigma_pct": 10,
  "best_x": [
    0.2711196128351565,
    0.2819124728157276,
    8.007256124261835,
    7.241288501211692,
    2.6280060492899793,
    180.42424377404174,
    3.7456227912343962,
    26.231141692261403,
    9.189646168396278,
    1.8600472827662484,
    3.485445880612803,
    33.547850598846466,
    38.55972285917793,
    7.500778013603949,
    5.726747407245963,
    0.5021472901495515,
    9.892484479794708,
    89.29036476779825,
    5.119838530135508,
    1.7006050447721974,
    63.979686186306765,
    599.9322211323048,
    35.64001897852718,
    4.432338166077045,
    4.679617620496298,
    0.4348045386770695
  ],
  "best_cost": 0.9694737380968222,
  "r2_g1": {
    "recalc": 0.8027217896108046,
    "thrombin": 0.8655824954776353,
    "fib": 0.728000369201256,
    "xiii": 0.8607288477499899,
    "AP": 0.8349932739048102,
    "D": 0.8817554508139109
  },
  "r2_g2": {
    "recalc": 0.897988780810779,
    "thrombin": 0.9473666738595095,
    "fib": 0.49411563553900906,
    "xiii": 0.5636467580512248,
    "AP": 0.9529836954982243,
    "D": 0.7326558789634123
  },
  "avg_r2_g1": 0.8289637044597344,
  "avg_r2_g2": 0.7647929037870265,
  "elapsed_s": 902.5241079330444
}