{
  "seed": 1,
  "sigma_pct": 10,
  "best_x": [
    0.25047178690494143,
    0.2263148551989654,
    19.61026875215397,
    17.984990626137897,
    3.0973008765350034,
    300.7670513401157,
    5.018776199168439,
    44.24596133892225,
    9.212530362890874,
    1.692930049828128,
    3.2483308575831877,
    33.4407509178843,
    36.15077559188326,
    6.089204319100733,
    5.792641505336425,
    0.4174449818257578,
    10.418346094634316,
    95.65311066313195,
    4.323860137638329,
    1.5984662437603698,
    63.514738559400016,
    599.9766926749915,
    28.949887553018538,
    3.6563525255638116,
    4.859661585152182,
    0.42388010114342206
  ],
  "best_cost": 0.960886629189475,
  "r2_g1": {
    "recalc": 0.7904950850233333,
    "thrombin": 0.8597688074888494,
    "fib": 0.7273938809730512,
    "xiii": 0.8615208859778951,
    "AP": 0.8260726842164535,
    "D": 0.898493436671719
  },
  "r2_g2": {
    "recalc": 0.9128815620382963,
    "thrombin": 0.946397719730803,
    "fib": 0.4907578695118222,
    "xiii": 0.5265631068612449,
    "AP": 0.9601266263680978,
    "D": 0.7821040425782562
  },
  "avg_r2_g1": 0.827290796725217,
  "avg_r2_g2": 0.7698051545147533,
  "elapsed_s": 1455.1294102668762
}