{
  "seed": 19,
  "sigma_pct": 10,
  "best_x": [
    0.8656424448910249,
    2.06764163744458,
    9.45581583145552,
    8.72268789227014,
    2.238599597866699,
    601.8711209112869,
    7.100731506130067,
    81.41673587180797,
    10.041099482893213,
    2.8419627999776695,
    5.816106564066361,
    37.1816767206639,
    35.13234790743945,
    4.38756076044808,
    6.038852673879906,
    0.29701864553884305,
    12.611955505097882,
    105.3166082289717,
    3.303203788495956,
    2.8321350951783195,
    56.962443231498256,
    595.0508270091315,
    20.229830151465464,
    2.651436534814003,
    3.46595200297479,
    0.4006372241624101
  ],
  "best_cost": 1.032898727540772,
  "r2_g1": {
    "recalc": 0.7396948612832656,
    "thrombin": 0.8335140645817923,
    "fib": 0.8116649752517519,
    "xiii": 0.9233363993403745,
    "AP": 0.7747937331552066,
    "D": 0.8839631358226637
  },
  "r2_g2": {
    "recalc": 0.7503097857328505,
    "thrombin": 0.8712860125994862,
    "fib": 0.3280958413273114,
    "xiii": 0.701756713908102,
    "AP": 0.7794486384004319,
    "D": 0.5804129505332536
  },
  "avg_r2_g1": 0.8278278615725091,
  "avg_r2_g2": 0.6685516570835727,
  "elapsed_s": 1049.048840045929
}