{
  "seed": 8,
  "sigma_pct": 10,
  "best_x": [
    0.23935748560706652,
    0.22485489033285214,
    17.448518559509388,
    16.086051194859458,
    0.47705706136973536,
    488.0385896114808,
    7.3130241477615385,
    45.92531775905992,
    9.221647559174986,
    1.7731114519958229,
    3.2289271898108978,
    33.564537621965584,
    37.665284207347085,
    5.540395756475137,
    5.778285938519847,
    0.3707015864490736,
    10.333543402689472,
    96.64443403648521,
    3.8694514790551664,
    10.828567686705602,
    59.2025876664613,
    599.9958998852932,
    26.318525962941578,
    3.236094925724651,
    4.744480727262847,
    0.4274039879144853
  ],
  "best_cost": 1.0085511632840138,
  "r2_g1": {
    "recalc": 0.7959791699984189,
    "thrombin": 0.8607941160983126,
    "fib": 0.7303938426057769,
    "xiii": 0.817640783363416,
    "AP": 0.7959767360091495,
    "D": 0.8957646300364455
  },
  "r2_g2": {
    "recalc": 0.9104196838024244,
    "thrombin": 0.9392674183302561,
    "fib": 0.473454684756491,
    "xiii": 0.13786476933790026,
    "AP": 0.955191247369835,
    "D": 0.7569355000845237
  },
  "avg_r2_g1": 0.8160915463519199,
  "avg_r2_g2": 0.6955222172802383,
  "elapsed_s": 902.3335852622986
}