{
  "seed": 2,
  "sigma_pct": 10,
  "best_x": [
    1.0178089263949746,
    2.5441656498155654,
    9.200500332035961,
    8.555653639361768,
    4.494643959709646,
    601.9748664887754,
    8.979033845219938,
    133.7312882292477,
    10.156388118052636,
    2.810138091361156,
    6.3123936899866395,
    36.031012004135164,
    35.60339726683937,
    5.593258862498634,
    6.097132225908149,
    0.38216422257797844,
    12.100370287253474,
    104.02447065674085,
    4.171300222811361,
    1.360649728327532,
    59.25540962234224,
    599.9963786230961,
    26.506084578205297,
    2.777148652592907,
    3.5413562860566357,
    0.4003225990783641
  ],
  "best_cost": 1.0602939027725764,
  "r2_g1": {
    "recalc": 0.7466783202594556,
    "thrombin": 0.8417846734749289,
    "fib": 0.8132888997819995,
    "xiii": 0.8731609282218016,
    "AP": 0.7619799825678245,
    "D": 0.8709214138839007
  },
  "r2_g2": {
    "recalc": 0.7384310026180975,
    "thrombin": 0.8651894294560732,
    "fib": 0.36334018041389227,
    "xiii": 0.6994560818017019,
    "AP": 0.7665588783124646,
    "D": 0.6046232879534482
  },
  "avg_r2_g1": 0.8179690363649851,
  "avg_r2_g2": 0.6729331434259462,
  "elapsed_s": 816.7929270267487
}