{
  "seed": 14,
  "sigma_pct": 10,
  "best_x": [
    0.24047476752958524,
    0.21836925875922297,
    15.82261041276342,
    14.354059329815694,
    9.926887086221647,
    209.5467101706176,
    5.386849268546246,
    39.890502279695454,
    9.150482408044265,
    1.7746174182463386,
    2.973579351193939,
    32.835229678206716,
    36.53565088684482,
    9.246066351540883,
    5.722614080204746,
    0.6341058533696489,
    10.44933759106916,
    99.14041957964719,
    6.797854457731578,
    0.5198628661728593,
    40.53445774614025,
    425.1760082949702,
    32.312122763922844,
    2.0541975954036094,
    4.860665415253845,
    0.42001867962618
  ],
  "best_cost": 1.0036781158577732,
  "r2_g1": {
    "recalc": 0.782159286005334,
    "thrombin": 0.8554416637811951,
    "fib": 0.7497145325082746,
    "xiii": 0.8103267473280892,
    "AP": 0.8128388436751908,
    "D": 0.9026024543802309
  },
  "r2_g2": {
    "recalc": 0.9014387082787351,
    "thrombin": 0.9455592293567795,
    "fib": 0.4762189369040881,
    "xiii": 0.06083953554049015,
    "AP": 0.9547827686293149,
    "D": 0.7546423889973533
  },
  "avg_r2_g1": 0.8188472546130524,
  "avg_r2_g2": 0.6822469279511268,
  "elapsed_s": 967.4124538898468
}