{
  "seed": 6,
  "sigma_pct": 10,
  "best_x": [
    0.25147743994329635,
    0.23089151239388822,
    13.016650797555112,
    11.9013609939621,
    1.7561563426442364,
    346.10721629946784,
    7.3594358875194965,
    962.996742960791,
    9.350991717670553,
    1.67275274614929,
    3.4687158449924995,
    32.87308444466187,
    35.56314730315395,
    7.6615527712929214,
    5.760019151849688,
    0.5209100349696391,
    10.814653498379142,
    99.19544359122494,
    5.497591076231597,
    3.2149637153008817,
    51.57657235193547,
    599.9660459898987,
    37.84791856283615,
    3.3006861049921685,
    5.0790777710544575,
    0.4334803554089566
  ],
  "best_cost": 0.9938577659746519,
  "r2_g1": {
    "recalc": 0.7962366051980387,
    "thrombin": 0.8683188597531271,
    "fib": 0.7160052950095944,
    "xiii": 0.8095818385314371,
    "AP": 0.812092464149716,
    "D": 0.8995924616911573
  },
  "r2_g2": {
    "recalc": 0.9222587610115308,
    "thrombin": 0.9353671373065646,
    "fib": 0.4981688545047892,
    "xiii": 0.27521449260991304,
    "AP": 0.9655188359254397,
    "D": 0.7711753805683431
  },
  "avg_r2_g1": 0.8169712540555117,
  "avg_r2_g2": 0.7279505769877636,
  "elapsed_s": 1609.623421907425
}