{
  "seed": 5,
  "sigma_pct": 10,
  "best_x": [
    0.2701556555252122,
    0.2855030562882838,
    16.190259726301676,
    14.625700368103754,
    1.4256851806232185,
    166.48907497599458,
    3.4151647961657208,
    271.138112970909,
    9.1878119059534,
    1.9141689029824325,
    3.3265384615970692,
    34.005151500413504,
    33.62552513980167,
    7.315671646490984,
    5.786805347064089,
    0.5044561718776339,
    8.282520226464353,
    72.61730471284476,
    4.611519116533406,
    1.7243739048572977,
    58.53695456076157,
    568.3083512675514,
    34.769680109373084,
    2.933849168758247,
    4.4510774535830055,
    0.4283122826264565
  ],
  "best_cost": 0.9924717985187108,
  "r2_g1": {
    "recalc": 0.7906762486586952,
    "thrombin": 0.8552156993170373,
    "fib": 0.7376140722269653,
    "xiii": 0.8604579727354639,
    "AP": 0.8400691311077283,
    "D": 0.8787958265393531
  },
  "r2_g2": {
    "recalc": 0.8886433654395556,
    "thrombin": 0.9391614219762571,
    "fib": 0.46569878966493117,
    "xiii": 0.014539032497440929,
    "AP": 0.94386433662021,
    "D": 0.7459331877291373
  },
  "avg_r2_g1": 0.8271381584308738,
  "avg_r2_g2": 0.6663066889879219,
  "elapsed_s": 1118.6654279232025
}