{
  "km": 4.93,
  "tm": 0.43,
  "n_members": 27,
  "model": {
    "max_recalc": {
      "median": 5.840791373319881,
      "p2_5": 0.5451530605715005,
      "p97_5": 11.709438282686522,
      "n": 27
    },
    "min_xiii": {
      "median": -11.351606662652918,
      "p2_5": -16.295438449573943,
      "p97_5": -0.2777027191242516,
      "n": 27
    },
    "auc_recalc": {
      "median": 79.00767208034122,
      "p2_5": 67.06261951296825,
      "p97_5": 101.19531442722221,
      "n": 27
    }
  },
  "observed": {
    "max_recalc": 9.1,
    "min_xiii": -9.3,
    "auc_recalc": 70.55000000000001
  },
  "grid_points": 200
}