{
  "km_grid": [
    1.0,
    1.1787686347935873,
    1.3894954943731377,
    1.637893706954064,
    1.93069772888325,
    2.2758459260747883,
    2.6826957952797255,
    3.1622776601683795,
    3.72759372031494,
    4.39397056076079,
    5.17947467923121,
    6.105402296585328,
    7.196856730011519,
    8.483428982440719,
    10.0
  ],
  "tm_grid": [
    0.2,
    0.22436567925080048,
    0.25169979012836535,
    0.2823639718971731,
    0.31676392175331586,
    0.35535476233165053,
    0.3986470631277377,
    0.447213595499958,
    0.5016969106227039,
    0.5628178406494554,
    0.6313850355589191,
    0.7083056618598385,
    0.7945974047018524,
    0.8914019321842713,
    1.0
  ],
  "median": [
    [
      3.0,
      4.0,
      4.0,
      4.0,
      4.0,
      4.0,
      5.0,
      5.0,
      5.0,
      6.0,
      7.0,
      8.0,
      8.0,
      8.0,
      8.0
    ],
    [
      3.0,
      3.0,
      4.0,
      4.0,
      4.0,
      4.0,
      4.0,
      5.0,
      5.0,
      6.0,
      7.0,
      8.0,
      8.0,
      8.0,
      4.0
    ],
    [
      3.0,
      3.0,
      3.0,
      4.0,
      4.0,
      4.0,
      4.0,
      5.0,
      5.0,
      6.0,
      7.0,
      7.0,
      8.0,
      8.0,
      4.0
    ],
    [
      3.0,
      3.0,
      3.0,
      4.0,
      4.0,
      4.0,
      4.0,
      5.0,
      5.0,
      6.0,
      7.0,
      7.0,
      8.0,
      8.0,
      4.0
    ],
    [
      3.0,
      3.0,
      3.0,
      3.0,
      4.0,
      4.0,
      4.0,
      4.0,
      5.0,
      6.0,
      7.0,
      7.0,
      8.0,
      8.0,
      4.0
    ],
    [
      3.0,
      3.0,
      3.0,
      3.0,
      3.0,
      4.0,
      4.0,
      4.0,
      5.0,
      6.0,
      7.0,
      7.0,
      8.0,
      8.0,
      4.0
    ],
    [
      3.0,
      3.0,
      3.0,
      3.0,
      3.0,
      4.0,
      4.0,
      4.0,
      5.0,
      6.0,
      6.5,
      7.0,
      8.0,
      8.0,
      3.0
    ],
    [
      3.0,
      3.0,
      3.0,
      3.0,
      3.0,
      4.0,
      4.0,
      4.0,
      5.0,
      6.0,
      6.0,
      7.0,
      8.0,
      8.0,
      3.0
    ],
    [
      3.0,
      3.0,
      3.0,
      3.0,
      3.0,
      3.0,
      4.0,
      4.0,
      5.0,
      6.0,
      6.0,
      7.0,
      8.0,
      8.0,
      3.0
    ],
    [
      3.0,
      3.0,
      3.0,
      3.0,
      3.0,
      3.0,
      4.0,
      4.0,
      5.0,
      6.0,
      6.0,
      7.0,
      8.0,
      8.0,
      3.0
    ],
    [
      3.0,
      3.0,
      3.0,
      3.0,
      3.0,
      3.0,
      4.0,
      4.0,
      5.0,
      6.0,
      6.0,
      7.0,
      8.0,
      8.0,
      3.0
    ],
    [
      2.0,
      3.0,
      3.0,
      3.0,
      3.0,
      3.0,
      4.0,
      4.0,
      5.0,
      6.0,
      6.0,
      7.0,
      8.0,
      8.0,
      8.0
    ],
    [
      2.0,
      3.0,
      3.0,
      3.0,
      3.0,
      3.0,
      3.0,
      4.0,
      5.0,
      6.0,
      6.0,
      7.0,
      8.0,
      8.0,
      8.0
    ],
    [
      2.0,
      2.0,
      3.0,
      3.0,
      3.0,
      3.0,
      3.0,
      4.0,
      5.0,
      6.0,
      6.0,
      7.0,
      8.0,
      8.0,
      8.0
    ],
    [
      2.0,
      2.0,
      3.0,
      3.0,
      3.0,
      3.0,
      3.0,
      4.0,
      5.0,
      6.0,
      6.0,
      7.0,
      8.0,
      8.0,
      8.0
    ]
  ],
  "p2_5": [
    [
      2.0,
      2.0,
      2.475,
      2.475,
      3.0,
      3.0,
      3.0,
      4.0,
      5.0,
      6.0,
      6.0,
      7.0,
      8.0,
      8.0,
      4.0
    ],
    [
      2.0,
      2.0,
      2.475,
      2.475,
      3.0,
      3.0,
      3.0,
      4.0,
      5.0,
      6.0,
      6.0,
      7.0,
      8.0,
      8.0,
      4.0
    ],
    [
      2.0,
      2.0,
      2.475,
      2.475,
      3.0,
      3.0,
      3.0,
      4.0,
      5.0,
      6.0,
      6.0,
      7.0,
      8.0,
      8.0,
      3.0
    ],
    [
      2.0,
      2.0,
      2.475,
      2.475,
      3.0,
      3.0,
      3.0,
      4.0,
      5.0,
      5.0,
      6.0,
      7.0,
      8.0,
      8.0,
      3.0
    ],
    [
      2.0,
      2.0,
      2.475,
      2.475,
      3.0,
      3.0,
      3.0,
      4.0,
      5.0,
      5.0,
      6.0,
      7.0,
      8.0,
      8.0,
      3.0
    ],
    [
      2.0,
      2.0,
      2.475,
      2.475,
      3.0,
      3.0,
      3.0,
      4.0,
      4.0,
      5.0,
      6.0,
      7.0,
      8.0,
      8.0,
      3.0
    ],
    [
      2.0,
      2.0,
      2.475,
      2.475,
      3.0,
      3.0,
      3.0,
      4.0,
      4.0,
      5.0,
      6.0,
      7.0,
      8.0,
      8.0,
      3.0
    ],
    [
      2.0,
      2.0,
      2.475,
      2.475,
      3.0,
      3.0,
      3.0,
      4.0,
      4.0,
      5.0,
      6.0,
      7.0,
      8.0,
      8.0,
      3.0
    ],
    [
      2.0,
      2.0,
      2.0,
      2.475,
      3.0,
      3.0,
      3.0,
      4.0,
      4.0,
      5.0,
      6.0,
      7.0,
      8.0,
      8.0,
      3.0
    ],
    [
      2.0,
      2.0,
      2.0,
      2.475,
      3.0,
      3.0,
      3.0,
      4.0,
      4.0,
      5.0,
      6.0,
      7.0,
      8.0,
      8.0,
      3.0
    ],
    [
      2.0,
      2.0,
      2.0,
      2.475,
      3.0,
      3.0,
      3.0,
      4.0,
      4.0,
      5.0,
      6.0,
      7.0,
      8.0,
      8.0,
      2.475
    ],
    [
      2.0,
      2.0,
      2.0,
      2.475,
      3.0,
      3.0,
      3.0,
      4.0,
      4.0,
      5.0,
      6.0,
      7.0,
      8.0,
      8.0,
      2.0
    ],
    [
      2.0,
      2.0,
      2.0,
      2.475,
      3.0,
      3.0,
      3.0,
      3.475,
      4.0,
      5.0,
      6.0,
      7.0,
      8.0,
      8.0,
      2.0
    ],
    [
      2.0,
      2.0,
      2.0,
      2.475,
      3.0,
      3.0,
      3.0,
      3.0,
      4.0,
      5.0,
      6.0,
      7.0,
      8.0,
      8.0,
      2.0
    ],
    [
      2.0,
      2.0,
      2.0,
      2.475,
      3.0,
      3.0,
      3.0,
      3.0,
      4.0,
      5.0,
      6.0,
      7.0,
      8.0,
      8.0,
      2.0
    ]
  ],