{
  "km_grid_value": 1.0,
  "tm_grid_value": 1.0,
  "n_members": 100,
  "g1_observed": {
    "min_xiii": -76.7,
    "max_recalc": 206.7,
    "auc_recalc": 1023.3499999999999
  },
  "model_at_km1_tm1": {
    "max_gHn": {
      "median": 6.961381758919951,
      "p2_5": 4.412807836909066,
      "p97_5": 18.67587144184022
    },
    "min_xiii": {
      "median": -52.53140795067811,
      "p2_5": -73.2239096378174,
      "p97_5": -33.01950330486472
    },
    "max_recalc": {
      "median": 41.57087458213741,
      "p2_5": 30.12620852604727,
      "p97_5": 53.51620245044549
    },
    "auc_recalc": {
      "median": 206.19598341960761,
      "p2_5": 123.81857383920953,
      "p97_5": 255.54734189142312
    },
    "time_to_peak_gHn": {
      "median": 8.0,
      "p2_5": 4.0,
      "p97_5": 8.0
    }
  }
}