{
  "seed": 13,
  "sigma_pct": 20,
  "best_x": [
    0.2500017385661284,
    0.23217405469915578,
    11.275288899016171,
    10.452239255335074,
    0.6277949161119782,
    418.1168448473524,
    8.52640681581233,
    999.7187664348318,
    9.34472333221765,
    1.7108885833635348,
    3.322330935627537,
    33.7055007548789,
    38.07389618188448,
    7.640450842708049,
    5.827301932906293,
    0.5200508231369041,
    10.822632057521085,
    101.74302911600199,
    5.509344132088202,
    8.864966983696661,
    68.19513333540388,
    599.8992658655347,
    39.42640777411559,
    3.460039107336505,
    5.1689029017599,
    0.4127156283477122
  ],
  "best_cost": 0.9641710177684444,
  "r2_g1": {
    "recalc": 0.7963468684739348,
    "thrombin": 0.872419547995585,
    "fib": 0.7199610075016728,
    "xiii": 0.8428266743656048,
    "AP": 0.8080412137168,
    "D": 0.9121162749622501
  },
  "r2_g2": {
    "recalc": 0.9256618513865735,
    "thrombin": 0.951941878942318,
    "fib": 0.5047616679712157,
    "xiii": 0.3084434570334964,
    "AP": 0.9577138906322015,
    "D": 0.7938643256041409
  },
  "avg_r2_g1": 0.8252852645026413,
  "avg_r2_g2": 0.7403978452616576,
  "elapsed_s": 784.4375009536743
}