{
  "seed": 18,
  "sigma_pct": 20,
  "best_x": [
    0.24123198285429548,
    0.22650240849299608,
    7.58086434568558,
    7.162011609427811,
    2.0831529942460367,
    598.3687607761979,
    9.999008349562281,
    981.2816678551235,
    9.277903333839575,
    1.767648698109174,
    3.0240244481088263,
    31.66132471111092,
    36.463340366222695,
    6.257341373307167,
    5.651873519998027,
    0.41611722079300106,
    9.583758745112661,
    95.76816639603982,
    4.414291852406954,
    2.3195090396754683,
    53.12921124256678,
    415.1560596558238,
    24.796693896577203,
    3.0639612211023888,
    4.540326756666705,
    0.41411184590718375
  ],
  "best_cost": 1.0635451894396737,
  "r2_g1": {
    "recalc": 0.8042786457901119,
    "thrombin": 0.8648895866818637,
    "fib": 0.7051678777088568,
    "xiii": 0.6821624408059952,
    "AP": 0.7679706285224177,
    "D": 0.8812897143163357
  },
  "r2_g2": {
    "recalc": 0.9482196393870099,
    "thrombin": 0.9385667445343987,
    "fib": 0.5071489492811587,
    "xiii": 0.28010055559203706,
    "AP": 0.9668097678737814,
    "D": 0.7318611158190864
  },
  "avg_r2_g1": 0.7842931489709302,
  "avg_r2_g2": 0.7287844620812455,
  "elapsed_s": 739.345695734024
}