{
  "seed": 19,
  "sigma_pct": 20,
  "best_x": [
    0.24796156589466462,
    0.23326507504728694,
    15.423176861909962,
    14.175796623173483,
    2.7448228800917747,
    711.0427850152976,
    9.977243100105596,
    988.2142461709592,
    9.335039246118814,
    1.758764368258177,
    3.296743158104481,
    33.768368868557786,
    36.936905946463526,
    5.161771539457419,
    5.843754818089498,
    0.35111846265280877,
    10.889506549921464,
    101.15995383176325,
    3.736595829824292,
    2.048211326320653,
    46.34278663892838,
    421.93018948971314,
    18.107044130495684,
    2.078246331730405,
    4.888731280825581,
    0.41517629968346326
  ],
  "best_cost": 0.9816321120580507,
  "r2_g1": {
    "recalc": 0.7903803607460252,
    "thrombin": 0.8645703748770207,
    "fib": 0.7216721264195507,
    "xiii": 0.8404177285077366,
    "AP": 0.7976989285111101,
    "D": 0.9108904910483961
  },
  "r2_g2": {
    "recalc": 0.9162192759311716,
    "thrombin": 0.9383723183955078,
    "fib": 0.47479544506752225,
    "xiii": 0.2553525636371071,
    "AP": 0.9640016066184631,
    "D": 0.7793760121766888
  },
  "avg_r2_g1": 0.8209383350183065,
  "avg_r2_g2": 0.7213528703044102,
  "elapsed_s": 1170.9017117023468
}