{
  "seed": 15,
  "sigma_pct": 20,
  "best_x": [
    0.23705099061954932,
    0.19476405027789354,
    19.998673992277755,
    18.39361162355231,
    0.4600476928972145,
    102.74142092788995,
    1.6447268013119785,
    26.684712440413957,
    8.93802593969551,
    1.5406427334794208,
    3.01837187554056,
    31.067142235490262,
    34.83387993107,
    5.762260895260491,
    5.562607214510472,
    0.4004035819044718,
    8.310433584591024,
    80.3011979011336,
    3.8261315995917315,
    7.103561289292559,
    51.353631595621735,
    442.8528691144834,
    23.869104619375122,
    5.598173464655584,
    4.746086995243344,
    0.4387600638318052
  ],
  "best_cost": 1.0194171364072453,
  "r2_g1": {
    "recalc": 0.8127361296085218,
    "thrombin": 0.870679889302537,
    "fib": 0.7432781420152341,
    "xiii": 0.6696136897918603,
    "AP": 0.82076789312236,
    "D": 0.867347333135618
  },
  "r2_g2": {
    "recalc": 0.896839696820395,
    "thrombin": 0.954849596485192,
    "fib": 0.5913408842705672,
    "xiii": 0.5784946269231045,
    "AP": 0.9729622506861512,
    "D": 0.7385817342136958
  },
  "avg_r2_g1": 0.7974038461626886,
  "avg_r2_g2": 0.7888447982331842,
  "elapsed_s": 1296.8487257957458
}