{
  "seed": 6,
  "sigma_pct": 20,
  "best_x": [
    0.25051519154108626,
    0.21695123293416235,
    17.202225541454077,
    16.266130662097517,
    3.0028412968893816,
    337.3524675786083,
    2.4890989851438876,
    370.32236387861985,
    9.30178554521888,
    1.590237487323495,
    3.5134759820872157,
    31.158661792853678,
    34.79210426284784,
    2.7182533858976106,
    5.627475261062594,
    0.18841434834161597,
    9.304502959385228,
    100.00236228223275,
    2.008142564038029,
    1.667243730654068,
    38.08423788738753,
    581.6035069219322,
    13.753311759395427,
    4.76011309112455,
    5.136845624378605,
    0.43672918906051783
  ],
  "best_cost": 1.0133336734247926,
  "r2_g1": {
    "recalc": 0.8001710351353407,
    "thrombin": 0.8754389913682786,
    "fib": 0.7313401778223249,
    "xiii": 0.7048647396795533,
    "AP": 0.8184995362512588,
    "D": 0.8827927797326365
  },
  "r2_g2": {
    "recalc": 0.9088320974597295,
    "thrombin": 0.9535123176687031,
    "fib": 0.5574697310619352,
    "xiii": 0.27742754030603856,
    "AP": 0.9745915727899916,
    "D": 0.767628381298313
  },
  "avg_r2_g1": 0.8021845433315654,
  "avg_r2_g2": 0.7399102734307852,
  "elapsed_s": 943.4208078384399
}