{
  "seed": 3,
  "sigma_pct": 20,
  "best_x": [
    0.22937130961256355,
    0.20298114633128872,
    18.339024216853982,
    16.97547674423135,
    2.528994183654075,
    303.1446753203953,
    9.653782092148262,
    322.18224894098967,
    9.155830093775329,
    1.6529529314556717,
    3.130551416528464,
    33.880186548471265,
    39.17906791907554,
    11.878012019090676,
    5.804385901148197,
    0.7983094271301803,
    9.830167675919558,
    93.68382692635933,
    7.999648120441524,
    1.9746316674850566,
    35.87170888124133,
    302.4549923369797,
    32.454622829288816,
    2.292396795721355,
    4.984639595482349,
    0.41995742704828826
  ],
  "best_cost": 1.0542086339398018,
  "r2_g1": {
    "recalc": 0.8363177216477065,
    "thrombin": 0.8794248047073834,
    "fib": 0.671507784847354,
    "xiii": 0.6166516614423495,
    "AP": 0.7820259572614588,
    "D": 0.8809022637460551
  },
  "r2_g2": {
    "recalc": 0.9041126257682128,
    "thrombin": 0.9475502388121464,
    "fib": 0.4871011353980179,
    "xiii": 0.6044377068922797,
    "AP": 0.9576426884521103,
    "D": 0.7980791425896843
  },
  "avg_r2_g1": 0.7778050322753846,
  "avg_r2_g2": 0.7831539229854085,
  "elapsed_s": 819.7373394966125
}