{
  "seed": 20,
  "sigma_pct": 20,
  "best_x": [
    0.24507696374803875,
    0.2124736799360969,
    16.550708034359104,
    15.304749391585913,
    3.040530578703283,
    464.40218301940524,
    9.98435614298293,
    22.515830211691643,
    9.081460336016903,
    1.5722487733228405,
    3.5230046882456776,
    34.26139361252695,
    37.95075488334234,
    7.99032375949224,
    5.88277799899106,
    0.5448022553453493,
    10.346281744110113,
    93.73304661092862,
    5.4822767311971905,
    1.5960271384451659,
    71.97570424176594,
    599.960148856524,
    36.29427485423139,
    4.113060822553903,
    4.867370263504371,
    0.4262092434541227
  ],
  "best_cost": 0.9536105681904913,
  "r2_g1": {
    "recalc": 0.8129762997122743,
    "thrombin": 0.865818749021596,
    "fib": 0.6852693876720101,
    "xiii": 0.895198297708205,
    "AP": 0.8224622798611467,
    "D": 0.8885925727809786
  },
  "r2_g2": {
    "recalc": 0.9163046867513287,
    "thrombin": 0.9523052414460168,
    "fib": 0.4892304656699791,
    "xiii": 0.4729806139228444,
    "AP": 0.9589399601516846,
    "D": 0.7791366961442878
  },
  "avg_r2_g1": 0.8283862644593684,
  "avg_r2_g2": 0.7614829440143568,
  "elapsed_s": 1255.2148578166962
}