{
  "seed": 16,
  "sigma_pct": 20,
  "best_x": [
    0.26480134585630016,
    0.2485881109217878,
    12.761445069632053,
    11.728721681528254,
    0.9182925850432793,
    248.83190089547614,
    5.6558885068662645,
    702.6095081573364,
    9.384831948877697,
    1.6776037776441788,
    3.864712171897188,
    33.2710291709579,
    35.043734762342766,
    8.213499617183556,
    5.794423088461896,
    0.5656535694171785,
    10.116491467642446,
    90.33784802326983,
    5.669876126230701,
    4.9759746544092405,
    75.23201856410375,
    599.9539612872677,
    41.9536514660816,
    3.6981134824797035,
    5.045005663028691,
    0.4160348163571215
  ],
  "best_cost": 0.9326889659641125,
  "r2_g1": {
    "recalc": 0.7886671840804051,
    "thrombin": 0.8782195734662306,
    "fib": 0.7101340564265719,
    "xiii": 0.9073049387567373,
    "AP": 0.8183377036942091,
    "D": 0.9211463868564773
  },
  "r2_g2": {
    "recalc": 0.9227359053623466,
    "thrombin": 0.9436361215746214,
    "fib": 0.5164337236890674,
    "xiii": 0.32540672856646924,
    "AP": 0.9713712027587796,
    "D": 0.7646882022203818
  },
  "avg_r2_g1": 0.8373016405467718,
  "avg_r2_g2": 0.7407119806952777,
  "elapsed_s": 988.01686835289
}