{
  "seed": 4,
  "sigma_pct": 20,
  "best_x": [
    0.26505465118779503,
    0.24299733187873485,
    19.741827035620098,
    18.334468054857677,
    3.4996634711404804,
    299.9534311246687,
    9.227449303167486,
    3.0081169045777774,
    9.350268084576683,
    1.5424549192186792,
    3.572668839510615,
    35.35730103871194,
    37.54194521439278,
    11.608095417913407,
    5.9774766744840395,
    0.7920774548067294,
    10.735147975321038,
    94.4776147623804,
    7.825378329060539,
    1.4882622856145373,
    67.61079737433718,
    482.37732141585064,
    42.635487774187666,
    5.780653946325321,
    4.492692950111249,
    0.4262244008104445
  ],
  "best_cost": 0.9535682724362875,
  "r2_g1": {
    "recalc": 0.8167724155971139,
    "thrombin": 0.8930034664858533,
    "fib": 0.6535295654195166,
    "xiii": 0.8461273087570679,
    "AP": 0.8217213338192556,
    "D": 0.9155153217549897
  },
  "r2_g2": {
    "recalc": 0.9109877611622501,
    "thrombin": 0.9451909968815796,
    "fib": 0.47330309826008643,
    "xiii": 0.7685749378184863,
    "AP": 0.9567293429480419,
    "D": 0.788050680880235
  },
  "avg_r2_g1": 0.8244449019722996,
  "avg_r2_g2": 0.8071394696584465,
  "elapsed_s": 883.6515040397644
}