{
  "seed": 7,
  "sigma_pct": 20,
  "best_x": [
    0.7548349641050818,
    1.5656696815414035,
    19.861033954638017,
    18.166672733435725,
    28.24347804141044,
    691.2392824322751,
    9.99859210640281,
    72.8619522034023,
    10.077707219152273,
    2.6395725637169862,
    5.457797426020679,
    36.96199460968745,
    32.55896348618765,
    5.212109819885715,
    6.0362268592759065,
    0.34897976129102815,
    12.842958259855017,
    100.61047771317811,
    3.785593470603776,
    0.23523656881878052,
    60.704253868623766,
    540.5679596059485,
    22.045281214682774,
    2.4378644889200842,
    3.3566385620212724,
    0.4046625138388352
  ],
  "best_cost": 1.093911199315202,
  "r2_g1": {
    "recalc": 0.7489742990372428,
    "thrombin": 0.8510812620827715,
    "fib": 0.7681138597629503,
    "xiii": 0.881280193119829,
    "AP": 0.7935388555156776,
    "D": 0.8489433431879213
  },
  "r2_g2": {
    "recalc": 0.675337750331078,
    "thrombin": 0.836368853967316,
    "fib": 0.333959988832051,
    "xiii": 0.6543670687439627,
    "AP": 0.7103954299793916,
    "D": 0.5426900032194726
  },
  "avg_r2_g1": 0.8153219687843986,
  "avg_r2_g2": 0.6255198491788787,
  "elapsed_s": 1264.6698846817017
}