{
  "seed": 5,
  "sigma_pct": 20,
  "best_x": [
    0.24931282752684236,
    0.23574417750277665,
    7.399305967197131,
    6.771768737371207,
    1.6325385902209288,
    147.51981182723551,
    4.030762358059832,
    437.7906105876609,
    9.207432625079427,
    1.8168463777116917,
    3.1873520153220234,
    32.39628588982547,
    37.302523547239396,
    9.966774478787626,
    5.658758963008204,
    0.675105685751014,
    9.824986848795476,
    95.59987468819526,
    6.99581804106227,
    3.131732969317731,
    61.09429901211687,
    570.697492337393,
    49.99744386418302,
    3.971312743341091,
    4.7027023530170045,
    0.4116139689456507
  ],
  "best_cost": 1.0244572976699595,
  "r2_g1": {
    "recalc": 0.8095820676714732,
    "thrombin": 0.8692304813829763,
    "fib": 0.7277752544424778,
    "xiii": 0.7360860264215753,
    "AP": 0.7998649655481231,
    "D": 0.8867497223998687
  },
  "r2_g2": {
    "recalc": 0.896798446375229,
    "thrombin": 0.9430319389502267,
    "fib": 0.505388549708446,
    "xiii": 0.38659030083398505,
    "AP": 0.9566637097899076,
    "D": 0.7523411851225054
  },
  "avg_r2_g1": 0.8048814196444157,
  "avg_r2_g2": 0.7401356884633833,
  "elapsed_s": 756.7223055362701
}