{
  "seed": 9,
  "sigma_pct": 20,
  "best_x": [
    0.2677854672740221,
    0.24224996376141084,
    11.222362505383366,
    10.343345251935151,
    0.7093477112641144,
    267.611849085577,
    5.103144178658585,
    69.87922336214083,
    9.421096858038453,
    1.623969273003837,
    3.6468612128212587,
    32.95760849246635,
    33.371233765914326,
    6.881886306949141,
    5.739719435133988,
    0.4822758160111622,
    10.704905897569034,
    95.77422243536319,
    5.002342134542893,
    6.966649194635966,
    21.448655708342756,
    257.9178905931293,
    15.17799017700937,
    1.565003441810135,
    5.34641968260166,
    0.42491283348881104
  ],
  "best_cost": 1.0097350629876432,
  "r2_g1": {
    "recalc": 0.7614474692659778,
    "thrombin": 0.862722356964118,
    "fib": 0.7170204857315179,
    "xiii": 0.77029481736931,
    "AP": 0.8022294910738016,
    "D": 0.9319487181400801
  },
  "r2_g2": {
    "recalc": 0.9386410922339443,
    "thrombin": 0.9489922877819641,
    "fib": 0.5302099852250977,
    "xiii": 0.05581432891591087,
    "AP": 0.9751495029144194,
    "D": 0.7301544122317858
  },
  "avg_r2_g1": 0.8076105564241343,
  "avg_r2_g2": 0.6964936015505203,
  "elapsed_s": 802.5396676063538
}