{
  "seed": 11,
  "sigma_pct": 20,
  "best_x": [
    0.2549491956019435,
    0.22631364778238267,
    19.999627280683455,
    18.44461424075985,
    5.503496796513891,
    777.4364845481479,
    6.845656741885291,
    24.25228054089522,
    9.279865083205076,
    1.5938880951250574,
    3.3093416346839497,
    33.85095529204995,
    36.08863258925153,
    3.243948206384817,
    5.899693671815456,
    0.22174965230365884,
    10.730021135418575,
    96.15938241477335,
    2.2827527527098956,
    0.9260166810854158,
    56.79310495616487,
    446.69868543148175,
    11.381759489979746,
    3.8320618105788635,
    4.647938114692858,
    0.4313496987173868
  ],
  "best_cost": 0.9496645655490141,
  "r2_g1": {
    "recalc": 0.7962807407879179,
    "thrombin": 0.8731230106564701,
    "fib": 0.6999522206884824,
    "xiii": 0.8595083032255277,
    "AP": 0.8283861847873475,
    "D": 0.9079556159310425
  },
  "r2_g2": {
    "recalc": 0.9491105738103843,
    "thrombin": 0.938184869210387,
    "fib": 0.5070993747822236,
    "xiii": 0.6153508130108539,
    "AP": 0.9766767825413523,
    "D": 0.7656775600604854
  },
  "avg_r2_g1": 0.827534346012798,
  "avg_r2_g2": 0.7920166622359477,
  "elapsed_s": 1626.770319700241
}