{
  "seed": 12,
  "sigma_pct": 20,
  "best_x": [
    0.24763872621987287,
    0.23182654625021637,
    16.90241673391024,
    15.601973150108563,
    2.9252510774047624,
    414.35851428777744,
    8.237291780844892,
    43.41029221579947,
    9.209208529232821,
    1.691499016546224,
    3.518949285877695,
    34.04410720928924,
    37.84001346320265,
    7.3879334208759095,
    5.849879179986779,
    0.5009557577647344,
    9.988405416154833,
    91.48761189694659,
    4.990682601304837,
    1.5785252738613138,
    68.09450804050121,
    599.9608810611556,
    35.74134377019464,
    4.448946890572495,
    4.936489971818476,
    0.4372337469017886
  ],
  "best_cost": 0.9708569890019045,
  "r2_g1": {
    "recalc": 0.8216575425128548,
    "thrombin": 0.8756357348749076,
    "fib": 0.6875355893777888,
    "xiii": 0.835621180032684,
    "AP": 0.8169616242816266,
    "D": 0.890278352667068
  },
  "r2_g2": {
    "recalc": 0.9287594158427565,
    "thrombin": 0.9513304674829044,
    "fib": 0.5082795301931011,
    "xiii": 0.5643137422046737,
    "AP": 0.9636354001078622,
    "D": 0.7626014438447751
  },
  "avg_r2_g1": 0.8212816706244884,
  "avg_r2_g2": 0.7798199999460121,
  "elapsed_s": 1023.2217764854431
}