{
  "seed": 17,
  "sigma_pct": 20,
  "best_x": [
    0.23753312119121547,
    0.22077721138610434,
    12.45183380088973,
    11.467833877353101,
    2.8590122153992885,
    333.1323958837955,
    9.946585755917454,
    643.4949224334539,
    9.305060244720757,
    1.7854203012130039,
    3.490242550746859,
    34.581369757729355,
    39.935362717168175,
    11.402237098112536,
    5.9226799995934805,
    0.7712998050071639,
    10.244336320824642,
    96.67883115600034,
    7.909963832724968,
    1.7035544146907795,
    29.414053414543616,
    354.3439391993047,
    29.64176676410591,
    1.4306370501413275,
    5.258055603736561,
    0.41586633087526903
  ],
  "best_cost": 1.0099168648345358,
  "r2_g1": {
    "recalc": 0.7842637254482115,
    "thrombin": 0.8617397168582352,
    "fib": 0.7370686684722361,
    "xiii": 0.7867303609334674,
    "AP": 0.7788270306955268,
    "D": 0.9174950959885271
  },
  "r2_g2": {
    "recalc": 0.9214697540213181,
    "thrombin": 0.955790729577011,
    "fib": 0.4879179690897496,
    "xiii": -0.02281050952270025,
    "AP": 0.9589267728879561,
    "D": 0.7436859585621753
  },
  "avg_r2_g1": 0.8110207663993675,
  "avg_r2_g2": 0.6741634457692517,
  "elapsed_s": 957.1165642738342
}