{
  "seed": 14,
  "sigma_pct": 20,
  "best_x": [
    0.2414809946414277,
    0.22826896024520507,
    15.689355812992865,
    14.278692719526706,
    3.7565561693559326,
    368.76134636581594,
    9.226617562833418,
    997.3390940459166,
    9.192228698816518,
    1.817986093108365,
    2.9003487174313074,
    32.816142814922244,
    36.16849313167611,
    8.992642509648718,
    5.723209941132922,
    0.6149569157268759,
    10.532281495895603,
    98.47588260015883,
    6.511889894256362,
    1.4350109664874373,
    21.33570645312543,
    226.88256348512823,
    18.164967426160718,
    0.8780072358276687,
    4.751466917991182,
    0.41648085195114004
  ],
  "best_cost": 1.062701036595001,
  "r2_g1": {
    "recalc": 0.7868656692816737,
    "thrombin": 0.8608085843090296,
    "fib": 0.7404581672715422,
    "xiii": 0.6953702143153597,
    "AP": 0.8091233311576999,
    "D": 0.903894355681577
  },
  "r2_g2": {
    "recalc": 0.8846109915933187,
    "thrombin": 0.9394611519898375,
    "fib": 0.47269068180107354,
    "xiii": -0.3522392910518084,
    "AP": 0.9416017744666578,
    "D": 0.7510906271393241
  },
  "avg_r2_g1": 0.7994200536694804,
  "avg_r2_g2": 0.6062026559897339,
  "elapsed_s": 906.6802339553833
}