{
  "seed": 8,
  "sigma_pct": 20,
  "best_x": [
    0.23280823175523224,
    0.2102576359035278,
    11.550546510046818,
    10.607620438341186,
    7.657026379959484,
    210.8501461304361,
    5.3994318708370965,
    16.407366928177325,
    9.200634876712233,
    1.7010107850525924,
    2.9688693915056428,
    32.232947685455855,
    37.442897103081776,
    9.394493575993174,
    5.695635134160503,
    0.6377329577241746,
    10.300873842340321,
    99.78112942011583,
    6.723950573598087,
    0.7195018671755381,
    46.43233973850017,
    525.4199216466823,
    42.20129767837436,
    4.299327029238134,
    4.6658816256270885,
    0.4310574846927442
  ],
  "best_cost": 1.0662955857288292,
  "r2_g1": {
    "recalc": 0.8064853039319319,
    "thrombin": 0.8665570622014329,
    "fib": 0.7209249753604594,
    "xiii": 0.631034825382181,
    "AP": 0.7809332808756366,
    "D": 0.891736151222371
  },
  "r2_g2": {
    "recalc": 0.9037796251648996,
    "thrombin": 0.9489663855621631,
    "fib": 0.4913278943874303,
    "xiii": 0.2608133635796268,
    "AP": 0.9498691988383456,
    "D": 0.7612451778459703
  },
  "avg_r2_g1": 0.7829452664956689,
  "avg_r2_g2": 0.7193336075630726,
  "elapsed_s": 780.0177223682404
}