{
  "seed": 10,
  "sigma_pct": 20,
  "best_x": [
    0.25113114103530465,
    0.2242865879373272,
    19.999451065340807,
    18.384591010525746,
    2.6051573220619844,
    303.4118623048648,
    7.100723454869686,
    996.2214059627717,
    9.451845903107536,
    1.6253017589303764,
    3.6548182446026356,
    32.65753019587211,
    34.98764955132709,
    8.466496218703787,
    5.784345740002783,
    0.5790523972800701,
    10.904970742678273,
    99.06857478807513,
    6.1128974714317135,
    2.1148691355682434,
    59.537768664402876,
    599.6433342162397,
    40.684625668971165,
    3.4965904418966884,
    4.959859607252977,
    0.42144369596157094
  ],
  "best_cost": 0.9904002029446639,
  "r2_g1": {
    "recalc": 0.7867340026438367,
    "thrombin": 0.8647589165933063,
    "fib": 0.7199594998062577,
    "xiii": 0.8030736949539504,
    "AP": 0.8073619506955687,
    "D": 0.9083709958194743
  },
  "r2_g2": {
    "recalc": 0.9529154485213536,
    "thrombin": 0.9385204832198226,
    "fib": 0.5218517460169643,
    "xiii": 0.29566010194365144,
    "AP": 0.9776181577395043,
    "D": 0.7562102164318459
  },
  "avg_r2_g1": 0.8150431767520656,
  "avg_r2_g2": 0.7404626923121903,
  "elapsed_s": 868.0716755390167
}