{
  "seed": 1,
  "sigma_pct": 20,
  "best_x": [
    0.2852981636070644,
    0.31484718629600417,
    14.44150870416199,
    13.248555438718768,
    3.7349100686486825,
    461.7918349034271,
    9.033919966310815,
    371.5752897823653,
    9.617307541072552,
    1.9632804310009306,
    3.4608166193423564,
    33.74383440817647,
    36.32940967894754,
    7.443403411886406,
    6.031127779621762,
    0.4875855325271399,
    11.175465228044935,
    109.98050600061492,
    5.112768824970532,
    1.9034721898072542,
    72.37295913414192,
    548.7233478518717,
    34.844002747711656,
    4.010025263444968,
    4.341720915576319,
    0.4269015319475845
  ],
  "best_cost": 1.0080096317084697,
  "r2_g1": {
    "recalc": 0.782505284979608,
    "thrombin": 0.8764454163268933,
    "fib": 0.6933410925256374,
    "xiii": 0.7993849449804413,
    "AP": 0.8202674648748405,
    "D": 0.9139614026179612
  },
  "r2_g2": {
    "recalc": 0.8780693239024245,
    "thrombin": 0.9210425782908881,
    "fib": 0.42368973480410754,
    "xiii": 0.6964874304086441,
    "AP": 0.8995480510442627,
    "D": 0.8001342116928871
  },
  "avg_r2_g1": 0.814317601050897,
  "avg_r2_g2": 0.769828555023869,
  "elapsed_s": 708.2347829341888
}