{
  "seed": 2,
  "sigma_pct": 20,
  "best_x": [
    0.2737014911042832,
    0.2998515124381057,
    11.551568592997913,
    10.34523639463045,
    11.139474486338585,
    426.83446645335675,
    6.5851117295336685,
    442.75360821750803,
    9.544091877110244,
    2.0637540107641446,
    3.098938712589484,
    36.55503985512627,
    37.439267199384616,
    5.620786741504771,
    5.967482223723307,
    0.3784203379186162,
    16.34516485313238,
    148.39138581527533,
    5.049497331854676,
    1.0191225805025792,
    81.65320929870032,
    598.8704062393326,
    29.405079656718044,
    3.7485353127265153,
    4.3887853122390545,
    0.4041240259621427
  ],
  "best_cost": 1.0448249632115523,
  "r2_g1": {
    "recalc": 0.7748839972586379,
    "thrombin": 0.8636788454684491,
    "fib": 0.7570504846589642,
    "xiii": 0.7880252135229391,
    "AP": 0.8247342794142036,
    "D": 0.9210019710348263
  },
  "r2_g2": {
    "recalc": 0.8558099996150745,
    "thrombin": 0.9252671460246672,
    "fib": 0.0658129539295752,
    "xiii": 0.3931574492389336,
    "AP": 0.9264099449950938,
    "D": 0.7198186696913593
  },
  "avg_r2_g1": 0.8215624652263367,
  "avg_r2_g2": 0.6477126939157839,
  "elapsed_s": 796.3309140205383
}