{
  "analysis": "01_w_split_profile",
  "grid": [
    0.0,
    0.3,
    1.0,
    2.0,
    5.0
  ],
  "seeds": [
    42
  ],
  "quick": true,
  "rows": [
    {
      "W_split": 0.0,
      "cost": 1.009646263150016,
      "avg_r2_g1": 0.8541852273132466,
      "avg_r2_g2": 0.5476193440248454,
      "metrics_g1": {
        "recalc": {
          "R2": 0.7690100939953131,
          "RMSE": 36.107491030941915
        },
        "thrombin": {
          "R2": 0.8442986210165936,
          "RMSE": 2.406836870872748
        },
        "fib": {
          "R2": 0.9041681492447224,
          "RMSE": 8.615926697673075
        },
        "xiii": {
          "R2": 0.9384276704012566,
          "RMSE": 12.069312159081933
        },
        "AP": {
          "R2": 0.7929387847071814,
          "RMSE": 0.09136232461033664
        },
        "D": {
          "R2": 0.8762680445144134,
          "RMSE": 5.963473762208503
        }
      },
      "metrics_g2": {
        "recalc": {
          "R2": 0.7015487435473164,
          "RMSE": 6.779675435478759
        },
        "thrombin": {
          "R2": 0.8678818572320994,
          "RMSE": 0.77504655072113
        },
        "fib": {
          "R2": 0.19479132656690712,
          "RMSE": 7.521658933646482
        },
        "xiii": {
          "R2": 0.3772213258611885,
          "RMSE": 5.015325756585921
        },
        "AP": {
          "R2": 0.6742084057603822,
          "RMSE": 0.05817396721596888
        },
        "D": {
          "R2": 0.4700644051811783,
          "RMSE": 7.5692985964685455
        }
      },
      "params": {
        "kd": 0.8434318724815277,
        "kr": 2.24613783452621,
        "krl": 12.326752094713807,
        "kcl": 10.857283675106146,
        "kca": 2.445245211148531,
        "kna": 272.412616206414,
        "knd": 3.7128478895487858,
        "Hm": 149.3699860280176,
        "tp2": 10.000777049724633,
        "s2": 2.972254235590085,
        "a2": 5.572249318821348,
        "ar": 31.500711636765793,
        "cr": 85.21733204513222,
        "br": 6.236826292688656,
        "at": 6.378063299491488,
        "bt": 0.3340142258772517,
        "af": 30.34766711197654,
        "cf": 5.000871686499821,
        "bf": 1.7357274782418062,
        "df": 0.7376737968974136,
        "ax": 84.88325591591774,
        "cx": 599.9330984141451,
        "bx": 24.505147737099527,
        "kx": 2.874205731356148,
        "km": 2.951859403783355,
        "tm": 0.36907331231827645
      },
      "achieved_fractions": {
        "recalc_neutro_frac": 0.4779682083288078,
        "fib_neutro_frac": 0.05282564645253629,
        "xiii_neutro_frac": 0.7467801126738354,
        "day2_V": 0.9553750807650523,
        "day2_AP": 0.3233466751434894,
        "day2_Nr": 1.2328767123287672
      },
      "cached": false,
      "wall_time": 731.3754739761353
    },
    {
      "W_split": 0.3,
      "cost": 0.9555289219634197,
      "avg_r2_g1": 0.8418250608518711,
      "avg_r2_g2": 0.5371187430212485,
      "metrics_g1": {
        "recalc": {
          "R2": 0.78766397140223,
          "RMSE": 34.618851525677044
        },
        "thrombin": {
          "R2": 0.8598083601829674,
          "RMSE": 2.28381796191307
        },
        "fib": {
          "R2": 0.7721131515732308,
          "RMSE": 13.286380593689092
        },
        "xiii": {
          "R2": 0.9214481325140436,
          "RMSE": 13.632263888155487
        },
        "AP": {
          "R2": 0.8058772792826596,
          "RMSE": 0.08846183555483124
        },
        "D": {
          "R2": 0.9040394701560954,
          "RMSE": 5.251757847987876
        }
      },
      "metrics_g2": {
        "recalc": {
          "R2": 0.9240154786526494,
          "RMSE": 3.420855767529391
        },
        "thrombin": {
          "R2": 0.9391774951763432,
          "RMSE": 0.525870378767328
        },
        "fib": {
          "R2": 0.44258989771919455,
          "RMSE": 6.258162446846321
        },
        "xiii": {
          "R2": -0.7992794842293802,
          "RMSE": 8.524748878127559
        },
        "AP": {
          "R2": 0.960700355851507,
          "RMSE": 0.020204730098478663
        },
        "D": {
          "R2": 0.7555087149571769,
          "RMSE": 5.141333592648556
        }
      },
      "params": {
        "kd": 0.2343284109672643,
        "kr": 0.20541223068680364,
        "krl": 13.127114523813049,
        "kcl": 11.631243169526552,
        "kca": 35.7030545335178,
        "kna": 451.13131987181055,
        "knd": 8.182798954307096,
        "Hm": 698.3273625319855,
        "tp2": 9.145569454599553,
        "s2": 1.7051004223379995,
        "a2": 2.957907069535146,
        "ar": 32.84324499392069,
        "cr": 47.393769809145894,
        "br": 6.813507055254666,
        "at": 5.923751439832635,
        "bt": 0.4312008521959464,
        "af": 14.948393220596028,
        "cf": 91.55378389609777,
        "bf": 4.473207605134371,
        "df": 0.15867722144337143,
        "ax": 77.33575291180159,
        "cx": 581.9404075262466,
        "bx": 31.102750521859704,
        "kx": 2.6404863177933393,
        "km": 4.823589567502902,
        "tm": 0.41996193789046565
      },
      "achieved_fractions": {
        "recalc_neutro_frac": 0.3020284909627111,
        "fib_neutro_frac": 0.6474664459970567,
        "xiii_neutro_frac": 0.7355877282315363,
        "day2_V": 0.9553750807650523,
        "day2_AP": 0.28648964675911137,
        "day2_Nr": 1.2328767123287672
      },
      "cached": false,
      "wall_time": 777.3008277416229
    },
    {
      "W_split": 1.0,
      "cost": 1.0367741262634291,
      "avg_r2_g1": 0.8371332588415846,
      "avg_r2_g2": 0.605880898537441,
      "metrics_g1": {
        "recalc": {
          "R2": 0.7317608704459067,
          "RMSE": 38.91005785346286
        },
        "thrombin": {
          "R2": 0.8372196534951917,
          "RMSE": 2.460942184023044
        },
        "fib": {
          "R2": 0.8278533493465963,
          "RMSE": 11.547722696503378
        },
        "xiii": {
          "R2": 0.9291131230171205,
          "RMSE": 12.950085891638098
        },
        "AP": {
          "R2": 0.7994916144541693,
          "RMSE": 0.0899050386170219
        },
        "D": {
          "R2": 0.8973609422905233,
          "RMSE": 5.431436451759793
        }
      },
      "metrics_g2": {
        "recalc": {
          "R2": 0.7197222828040024,
          "RMSE": 6.570016849059108
        },
        "thrombin": {
          "R2": 0.8304702037513383,
          "RMSE": 0.8779495848911724
        },
        "fib": {
          "R2": 0.24884666369551744,
          "RMSE": 7.264800871219391
        },
        "xiii": {
          "R2": 0.6178905938767341,
          "RMSE": 3.928494456571553
        },
        "AP": {
          "R2": 0.7075176741195051,
          "RMSE": 0.055119917418706664
        },
        "D": {
          "R2": 0.5108379729775483,
          "RMSE": 7.272277793663691
        }
      },
      "params": {
        "kd": 0.6501228783013371,
        "kr": 1.6043181661976051,
        "krl": 18.41256269479102,
        "kcl": 15.931193604319695,
        "kca": 2.8628858260297907,
        "kna": 231.47754868339678,
        "knd": 5.001830508136367,
        "Hm": 133.8953116901509,
        "tp2": 10.01471457936102,
        "s2": 2.9959228922683163,
        "a2": 5.221582080566581,
        "ar": 36.884297109682265,
        "cr": 34.78277703968321,
        "br": 7.353982688619308,
        "at": 6.3647290731570685,
        "bt": 0.5057782307777317,
        "af": 14.116474579328326,
        "cf": 108.21001147435027,
        "bf": 5.968948471667151,
        "df": 2.367103973926806,
        "ax": 63.62203591360483,
        "cx": 594.3348434709164,
        "bx": 36.68906632358846,
        "kx": 2.5142369330834677,
        "km": 3.295075948147476,
        "tm": 0.3873565680977684
      },
      "achieved_fractions": {
        "recalc_neutro_frac": 0.25025957769993395,
        "fib_neutro_frac": 0.730697951280538,