{
  "seed": 42,
  "cost": 0.9616642981559657,
  "avg_r2_g1": 0.8284080878692693,
  "avg_r2_g2": 0.7507344381662943,
  "cf_g1": 103.90268035128958,
  "cf_g2": 92.96056858342402,
  "cf_ratio": 0.8946888402602239,
  "per_obs_g1": {
    "recalc": 0.7783033883129711,
    "thrombin": 0.8557185785161562,
    "fib": 0.7306659970159488,
    "xiii": 0.878400805920032,
    "AP": 0.8143323562847122,
    "D": 0.9130274011657964
  },
  "per_obs_g2": {
    "recalc": 0.9218213658753777,
    "thrombin": 0.9405432708341209,
    "fib": 0.4844875373559988,
    "xiii": 0.43356957961065434,
    "AP": 0.9598508460396712,
    "D": 0.7641340292819426
  },
  "wall_time": 863.7314186096191,
  "cached": false,
  "params": {
    "kd": 0.2527627196076395,
    "kr": 0.2245831500149772,
    "krl": 11.834469917522934,
    "kcl": 10.8904298378399,
    "kca": 15.733266349302053,
    "kna": 341.83853918187646,
    "knd": 9.900178912779866,
    "Hm": 22.715950573162782,
    "tp2": 9.262430042831028,
    "s2": 1.7359749898731156,
    "a2": 3.1601855119608624,
    "ar": 33.99757631786454,
    "cr": 36.93943922073846,
    "br": 10.719098190624894,
    "at": 5.873705931504807,
    "bt": 0.7311853852412995,
    "af": 11.555719750028285,
    "cf": 103.90268035128958,
    "bf": 7.9978734208024225,
    "df": 0.29046648549326104,
    "ax": 60.095349981301545,
    "cx": 599.7297358294502,
    "bx": 49.07246026249584,
    "kx": 3.299618076707626,
    "km": 4.914940742719649,
    "tm": 0.42597661420097,
    "cf_g2": 92.96056858342402
  },
  "decomposition": {
    "total": 0.9616642981559657,
    "failed": false,
    "g1_total": 0.7122361243777032,
    "g2_total": 0.2456789725116545,
    "g1_per_observable": {
      "recalc": 0.14149475128401268,
      "thrombin": 0.10531323457514986,
      "fib": 0.169931435000173,
      "xiii": 0.11307427619796813,
      "AP": 0.10178105520384041,
      "D": 0.0806413721165592
    },
    "g2_per_observable": {
      "recalc": 0.013879576921304858,
      "thrombin": 0.0236333008770704,
      "fib": 0.070804371685415,
      "xiii": 0.031887047298414635,
      "AP": 0.02402580886287874,
      "D": 0.08144886686657084
    },
    "constraint": 0.0018746006333039715,
    "constraint_weighted": 0.003749201266607943,
    "saturation_penalty": 0.0,
    "param_name": "cf",
    "cf_g1": 103.90268035128958,
    "cf_g2": 92.96056858342402
  },
  "metrics_g1": {
    "recalc": {
      "R2": 0.7783033883129711,
      "RMSE": 35.37368782100317
    },
    "thrombin": {
      "R2": 0.8557185785161562,
      "RMSE": 2.316891160653297
    },
    "fib": {
      "R2": 0.7306659970159488,
      "RMSE": 14.444171975014704
    },
    "xiii": {
      "R2": 0.878400805920032,
      "RMSE": 16.961141429695218
    },
    "AP": {
      "R2": 0.8143323562847122,
      "RMSE": 0.08651389692326435
    },
    "D": {
      "R2": 0.9130274011657964,
      "RMSE": 4.99976507122667
    }
  },
  "metrics_g2": {
    "recalc": {
      "R2": 0.9218213658753777,
      "RMSE": 3.4698942303262146
    },
    "thrombin": {
      "R2": 0.9405432708341209,
      "RMSE": 0.5199326192955489
    },
    "fib": {
      "R2": 0.4844875373559988,
      "RMSE": 6.018371593260275
    },
    "xiii": {
      "R2": 0.43356957961065434,
      "RMSE": 4.783057094762195
    },
    "AP": {
      "R2": 0.9598508460396712,
      "RMSE": 0.02042193753344693
    },
    "D": {
      "R2": 0.7641340292819426,
      "RMSE": 5.049829745727392
    }
  }
}