{
  "seed": 123,
  "cost": 0.9698831029673517,
  "avg_r2_g1": 0.8306834599439613,
  "avg_r2_g2": 0.7101856459431164,
  "cf_g1": 102.0482566159111,
  "cf_g2": 106.44987022035784,
  "cf_ratio": 1.043132668312145,
  "per_obs_g1": {
    "recalc": 0.779278384715518,
    "thrombin": 0.8631058288462807,
    "fib": 0.7208314688694197,
    "xiii": 0.8944543912280447,
    "AP": 0.8181268388874834,
    "D": 0.908303847117022
  },
  "per_obs_g2": {
    "recalc": 0.9026872418850956,
    "thrombin": 0.922830644754179,
    "fib": 0.4317306433726158,
    "xiii": 0.2948505338585443,
    "AP": 0.949853755489138,
    "D": 0.7591610562991258
  },
  "wall_time": 976.3929386138916,
  "cached": false,
  "params": {
    "kd": 0.27247145730824496,
    "kr": 0.26628524490268246,
    "krl": 15.087853171239832,
    "kcl": 13.848947801640616,
    "kca": 12.125832924168733,
    "kna": 386.05772386573346,
    "knd": 9.78674395450011,
    "Hm": 50.94248484799516,
    "tp2": 9.39562864763635,
    "s2": 1.8338355382758156,
    "a2": 3.637422131028311,
    "ar": 35.385684717829065,
    "cr": 36.61502051877602,
    "br": 9.377414312625891,
    "at": 5.866803023269895,
    "bt": 0.5957535607564941,
    "af": 11.137928355819618,
    "cf": 102.0482566159111,
    "bf": 6.40010236018245,
    "df": 0.5306047569448267,
    "ax": 63.296141385603306,
    "cx": 599.7703095046468,
    "bx": 42.093938605269585,
    "kx": 2.9509397917768014,
    "km": 4.949383780092269,
    "tm": 0.42645838081322607,
    "cf_g2": 106.44987022035784
  },
  "decomposition": {
    "total": 0.9698831029673517,
    "failed": false,
    "g1_total": 0.7056551570922107,
    "g2_total": 0.2614807148863718,
    "g1_per_observable": {
      "recalc": 0.14118326955560034,
      "thrombin": 0.10258177840652087,
      "fib": 0.17300607870773282,
      "xiii": 0.10534612194199229,
      "AP": 0.10073563856116134,
      "D": 0.08280226991920298
    },
    "g2_per_observable": {
      "recalc": 0.015485209302457153,
      "thrombin": 0.026924417287076452,
      "fib": 0.07433915284529657,
      "xiii": 0.035578006657687886,
      "AP": 0.026850911036577513,
      "D": 0.08230301775727622
    },
    "constraint": 0.0013736154943845957,
    "constraint_weighted": 0.0027472309887691913,
    "saturation_penalty": 0.0,
    "param_name": "cf",
    "cf_g1": 102.0482566159111,
    "cf_g2": 106.44987022035784
  },
  "metrics_g1": {
    "recalc": {
      "R2": 0.779278384715518,
      "RMSE": 35.29581738890009
    },
    "thrombin": {
      "R2": 0.8631058288462807,
      "RMSE": 2.256799124943459
    },
    "fib": {
      "R2": 0.7208314688694197,
      "RMSE": 14.705516690157292
    },
    "xiii": {
      "R2": 0.8944543912280447,
      "RMSE": 15.801918291298843
    },
    "AP": {
      "R2": 0.8181268388874834,
      "RMSE": 0.08562529277698715
    },
    "D": {
      "R2": 0.908303847117022,
      "RMSE": 5.133740734990585
    }
  },
  "metrics_g2": {
    "recalc": {
      "R2": 0.9026872418850956,
      "RMSE": 3.871302325614289
    },
    "thrombin": {
      "R2": 0.922830644754179,
      "RMSE": 0.5923371803156819
    },
    "fib": {
      "R2": 0.4317306433726158,
      "RMSE": 6.318827991850209
    },
    "xiii": {
      "R2": 0.2948505338585443,
      "RMSE": 5.336700998653182
    },
    "AP": {
      "R2": 0.949853755489138,
      "RMSE": 0.022823274381090882
    },
    "D": {
      "R2": 0.7591610562991258,
      "RMSE": 5.102787100951125
    }
  }
}