{
  "seed": 7,
  "cost": 0.959443843253877,
  "avg_r2_g1": 0.8301553615731277,
  "avg_r2_g2": 0.7344324976939095,
  "cf_g1": 97.24929127900954,
  "cf_g2": 83.68938304738631,
  "cf_ratio": 0.860565480187206,
  "per_obs_g1": {
    "recalc": 0.775772063084601,
    "thrombin": 0.8529547060176557,
    "fib": 0.7305004703297688,
    "xiii": 0.8853553696743253,
    "AP": 0.8228083883833475,
    "D": 0.9135411719490684
  },
  "per_obs_g2": {
    "recalc": 0.9175111482406166,
    "thrombin": 0.9414858241327528,
    "fib": 0.48446545486872306,
    "xiii": 0.33589920027647824,
    "AP": 0.9592259540995746,
    "D": 0.7680074045453122
  },
  "wall_time": 1211.052862405777,
  "cached": false,
  "params": {
    "kd": 0.2547090247945644,
    "kr": 0.22400609202794347,
    "krl": 15.931718983064952,
    "kcl": 14.559680532492782,
    "kca": 0.11745468589489891,
    "kna": 271.64019663018826,
    "knd": 7.988316263255938,
    "Hm": 27.440207667313075,
    "tp2": 9.256740130136532,
    "s2": 1.7271697802831563,
    "a2": 3.1145554697007416,
    "ar": 34.04107374067988,
    "cr": 35.86027331443855,
    "br": 10.675709518195582,
    "at": 5.853579059422196,
    "bt": 0.7348189071605533,
    "af": 11.013769528034329,
    "cf": 97.24929127900954,
    "bf": 7.7976036787136564,
    "df": 29.99775088080434,
    "ax": 60.437270753517936,
    "cx": 599.9843814032465,
    "bx": 49.98217785440761,
    "kx": 3.209516522568442,
    "km": 4.932417796347925,
    "tm": 0.42912401395948074,
    "cf_g2": 83.68938304738631
  },
  "decomposition": {
    "total": 0.959443843253877,
    "failed": false,
    "g1_total": 0.7082277272344054,
    "g2_total": 0.24802448703326807,
    "g1_per_observable": {
      "recalc": 0.1423002499224578,
      "thrombin": 0.10631714619823188,
      "fib": 0.16998364501931237,
      "xiii": 0.10979317072616329,
      "AP": 0.09943068130376122,
      "D": 0.08040283406447887
    },
    "g2_per_observable": {
      "recalc": 0.014257054770153595,
      "thrombin": 0.023445225991302172,
      "fib": 0.07080588815689393,
      "xiii": 0.03452693466238379,
      "AP": 0.024212058938408342,
      "D": 0.08077732451412625
    },
    "constraint": 0.001595814493101765,
    "constraint_weighted": 0.00319162898620353,
    "saturation_penalty": 0.0,
    "param_name": "cf",
    "cf_g1": 97.24929127900954,
    "cf_g2": 83.68938304738631
  },
  "metrics_g1": {
    "recalc": {
      "R2": 0.775772063084601,
      "RMSE": 35.57506248061445
    },
    "thrombin": {
      "R2": 0.8529547060176557,
      "RMSE": 2.338977216361101
    },
    "fib": {
      "R2": 0.7305004703297688,
      "RMSE": 14.448609826641551
    },
    "xiii": {
      "R2": 0.8853553696743253,
      "RMSE": 16.468975608924495
    },
    "AP": {
      "R2": 0.8228083883833475,
      "RMSE": 0.08451607910819703
    },
    "D": {
      "R2": 0.9135411719490684,
      "RMSE": 4.9849757119976905
    }
  },
  "metrics_g2": {
    "recalc": {
      "R2": 0.9175111482406166,
      "RMSE": 3.5642636925383986
    },
    "thrombin": {
      "R2": 0.9414858241327528,
      "RMSE": 0.5157949718086478
    },
    "fib": {
      "R2": 0.48446545486872306,
      "RMSE": 6.018500493335984
    },
    "xiii": {
      "R2": 0.33589920027647824,
      "RMSE": 5.179040199357568
    },
    "AP": {
      "R2": 0.9592259540995746,
      "RMSE": 0.02058025009764709
    },
    "D": {
      "R2": 0.7680074045453122,
      "RMSE": 5.008194119875828
    }
  }
}