{
  "analysis": "08_groupspec_cf",
  "cost_version": "v13_gs",
  "groupspec_param": "cf",
  "seeds": [
    42,
    7,
    123
  ],
  "results": [
    {
      "seed": 42,
      "cost": 0.9616642981559657,
      "avg_r2_g1": 0.8284080878692693,
      "avg_r2_g2": 0.7507344381662943,
      "cf_g1": 103.90268035128958,
      "cf_g2": 92.96056858342402,
      "cf_ratio": 0.8946888402602239,
      "per_obs_g1": {
        "recalc": 0.7783033883129711,
        "thrombin": 0.8557185785161562,
        "fib": 0.7306659970159488,
        "xiii": 0.878400805920032,
        "AP": 0.8143323562847122,
        "D": 0.9130274011657964
      },
      "per_obs_g2": {
        "recalc": 0.9218213658753777,
        "thrombin": 0.9405432708341209,
        "fib": 0.4844875373559988,
        "xiii": 0.43356957961065434,
        "AP": 0.9598508460396712,
        "D": 0.7641340292819426
      },
      "wall_time": 863.7314186096191,
      "cached": false
    },
    {
      "seed": 7,
      "cost": 0.959443843253877,
      "avg_r2_g1": 0.8301553615731277,
      "avg_r2_g2": 0.7344324976939095,
      "cf_g1": 97.24929127900954,
      "cf_g2": 83.68938304738631,
      "cf_ratio": 0.860565480187206,
      "per_obs_g1": {
        "recalc": 0.775772063084601,
        "thrombin": 0.8529547060176557,
        "fib": 0.7305004703297688,
        "xiii": 0.8853553696743253,
        "AP": 0.8228083883833475,
        "D": 0.9135411719490684
      },
      "per_obs_g2": {
        "recalc": 0.9175111482406166,
        "thrombin": 0.9414858241327528,
        "fib": 0.48446545486872306,
        "xiii": 0.33589920027647824,
        "AP": 0.9592259540995746,
        "D": 0.7680074045453122
      },
      "wall_time": 1211.052862405777,
      "cached": false
    },
    {
      "seed": 123,
      "cost": 0.9698831029673517,
      "avg_r2_g1": 0.8306834599439613,
      "avg_r2_g2": 0.7101856459431164,
      "cf_g1": 102.0482566159111,
      "cf_g2": 106.44987022035784,
      "cf_ratio": 1.043132668312145,
      "per_obs_g1": {
        "recalc": 0.779278384715518,
        "thrombin": 0.8631058288462807,
        "fib": 0.7208314688694197,
        "xiii": 0.8944543912280447,
        "AP": 0.8181268388874834,
        "D": 0.908303847117022
      },
      "per_obs_g2": {
        "recalc": 0.9026872418850956,
        "thrombin": 0.922830644754179,
        "fib": 0.4317306433726158,
        "xiii": 0.2948505338585443,
        "AP": 0.949853755489138,
        "D": 0.7591610562991258
      },
      "wall_time": 976.3929386138916,
      "cached": false
    }
  ]
}