{
  "alpha": 0.8,
  "best_x": [
    1.140652125110853,
    2.9926824764856965,
    11.598566855072214,
    10.66517924713515,
    4.2596388861395305,
    365.10350333474594,
    5.967447176173032,
    73.53808813737018,
    10.036858169850102,
    2.880079322191296,
    7.834778910737315,
    37.598358023666805,
    36.708609865275605,
    6.194555109369215,
    6.1324257446707335,
    0.4173333065161742,
    12.320678464993993,
    106.36318900047786,
    4.655877815630458,
    1.455287961597076,
    46.21736870604535,
    594.4722792911206,
    22.624076757718136,
    2.1710909895841852,
    3.3596653012265403,
    0.3983783063931742
  ],
  "best_cost": 1.048364924431494,
  "r2_g1": {
    "recalc": 0.7414593586390601,
    "thrombin": 0.8351323053445145,
    "fib": 0.8181526054851574,
    "xiii": 0.9176130513209545,
    "AP": 0.7762066180314272,
    "D": 0.8715290092576559
  },
  "r2_g2": {
    "recalc": 0.7367552767904394,
    "thrombin": 0.8598061106206445,
    "fib": 0.333096136938167,
    "xiii": 0.7138541722997529,
    "AP": 0.7416965499243399,
    "D": 0.5430747330367891
  },
  "avg_r2_g1": 0.8266821580131283,
  "avg_r2_g2": 0.6547138299350221,
  "elapsed_s": 921.1896934509277
}