{
  "alpha": 1.2,
  "best_x": [
    0.2605767158747204,
    0.24504059908833642,
    18.29462483664787,
    16.87204680535271,
    39.99159596315346,
    770.5373079122751,
    7.806160922837002,
    55.135142496393314,
    9.379232992522855,
    1.7211599104296882,
    2.9708252074351913,
    34.76333412584178,
    37.25059613462868,
    3.7090705064858263,
    5.924668890237259,
    0.2518921929689859,
    10.418461480942277,
    89.78624990620887,
    2.4661060651090523,
    0.12015873451910669,
    75.49859222827303,
    599.9862217063633,
    20.458775694877403,
    4.512193694184347,
    4.878222214912913,
    0.4260381235594841
  ],
  "best_cost": 0.9585879464140257,
  "r2_g1": {
    "recalc": 0.7986592167482992,
    "thrombin": 0.8702826446495587,
    "fib": 0.7108378457503919,
    "xiii": 0.8678409116847288,
    "AP": 0.8160444456280684,
    "D": 0.9103802423129553
  },
  "r2_g2": {
    "recalc": 0.906333962188155,
    "thrombin": 0.9412684741582578,
    "fib": 0.48159506737387336,
    "xiii": 0.552371363238632,
    "AP": 0.9572314651786997,
    "D": 0.7769747510478648
  },
  "avg_r2_g1": 0.8290075511290004,
  "avg_r2_g2": 0.7692958471975805,
  "elapsed_s": 950.2787444591522
}