{
  "alpha": 1.0,
  "best_x": [
    1.7000846493027095,
    4.809639730908813,
    11.964871984066745,
    10.951284654480755,
    5.775080052145881,
    194.59953217421204,
    4.1763499697559645,
    36.05161827939424,
    10.035678084300287,
    2.9492044888763758,
    6.6925738042689895,
    36.61895364769941,
    36.87926858229481,
    8.002610718623856,
    6.0744698110176305,
    0.5411471126284773,
    11.936453399514185,
    106.00081588325838,
    6.070163112589911,
    1.0566999353001023,
    55.19269883640277,
    599.9873755148933,
    36.63349278232306,
    2.8387099530430158,
    3.328341384509822,
    0.3983764444335242
  ],
  "best_cost": 1.0441705223158784,
  "r2_g1": {
    "recalc": 0.7360974427049265,
    "thrombin": 0.8303196743111455,
    "fib": 0.828621285545002,
    "xiii": 0.9302627808030148,
    "AP": 0.77543096111518,
    "D": 0.8688360417314083
  },
  "r2_g2": {
    "recalc": 0.7347562358351121,
    "thrombin": 0.8601810618436898,
    "fib": 0.32385356478648797,
    "xiii": 0.7019009284228048,
    "AP": 0.7290146767618493,
    "D": 0.538198562364965
  },
  "avg_r2_g1": 0.8282613643684461,
  "avg_r2_g2": 0.6479841716691515,
  "elapsed_s": 1070.7546937465668
}