{
  "alpha": 0.9,
  "best_x": [
    1.475217716667255,
    3.5143638973873164,
    2.622664386397372,
    2.370124957560539,
    6.354710241714055,
    441.75688083204057,
    7.8026552129135425,
    37.71030395853062,
    9.821467385871712,
    2.7303982862154603,
    6.495820246491862,
    35.5258464024615,
    34.40509145253772,
    6.42101993217547,
    5.963676203273036,
    0.4399196689476772,
    12.285079391694511,
    104.13837767875353,
    4.83527922612089,
    0.993876007573435,
    50.73878588149612,
    599.9854844877896,
    26.880179587691615,
    2.7657575665596,
    3.4785582646866393,
    0.39692903157143417
  ],
  "best_cost": 1.050040020394342,
  "r2_g1": {
    "recalc": 0.7452393975376042,
    "thrombin": 0.8416314584016268,
    "fib": 0.8062881593614821,
    "xiii": 0.9069714955790877,
    "AP": 0.7811837440040994,
    "D": 0.8335419768339107
  },
  "r2_g2": {
    "recalc": 0.809784269492724,
    "thrombin": 0.8887101390865766,
    "fib": 0.35074981973735,
    "xiii": 0.6858237315547024,
    "AP": 0.8230371470594587,
    "D": 0.5355295293297591
  },
  "avg_r2_g1": 0.819142705286302,
  "avg_r2_g2": 0.6822724393767619,
  "elapsed_s": 1393.282479763031
}