{
  "alpha": 1.1,
  "best_x": [
    0.24754383641865435,
    0.22092880912159632,
    19.972330788534528,
    18.305266743639606,
    16.901046902171295,
    522.2013631057503,
    6.419124961718649,
    60.09412892364345,
    9.245483987749878,
    1.7170319493460005,
    2.914519035974748,
    33.53971306641334,
    36.35986440192028,
    4.4952352005861265,
    5.8160948185559995,
    0.30763474925083845,
    10.787651021664711,
    99.69380476911462,
    3.2688081878124686,
    0.3145884602253023,
    65.69194665154436,
    599.9682402059732,
    22.970299000609494,
    3.617191152639154,
    4.925009161800941,
    0.42742280419515105
  ],
  "best_cost": 0.9556751641913671,
  "r2_g1": {
    "recalc": 0.7834742236507614,
    "thrombin": 0.858434737142392,
    "fib": 0.7315561455612696,
    "xiii": 0.885854549450575,
    "AP": 0.8167720885592016,
    "D": 0.9099285578132793
  },
  "r2_g2": {
    "recalc": 0.921466843993718,
    "thrombin": 0.9440795565704411,
    "fib": 0.48218700641033363,
    "xiii": 0.3316508642001159,
    "AP": 0.9612367576588734,
    "D": 0.7709485660093829
  },
  "avg_r2_g1": 0.8310033836962464,
  "avg_r2_g2": 0.7352615991404775,
  "elapsed_s": 923.1073513031006
}