{
  "sub_analysis": "21a_alpha_scan",
  "alphas": [
    0.8,
    0.9,
    1.0,
    1.1,
    1.2
  ],
  "results": [
    {
      "alpha": 0.8,
      "best_x": [
        1.140652125110853,
        2.9926824764856965,
        11.598566855072214,
        10.66517924713515,
        4.2596388861395305,
        365.10350333474594,
        5.967447176173032,
        73.53808813737018,
        10.036858169850102,
        2.880079322191296,
        7.834778910737315,
        37.598358023666805,
        36.708609865275605,
        6.194555109369215,
        6.1324257446707335,
        0.4173333065161742,
        12.320678464993993,
        106.36318900047786,
        4.655877815630458,
        1.455287961597076,
        46.21736870604535,
        594.4722792911206,
        22.624076757718136,
        2.1710909895841852,
        3.3596653012265403,
        0.3983783063931742
      ],
      "best_cost": 1.048364924431494,
      "r2_g1": {
        "recalc": 0.7414593586390601,
        "thrombin": 0.8351323053445145,
        "fib": 0.8181526054851574,
        "xiii": 0.9176130513209545,
        "AP": 0.7762066180314272,
        "D": 0.8715290092576559
      },
      "r2_g2": {
        "recalc": 0.7367552767904394,
        "thrombin": 0.8598061106206445,
        "fib": 0.333096136938167,
        "xiii": 0.7138541722997529,
        "AP": 0.7416965499243399,
        "D": 0.5430747330367891
      },
      "avg_r2_g1": 0.8266821580131283,
      "avg_r2_g2": 0.6547138299350221,
      "elapsed_s": 921.1896934509277
    },
    {
      "alpha": 0.9,
      "best_x": [
        1.475217716667255,
        3.5143638973873164,
        2.622664386397372,
        2.370124957560539,
        6.354710241714055,
        441.75688083204057,
        7.8026552129135425,
        37.71030395853062,
        9.821467385871712,
        2.7303982862154603,
        6.495820246491862,
        35.5258464024615,
        34.40509145253772,
        6.42101993217547,
        5.963676203273036,
        0.4399196689476772,
        12.285079391694511,
        104.13837767875353,
        4.83527922612089,
        0.993876007573435,
        50.73878588149612,
        599.9854844877896,
        26.880179587691615,
        2.7657575665596,
        3.4785582646866393,
        0.39692903157143417
      ],
      "best_cost": 1.050040020394342,
      "r2_g1": {
        "recalc": 0.7452393975376042,
        "thrombin": 0.8416314584016268,
        "fib": 0.8062881593614821,
        "xiii": 0.9069714955790877,
        "AP": 0.7811837440040994,
        "D": 0.8335419768339107
      },
      "r2_g2": {
        "recalc": 0.809784269492724,
        "thrombin": 0.8887101390865766,
        "fib": 0.35074981973735,
        "xiii": 0.6858237315547024,
        "AP": 0.8230371470594587,
        "D": 0.5355295293297591
      },
      "avg_r2_g1": 0.819142705286302,
      "avg_r2_g2": 0.6822724393767619,
      "elapsed_s": 1393.282479763031
    },
    {
      "alpha": 1.0,
      "best_x": [
        1.7000846493027095,
        4.809639730908813,
        11.964871984066745,
        10.951284654480755,
        5.775080052145881,
        194.59953217421204,
        4.1763499697559645,
        36.05161827939424,
        10.035678084300287,
        2.9492044888763758,
        6.6925738042689895,
        36.61895364769941,
        36.87926858229481,
        8.002610718623856,
        6.0744698110176305,
        0.5411471126284773,
        11.936453399514185,
        106.00081588325838,
        6.070163112589911,
        1.0566999353001023,
        55.19269883640277,
        599.9873755148933,
        36.63349278232306,
        2.8387099530430158,
        3.328341384509822,
        0.3983764444335242
      ],
      "best_cost": 1.0441705223158784,
      "r2_g1": {
        "recalc": 0.7360974427049265,
        "thrombin": 0.8303196743111455,
        "fib": 0.828621285545002,
        "xiii": 0.9302627808030148,
        "AP": 0.77543096111518,
        "D": 0.8688360417314083
      },
      "r2_g2": {
        "recalc": 0.7347562358351121,
        "thrombin": 0.8601810618436898,
        "fib": 0.32385356478648797,
        "xiii": 0.7019009284228048,
        "AP": 0.7290146767618493,
        "D": 0.538198562364965
      },
      "avg_r2_g1": 0.8282613643684461,
      "avg_r2_g2": 0.6479841716691515,
      "elapsed_s": 1070.7546937465668
    },
    {
      "alpha": 1.1,
      "best_x": [
        0.24754383641865435,
        0.22092880912159632,
        19.972330788534528,
        18.305266743639606,
        16.901046902171295,
        522.2013631057503,
        6.419124961718649,
        60.09412892364345,
        9.245483987749878,
        1.7170319493460005,
        2.914519035974748,
        33.53971306641334,
        36.35986440192028,
        4.4952352005861265,
        5.8160948185559995,
        0.30763474925083845,
        10.787651021664711,
        99.69380476911462,
        3.2688081878124686,
        0.3145884602253023,
        65.69194665154436,
        599.9682402059732,
        22.970299000609494,
        3.617191152639154,
        4.925009161800941,
        0.42742280419515105
      ],
      "best_cost": 0.9556751641913671,
      "r2_g1": {
        "recalc": 0.7834742236507614,
        "thrombin": 0.858434737142392,
        "fib": 0.7315561455612696,
        "xiii": 0.885854549450575,
        "AP": 0.8167720885592016,
        "D": 0.9099285578132793
      },
      "r2_g2": {
        "recalc": 0.921466843993718,
        "thrombin": 0.9440795565704411,
        "fib": 0.48218700641033363,
        "xiii": 0.3316508642001159,
        "AP": 0.9612367576588734,
        "D": 0.7709485660093829
      },
      "avg_r2_g1": 0.8310033836962464,
      "avg_r2_g2": 0.7352615991404775,
      "elapsed_s": 923.1073513031006
    },
    {
      "alpha": 1.2,
      "best_x": [
        0.2605767158747204,
        0.24504059908833642,
        18.29462483664787,
        16.87204680535271,
        39.99159596315346,
        770.5373079122751,
        7.806160922837002,
        55.135142496393314,
        9.379232992522855,
        1.7211599104296882,
        2.9708252074351913,
        34.76333412584178,
        37.25059613462868,
        3.7090705064858263,
        5.924668890237259,
        0.2518921929689859,
        10.418461480942277,
        89.78624990620887,
        2.4661060651090523,
        0.12015873451910669,
        75.49859222827303,
        599.9862217063633,
        20.458775694877403,
        4.512193694184347,
        4.878222214912913,
        0.4260381235594841
      ],
      "best_cost": 0.9585879464140257,
      "r2_g1": {
        "recalc": 0.7986592167482992,
        "thrombin": 0.8702826446495587,
        "fib": 0.7108378457503919,
        "xiii": 0.8678409116847288,
        "AP": 0.8160444456280684,
        "D": 0.9103802423129553
      },
      "r2_g2": {
        "recalc": 0.906333962188155,
        "thrombin": 0.9412684741582578,
        "fib": 0.48159506737387336,
        "xiii": 0.552371363238632,
        "AP": 0.9572314651786997,
        "D": 0.7769747510478648
      },
      "avg_r2_g1": 0.8290075511290004,
      "avg_r2_g2": 0.7692958471975805,
      "elapsed_s": 950.2787444591522
    }
  ]
}