{
  "n_g1": 100,
  "n_g2": 100,
  "observed_g1": {
    "max_recalc": 206.7,
    "min_fib": -52.6,
    "min_xiii": -76.7,
    "t_max_recalc": 11.0
  },
  "g1": {
    "max_recalc": {
      "median": 147.05035943154667,
      "p2_5": 122.06108232034492,
      "p97_5": 175.54664621920068,
      "min": 117.71825706325586,
      "max": 178.05034735825762
    },
    "min_fib": {
      "median": -58.256089313463846,
      "p2_5": -69.0841138686477,
      "p97_5": -46.35864430212353,
      "min": -72.48073956659547,
      "max": -43.635956921778025
    },
    "min_xiii": {
      "median": -77.09073257798104,
      "p2_5": -94.4094281582655,
      "p97_5": -61.438216902493885,
      "min": -100.93458167675982,
      "max": -57.41957008667069
    },
    "max_gHn": {
      "median": 19.715038792088663,
      "p2_5": 13.238238988922031,
      "p97_5": 55.76339065575747,
      "min": 12.396912873914976,
      "max": 80.90746413457852
    },
    "max_Hn": {
      "median": 16.633270332760347,
      "p2_5": 6.753703006425374,
      "p97_5": 52.44108435905032,
      "min": 3.530485494410637,
      "max": 72.6161765465123
    },
    "t_max_recalc": {
      "median": 11.0,
      "p2_5": 10.0,
      "p97_5": 11.0,
      "min": 10.0,
      "max": 11.0
    }
  },
  "g2": {
    "max_recalc": {
      "median": 6.6341927958479,
      "p2_5": 3.001694998051808,
      "p97_5": 11.452664208648937,
      "min": 1.9544166680677826,
      "max": 12.367733669253216
    },
    "min_fib": {
      "median": -1.4024888559043065,
      "p2_5": -8.084247031153852,
      "p97_5": 0.0,
      "min": -8.450986910150014,
      "max": 0.0
    },
    "min_xiii": {
      "median": -13.828271244762746,
      "p2_5": -19.7378547430561,
      "p97_5": -7.30718345792923,
      "min": -21.8414844516461,
      "max": -5.985053751199979
    },
    "max_gHn": {
      "median": 3.6806024276685227,
      "p2_5": 2.314630632752318,
      "p97_5": 9.569914917088616,
      "min": 1.9293223553258836,
      "max": 15.490094161227974
    },
    "max_Hn": {
      "median": 3.47397136718687,
      "p2_5": 2.06739275436057,
      "p97_5": 9.458810494245078,
      "min": 1.6391120518461775,
      "max": 15.158721524112753
    },
    "t_max_recalc": {
      "median": 5.0,
      "p2_5": 5.0,
      "p97_5": 6.0,
      "min": 4.0,
      "max": 6.0
    }
  },
  "validation": {
    "max_recalc": {
      "model": 147.05035943154667,
      "observed": 206.7,
      "ratio": 0.7114192522087406
    },
    "min_fib": {
      "model": -58.256089313463846,
      "observed": -52.6,
      "ratio": 1.107530215084864
    },
    "min_xiii": {
      "model": -77.09073257798104,
      "observed": -76.7,
      "ratio": 1.005094296974981
    },
    "t_max_recalc": {
      "model": 11.0,
      "observed": 11.0,
      "ratio": 1.0
    },
    "g1_g2_separation_max_recalc": 22.165523969032094
  }
}