{
  "param_name": "br",
  "param_idx": 13,
  "baseline_value": 4.111839104760769,
  "baseline_cost": 0.9589071937356771,
  "bounds": [
    0.005,
    15.0
  ],
  "grid": [
    2.493956484842753,
    2.7562481779943804,
    3.04612532931838,
    3.366489126776279,
    3.720545878931025,
    4.111839104760769,
    4.544284998387808,
    5.022211623665647,
    5.5504022308967516,
    6.134143129209284,
    6.779276593715651
  ],
  "profile_costs": [
    0.9636110031952602,
    0.9718618215656801,
    0.9633975336132425,
    0.9566951807953248,
    0.9570831935362614,
    0.9565163388367184,
    0.9575472768846719,
    0.9586922403716532,
    0.9632815273207544,
    0.9660160116707094,
    0.9637511070615163
  ],
  "profile_best_xs": [
    [
      0.25574994647480886,
      0.2401281418095187,
      17.113261938065556,
      15.981969746786604,
      0.9824085917437901,
      419.80104703834934,
      3.0932054530980615,
      140.6049271036984,
      9.155261962238079,
      1.7204734152943502,
      3.6908225122552647,
      28.652234915790046,
      31.89832968764346,
      2.493956484842753,
      5.60599100701185,
      0.18420100702617437,
      9.493177735599204,
      104.77004793504778,
      2.008444968453178,
      5.746631609448253,
      58.899461807476,
      599.9653739909463,
      12.892850407418969,
      3.4879487766207475,
      5.099535261335204,
      0.4330787213234164
    ],
    [
      0.24690525259911336,
      0.21102377818626333,
      16.986158772630283,
      15.158357113270075,
      0.4354484570910964,
      397.1207647026655,
      3.8982399417596114,
      128.97468904346357,
      9.119916631407136,
      1.6990779203260966,
      3.1175470560203533,
      27.590446245343145,
      25.597401373228145,
      2.7562481779943804,
      5.594115325065203,
      0.2290273398846484,
      11.17089753669293,
      103.73695504294876,
      2.566169354569006,
      14.090873569965247,
      59.332541670471784,
      599.999311455397,
      16.689032500763123,
      3.3312064863719577,
      5.219175984671527,
      0.4361768682733529
    ],
    [
      0.24400358437629388,
      0.21427822526194495,
      16.532789915668737,
      14.764722966539836,
      0.36179695893243125,
      400.0361588427295,
      3.9263365090157745,
      143.8385815789968,
      9.108306054057866,
      1.7034594018673905,
      3.1250555331624295,
      30.3669780611788,
      30.027238115604916,
      3.04612532931838,
      5.668100413493676,
      0.23101509322193725,
      10.291327621631567,
      101.51409069890173,
      2.559544061127209,
      15.272139866973333,
      60.46281149402711,
      599.9809432321317,
      16.789729410953697,
      3.1906971090499248,
      5.0451626732895996,
      0.4281632879375967
    ],
    [
      0.24769744238487929,
      0.22248473374586408,
      16.526737047756527,
      15.109372460710187,
      0.39351974445942706,
      429.6286421728496,
      3.9666718390168567,
      80.34569126679335,
      9.175887799512449,
      1.7042704004200808,
      3.2742204159484967,
      33.15372321277508,
      36.60657990965535,
      3.366489126776279,
      5.771208216738369,
      0.23149927118564906,
      10.387149987578937,
      98.15116201815104,
      2.429074035210588,
      13.098614834925733,
      61.60913427084233,
      599.8393300704242,
      15.898302874274727,
      3.6517732159944387,
      4.963079167727818,
      0.4253181589933823
    ],
    [
      0.2500751259333509,
      0.2243451172438069,
      16.324024750795168,
      14.95858524069866,
      0.4062320328553388,
      386.20180906455687,
      3.997150075808496,
      107.5027189511091,
      9.146194854495663,
      1.720341514078287,
      3.238312216662747,
      32.774381664042636,
      34.66757145708014,
      3.720545878931025,
      5.766829603420797,
      0.2595498217307206,
      10.703229957996886,
      97.83956362622683,
      2.7189233544723095,
      12.80993317102337,
      59.7940151391627,
      599.9824789589909,
      17.88872864455066,
      3.195589199777138,
      4.961745986568629,
      0.42901839743294445
    ],
    [
      0.25164093695154977,
      0.22778327974642903,
      16.12360363405989,
      14.861350099462582,
      0.33833845802448786,
      359.7275586078986,
      3.978130057679743,
      60.0070515225018,
      9.172467838962582,
      1.7315678571496673,
      3.219448182338761,
      33.49598972437832,
      36.53899311642919,
      4.111839104760769,
      5.766781469131142,
      0.27901091702135605,
      10.268411243005158,
      95.32588636561556,
      2.9076689057949783,
      13.963327887699919,
      59.82779686595852,
      599.9841889396587,
      19.026159894322436,
      3.4798873397775205,
      4.869192305686746,
      0.42775298063948985
    ],
    [
      0.24832481725020938,
      0.22344147796299513,
      16.65772040570371,
      15.26131344444608,
      0.35829521804748304,
      359.2498566230011,
      4.425929262260338,
      85.20770881200485,
      9.173304872364756,
      1.6992885186930664,
      3.2893518258863494,
      33.431539899752714,
      36.944342740871654,
      4.544284998387808,
      5.785444411633867,
      0.3068821708466884,
      9.316515342261674,
      89.98389820968791,
      3.096742973271607,
      11.568562892536372,
      58.994930993244246,
      599.9884742234167,
      21.251450875443048,
      3.255151205656218,
      4.956246205057542,
      0.42700735034298987
    ],
    [
      0.244423301163623,
      0.2140482875733858,
      17.40085079453339,
      15.968752828261117,
      0.34505775699942465,
      273.83556784149323,
      3.749824861162559,
      129.33629156026473,
      9.090786797750862,
      1.6698307808590507,
      3.279528628990685,
      32.7494987933964,
      35.96618143638719,
      5.022211623665647,
      5.647728269456193,
      0.3431271301044795,
      8.719101837740697,
      83.16119456298335,
      3.3483593306522175,
      9.837038219909955,
      58.19594125480234,
      599.685361969769,
      23.889095592237044,
      3.0699851505472564,
      5.074777310938824,
      0.4283404763840634
    ],
    [
      0.2442156367097107,
      0.2180057533532539,
      16.851147245804178,
      15.464816346202037,
      0.3656904022594643,
      293.49745110108813,
      4.279454134836285,
      127.59622949360059,
      9.10681089593825,
      1.676651125821103,
      3.263210614281213,
      33.41129328428754,
      39.12411585401297,
      5.5504022308967516,
      5.749992433335523,
      0.36399775985954486,
      8.966038913317618,
      83.43845254007704,
      3.5958102790501925,
      9.028711128389503,
      50.51083012038336,
      514.0747045913872,
      21.882389401760967,
      2.5865321039038993,
      4.956050881123643,
      0.4254955906215802
    ],
    [
      0.24603952725376776,
      0.21440008094049356,
      19.274100822855623,
      17.917202946871143,
      0.3315885414396491,
      265.96277124179255,
      4.214463072714082,
      93.78372340090965,
      9.124826714873162,
      1.6667318925131855,
      3.301311429389539,
      34.71878844387649,
      37.92917496418552,
      6.134143129209284,
      5.762950503605797,
      0.40097967485947894,
      10.249746051510488,
      91.46842302239833,
      4.10968150725806,
      12.10165185563475,
      41.89102821572928,
      465.67209113667536,
      21.428413495530265,
      2.3420121133127516,
      5.027419736391007,
      0.42549122652838367
    ],
    [
      0.24301662195790177,
      0.2216399343862941,
      17.223235616163613,
      15.80459673285377,
      0.2859794443743495,
      184.9398710156913,
      3.285036960160042,
      83.71971223293582,
      9.066014453251935,
      1.7126992455176548,
      3.2811316317459305,
      33.413120089868016,
      41.24976533911497,
      6.779276593715651,
      5.677392461595243,
      0.4479281639979324,
      8.097748307062616,
      83.04137686983353,
