{
  "param_name": "bx",
  "param_idx": 22,
  "baseline_value": 18.252583476190942,
  "baseline_cost": 0.9589071937356771,
  "bounds": [
    0.001,
    50.0
  ],
  "grid": [
    11.070751497274003,
    12.235072596029662,
    13.5218464136763,
    14.94395141508054,
    16.515620505082428,
    18.252583476190942,
    20.17222443763434,
    22.29375580136836,
    24.63841056635257,
    27.229654825540596,
    30.09342262242569
  ],
  "profile_costs": [
    0.9688699073941934,
    0.9622475955329483,
    0.9604776976027934,
    0.9582484913346793,
    0.9568828081333786,
    0.9562510946591966,
    0.9568607431005173,
    0.9584501635462697,
    0.9641887880503547,
    0.9687824190182714,
    0.9655329014977106
  ],
  "profile_best_xs": [
    [
      0.25664453035848267,
      0.23891047846548824,
      16.993066347319598,
      15.522020632163919,
      0.45346570508001177,
      458.8205827837155,
      4.272903186249499,
      140.29099045241668,
      9.194668251701325,
      1.7578957107311364,
      3.2423274442107175,
      34.22083174005199,
      37.95289843543456,
      3.459254741143101,
      5.811940869750655,
      0.23431053479827424,
      11.846923838604791,
      106.47836080880242,
      2.5460071592648115,
      14.122054843013643,
      41.73521899130538,
      407.4366821109138,
      11.070751497274003,
      2.211365143500425,
      4.833313850450557,
      0.4302638070096789
    ],
    [
      0.2567610627855031,
      0.24236964595608526,
      16.834156443990494,
      15.48644106631214,
      0.3723214920431376,
      486.00194135089845,
      4.082170648851044,
      55.65376492624259,
      9.229401904720419,
      1.7890920043987217,
      3.2799521693430744,
      34.401360963701634,
      37.17216179218147,
      3.1347281811068015,
      5.830505574787322,
      0.2116132916074383,
      11.602649127456653,
      107.02387997001935,
      2.3126172531988036,
      17.166367930071274,
      50.70926299602279,
      515.3993864821836,
      12.235072596029662,
      3.2443978079360942,
      4.798288138634528,
      0.4266462111789897
    ],
    [
      0.24678917144704038,
      0.2188678296834798,
      18.141429485813653,
      16.72043677938653,
      0.32551247797974747,
      474.27061062875293,
      4.295049776832835,
      115.33101506404319,
      9.14698955967188,
      1.7039701517497599,
      3.211839654940958,
      32.86376511920889,
      35.85867424501592,
      3.320924381137954,
      5.755379498596332,
      0.23019200459200378,
      10.059067764595007,
      96.384304229599,
      2.4269725863687697,
      13.350062715786773,
      49.40577386985488,
      516.07209731997,
      13.5218464136763,
      2.7328789515049854,
      4.951517322670931,
      0.42749983014286863
    ],
    [
      0.2506893081749755,
      0.2250153118106448,
      19.999534583538484,
      18.471664334574108,
      0.4080097505786102,
      361.1408009240046,
      3.439667220897225,
      97.73058326920432,
      9.136513908799948,
      1.714468802120492,
      3.293672951995622,
      32.60372427552677,
      36.81127449992174,
      3.4780977652271723,
      5.716549912360492,
      0.24232496439257434,
      10.797854860558068,
      100.2544413471848,
      2.552879162947909,
      13.63484630596733,
      53.958124095262846,
      540.9710017158955,
      14.94395141508054,
      3.0393595784603424,
      4.960324399284479,
      0.4312978549799835
    ],
    [
      0.24563200247257122,
      0.22494090325176114,
      18.54678221107637,
      16.99838047063246,
      0.4110604976099478,
      407.74721529508145,
      3.8969674177098477,
      122.24043406259389,
      9.143095684494678,
      1.7477543641300322,
      3.2702330536419972,
      32.15455844130385,
      36.10580399462033,
      3.462073013649301,
      5.672606085424259,
      0.23720002962702103,
      10.264854755169942,
      97.90961389622792,
      2.5155878586656293,
      12.829632612353619,
      56.72627552943271,
      599.9014257117892,
      16.515620505082428,
      3.133111877864859,
      4.939036952622457,
      0.4302451413970413
    ],
    [
      0.24990406876940469,
      0.225507146469882,
      16.354242353347825,
      14.910120642424168,
      0.3652037940776026,
      369.85965724155494,
      3.976986411707995,
      56.419089089112504,
      9.175858364699353,
      1.7256234759330729,
      3.2105854126138267,
      32.86057695658245,
      35.65427284164665,
      3.86842299772217,
      5.741063229146901,
      0.2664742717012512,
      10.19826425854487,
      94.18074815768927,
      2.770895680261568,
      12.819760813852842,
      60.10472514687959,
      599.9553576245721,
      18.252583476190942,
      3.612407274276711,
      4.910983284580924,
      0.42762278105245155
    ],
    [
      0.24853574503511133,
      0.22482304735867742,
      19.66565068210224,
      17.926936125914082,
      0.3827265160438673,
      342.2959708979254,
      3.9997719480388625,
      118.34921551097301,
      9.149841002685704,
      1.704817268345658,
      3.278797334876405,
      32.849221657883675,
      34.52111238966155,
      4.176444485217186,
      5.743027529701244,
      0.2863462779268653,
      9.359294663995946,
      88.9251615146892,
      2.937649224052164,
      10.237297066059412,
      57.818432878175884,
      599.5350450900737,
      20.17222443763434,
      3.129137619720595,
      4.974249549604959,
      0.4294192288358918
    ],
    [
      0.24707364780865493,
      0.22354906725954832,
      16.147052747549438,
      14.612819281114238,
      0.32617765697559786,
      300.7028731580854,
      3.854581313692218,
      104.50905045747993,
      9.113286923787006,
      1.7584644724700051,
      3.082156416698981,
      32.053383316631596,
      34.871353450222415,
      4.535517877843964,
      5.614612554158077,
      0.3156164653215373,
      10.283928356136695,
      92.41800767797902,
      3.281363195180364,
      13.542698554638715,
      60.099853455163895,
      599.7461175666565,
      22.29375580136836,
      3.1640794584431626,
      4.9049503657755595,
      0.43224464659667877
    ],
    [
      0.25798800377042974,
      0.22625394710372493,
      16.23542543091142,
      14.533644851709205,
      0.35567537997107623,
      294.36069554310393,
      4.281424262105428,
      124.47190427814849,
      9.189950641495265,
      1.6498865321452514,
      3.3817083340136085,
      31.254795469577218,
      29.742443178600247,
      4.741226101370229,
      5.647279905916978,
      0.33837873188482614,
      10.229196745954994,
      80.20527488970538,
      3.21760951067618,
      11.802678924837092,
      57.858508371038226,
      599.9167556196903,
      24.63841056635257,
      3.199456054443175,
      5.254799810775646,
      0.43116085695732975
    ],
    [
      0.25253648505786847,
      0.23684359657449966,
      10.060410880433029,
      9.073274100345401,
      0.18406450408705205,
      263.2668929506639,
      4.229834952470682,
      149.84694063384848,
      9.165869651258467,
      1.6768988833033243,
      3.5743748131261146,
      30.093421938816427,
      33.84043669662516,
      5.370778542897892,
      5.551021760162843,
      0.3817470905528172,
      8.31727757647984,
      76.24056999370362,
      3.539898476106289,
      18.684974353982007,
      57.42152154858863,
      582.6405944289263,
      27.229654825540596,
      3.218619550231101,
      5.071116501948405,
      0.4302597941916506
    ],
    [
      0.2528581595530215,
      0.23310598952959605,
      12.214500297459562,
      11.0008752617291,
      0.2728687766564406,
      275.51955049402625,
      4.780068415988319,
      117.1786750464218,
      9.184449818335821,
      1.7102850074241913,
      3.3087080628062626,
      31.483049557079696,
      32.357664669630324,
      5.928296909825949,
      5.6633125797479575,
      0.41150588398314236,
      8.929549967051987,
      76.75726367730323,
