{
  "param_name": "Hm",
  "param_idx": 7,
  "baseline_value": 118.42729296944884,
  "baseline_cost": 0.9589071937356771,
  "bounds": [
    3.0,
    1000.0
  ],
  "grid": [
    71.82978413274111,
    79.38418847515705,
    87.73309645777961,
    96.9600667578636,
    107.15744599546426,
    118.42729296944881,
    130.8824000962594,
    144.6474222743273,
    159.86012447219412,
    176.67276052662217,
    195.253596950166
  ],
  "profile_costs": [
    0.9563128894722723,
    0.9564669236620443,
    0.9565474933775995,
    0.956763894087028,
    0.9569810583611791,
    0.9572042593227562,
    0.957388937414769,
    0.9575073310574971,
    0.957734140864695,
    0.9579114597063184,
    0.9582435475167204
  ],
  "profile_best_xs": [
    [
      0.24606990139501744,
      0.21854256409584405,
      16.193474397522152,
      14.8294787098194,
      0.3873159078282613,
      366.46837081540343,
      3.9195515916334083,
      71.82978413274111,
      9.145973908368529,
      1.7156553064790308,
      3.17634415427405,
      33.04845242163644,
      36.61218591638343,
      3.9149878022053475,
      5.757301854038984,
      0.268869520594441,
      10.150151127341616,
      96.20621949042123,
      2.8081574904995112,
      12.47389480747536,
      59.41875707822821,
      599.9839129561573,
      18.402077738659898,
      3.434884457699317,
      4.943715131507366,
      0.4262530265060529
    ],
    [
      0.2477899627759238,
      0.2220391120515521,
      16.306087036816507,
      14.96812525256372,
      0.37701164059263326,
      371.4753858703254,
      3.974603051550538,
      79.38418847515705,
      9.156685252471434,
      1.7173843729517708,
      3.2467853601511294,
      32.724864101130294,
      35.4362635158514,
      3.8734125762306113,
      5.714706459028381,
      0.26755629057064595,
      10.221552423129419,
      96.23514327776195,
      2.8063492286015146,
      12.890981932304413,
      58.49036837376935,
      599.9683208719995,
      18.428546102343425,
      3.3764153989415977,
      4.971460757881005,
      0.4271599058239609
    ],
    [
      0.24588829598124876,
      0.2190950692331976,
      16.331847563744475,
      14.93795735797281,
      0.39282567440003957,
      362.66668741920705,
      3.9297999948006757,
      87.73309645777961,
      9.133201893427401,
      1.6993845800016358,
      3.2334032663684233,
      32.89370487878824,
      36.183351380823346,
      3.942032557021284,
      5.743721083883969,
      0.27122545940359744,
      10.187720834622613,
      96.35939057342199,
      2.8363051129116896,
      12.52625654104146,
      59.29074352945757,
      599.9832010341038,
      18.703065073085227,
      3.3224293512067753,
      4.974844682156277,
      0.4269884259562518
    ],
    [
      0.2502561055779663,
      0.22527180261769308,
      16.31547397062156,
      14.92689161028925,
      0.39881200972453845,
      376.0983226723463,
      4.027277895597036,
      96.9600667578636,
      9.160481482994463,
      1.7189499346789914,
      3.2371026146494994,
      32.68933080802948,
      35.53193872733279,
      3.86511611424008,
      5.7377784924480695,
      0.2675276785088892,
      10.273145418942246,
      95.5482014715838,
      2.780701083464884,
      12.2101371770709,
      58.85710725245192,
      599.9863369158234,
      18.483551921741203,
      3.2526203386596477,
      4.956810983970426,
      0.4285158971669229
    ],
    [
      0.2505881510505177,
      0.22463663818661211,
      16.23980847366657,
      14.834626221658482,
      0.36059912122511306,
      370.882812921647,
      4.017256998211135,
      107.15744599546426,
      9.158202104462699,
      1.708581047564559,
      3.2489380256237865,
      32.75824331255253,
      35.19275795190289,
      3.8811018909760477,
      5.747312159406517,
      0.2689185780738086,
      10.197823893052515,
      94.20335767136812,
      2.783757893999074,
      13.210268401416435,
      59.14459429917639,
      599.949691080676,
      18.723584608014164,
      3.23050300688181,
      4.980907941745793,
      0.42838694364474406
    ],
    [
      0.25072151645553287,
      0.22621672311554825,
      16.296504356652726,
      14.854367199261421,
      0.40767931712516065,
      378.465275202841,
      4.0784207140886055,
      118.42729296944881,
      9.163988474171733,
      1.7073450730350992,
      3.2706497878045018,
      32.724247938633596,
      35.35006143645056,
      3.8724352781308027,
      5.75317829176076,
      0.26763517389556535,
      10.344788881654775,
      94.84567488509704,
      2.773568861911095,
      11.891744368666796,
      59.478483541972956,
      599.9930563537946,
      18.602480285588587,
      3.187711927851236,
      4.975815154286236,
      0.42798895684151994
    ],
    [
      0.24478335594183576,
      0.21551508112196072,
      16.454992943170048,
      15.043720944181437,
      0.3011430614741929,
      375.5904935053107,
      4.088196878056562,
      130.8824000962594,
      9.117841313077612,
      1.6879403801091386,
      3.2174883446192606,
      32.69528919949352,
      36.120005663249145,
      3.9448057322023162,
      5.74274902917085,
      0.2708310883423005,
      10.097719527941102,
      94.85561598714173,
      2.827893749182838,
      15.58563181765054,
      59.4628874429129,
      599.9563769213137,
      18.938012819015423,
      3.1424825418873557,
      5.015979808733148,
      0.42755721388657686
    ],
    [
      0.24732192744293327,
      0.22419150388978565,
      16.36548746719075,
      14.898701842503451,
      0.4325959177316212,
      375.217849262829,
      4.055873183994326,
      144.6474222743273,
      9.136402089148607,
      1.7081135828079366,
      3.2773733758517976,
      32.57535336672652,
      35.64442226563649,
      3.889143551810963,
      5.718957418633211,
      0.2678280429513505,
      9.996243469112036,
      93.2031364391747,
      2.760997772012506,
      10.690611331870667,
      60.016284502783336,
      599.9578486622731,
      18.770861182379164,
      3.1326615415674013,
      4.964877728645318,
      0.42894104270992756
    ],
    [
      0.24923859427856065,
      0.22484432646392055,
      16.295735218967486,
      14.905897009384251,
      0.3911306844083706,
      373.4895199298443,
      4.030421357431136,
      159.86012447219412,
      9.134428276075258,
      1.709304948802569,
      3.25936221534423,
      32.782978091230135,
      35.79515880879184,
      3.914451114792291,
      5.73269174279676,
      0.26958635726729996,
      10.215252136891436,
      94.82833293113003,
      2.7997336320907964,
      12.131968449909476,
      59.772932742170966,
      599.9679668608424,
      18.835324980567442,
      3.057407982400348,
      4.9603074744745,
      0.42940698423428303
    ],
    [
      0.24932601629884327,
      0.22710274610968656,
      16.34490028858552,
      14.915463643887676,
      0.3542781080436056,
      374.26125159666753,
      4.054133305928874,
      176.67276052662217,
      9.145730730779999,
      1.7095395756647858,
      3.3112402695731755,
      32.770487431245456,
      35.60091274440991,
      3.899725155620756,
      5.737687308207286,
      0.26927994051066745,
      10.153260520602103,
      94.85762714191534,
      2.7877282693567795,
      13.670362162545516,
      59.39400971560343,
      599.9283058180539,
      18.888052133882624,
      3.0702793752657476,
      4.9724068880556604,
      0.4289013259319496
    ],
    [
      0.24975248851903942,
      0.22763994725626263,
      16.303472191655807,
      14.908763447446132,
      0.38381496973257534,
      365.38264680775626,
      4.019743398075054,
      195.253596950166,
      9.139503613171986,
      1.7214328301424768,
      3.2662858272990816,
      32.69559281977277,
      35.65563018205643,
      3.987188077052532,
      5.733831400179865,
      0.27444391762374143,
      10.189326156241478,
      94.77630643003583,
