{
  "param_name": "s2",
  "param_idx": 9,
  "baseline_value": 1.7306898282480634,
  "baseline_cost": 0.9589071937356771,
  "bounds": [
    0.8,
    6.0
  ],
  "grid": [
    1.0497164432852422,
    1.1601160853446546,
    1.2821265591146782,
    1.41696898642594,
    1.565992915613076,
    1.7306898282480632,
    1.9127080663890972,
    2.1138693297419353,
    2.3361869078428485,
    2.581885829736989,
    2.8534251328169336
  ],
  "profile_costs": [
    1.017151608365409,
    1.0001138713595976,
    0.9827035205009761,
    0.9685724234964953,
    0.9596957923192393,
    0.9563322814597619,
    0.9612563815760639,
    0.9710996627397509,
    0.9895397804347343,
    1.0067902675976348,
    1.0251495656843381
  ],
  "profile_best_xs": [
    [
      0.20965794981829783,
      0.12479011639939971,
      19.046820637700385,
      17.391026989748816,
      0.3232029709028015,
      301.6036207585098,
      3.8977783877298977,
      136.41639338819192,
      8.822993107981905,
      1.0497164432852422,
      3.2139956482383703,
      32.407629714076236,
      38.3451245685564,
      4.773135888277064,
      5.612456716174116,
      0.3316932028626438,
      9.126544501140877,
      92.9781415416663,
      3.452491104835623,
      11.705226086055923,
      55.869929402828255,
      570.9496658305533,
      21.95486320157409,
      3.046973948369466,
      5.9078476515531,
      0.40725247685969573
    ],
    [
      0.22038228387104108,
      0.14226416713898984,
      17.627418858124383,
      16.14653675472431,
      0.20413043316604607,
      384.29562874652237,
      4.4484536804532,
      111.3193248640765,
      8.944820071728447,
      1.1601160853446546,
      3.219924621280933,
      33.58070611798024,
      39.00567356577626,
      4.320397173310258,
      5.636392817166351,
      0.29451033356815853,
      9.69521230710973,
      90.58676244390185,
      3.0086179030789895,
      18.14347585826948,
      55.43407756206887,
      568.3110416450644,
      19.334958174307918,
      3.1484529566831467,
      5.670386953822879,
      0.41535770790096904
    ],
    [
      0.22600819371907777,
      0.15506944797951305,
      17.585632489090727,
      16.162319888360706,
      0.3087411153380768,
      444.4631665431182,
      4.388560538685402,
      123.42567893537253,
      8.978046845126158,
      1.2821265591146782,
      3.1511076499328734,
      33.61466885612708,
      39.50230272770814,
      3.683691015339604,
      5.7093946717700454,
      0.25352622245636947,
      10.171785007859288,
      98.4734924315755,
      2.668913790257349,
      15.246939106086309,
      60.258960656887496,
      599.9366344076745,
      17.36297800116219,
      3.2680556227326605,
      5.5155519168817655,
      0.4178159421460016
    ],
    [
      0.23433054272594744,
      0.17805949896690865,
      16.82154912902159,
      15.398083584986416,
      0.35501756470885804,
      382.0426690672356,
      4.281909122019798,
      114.95712917515442,
      9.056442368881005,
      1.41696898642594,
      3.252094816992325,
      32.83483273516359,
      37.44562810058203,
      4.104164234735006,
      5.714365559520381,
      0.2812514574757392,
      9.821033785985392,
      93.20893307712646,
      2.896963485390935,
      12.110604115907648,
      62.23028484777254,
      599.9197169441936,
      19.59248802642093,
      3.347406424555592,
      5.330449203049778,
      0.4215660521439908
    ],
    [
      0.24086180137751811,
      0.1992056468053911,
      16.382063417705652,
      15.001683915507343,
      0.38059511855456973,
      360.8740068054632,
      3.982779844200272,
      118.8844089912602,
      9.084439290530335,
      1.565992915613076,
      3.248315349427749,
      33.001913766535125,
      37.1244445778789,
      4.042346028401197,
      5.737824976357123,
      0.27608484679848605,
      10.014834396530336,
      93.39749146111872,
      2.8456249906425883,
      11.614961154022293,
      60.068028724137264,
      599.9757148352269,
      19.211139453277,
      3.244345637195375,
      5.157034357372488,
      0.4247565949493657
    ],
    [
      0.250902093648587,
      0.22830751675100985,
      16.450657341383803,
      15.089866811813712,
      0.4315506851284656,
      365.1493604581086,
      4.010290155116156,
      59.10462483981665,
      9.190187325015845,
      1.7306898282480632,
      3.2542559085258835,
      32.985918279061806,
      36.208159194195964,
      4.000319457673598,
      5.761005011560989,
      0.2756133728301558,
      10.361080692042528,
      97.09867267066662,
      2.8858751633995086,
      11.618945339707,
      59.403812957220794,
      599.982608103385,
      18.774861453385924,
      3.549786706457537,
      4.898046439784348,
      0.4272514580095166
    ],
    [
      0.2568553766905997,
      0.26216217465792774,
      16.33571283360578,
      14.90126650795948,
      0.3752957263055806,
      372.6185758503244,
      3.9202544820283602,
      108.14068333373226,
      9.223392073825305,
      1.9127080663890972,
      3.2815142492906157,
      33.68581791927976,
      36.81879959299721,
      3.879087350793808,
      5.791464081675932,
      0.2650829155293092,
      10.091429725277603,
      95.22203079717431,
      2.7444692610074854,
      12.953804285636036,
      58.608155224760424,
      599.9367994073041,
      18.244881211745163,
      3.1520725298527728,
      4.636791867341115,
      0.4311897196285123
    ],
    [
      0.25555779322228167,
      0.2774227354925973,
      19.997578810484562,
      18.109920392389974,
      0.43130621786571066,
      322.53831281466,
      3.499460722532115,
      105.61831579698125,
      9.189232388146358,
      2.1138693297419353,
      3.0701355021191308,
      33.135681565462505,
      35.147832296415245,
      3.9612450648555972,
      5.79565168374339,
      0.2725047837955856,
      10.273147717460319,
      95.8969229730765,
      2.892162956224359,
      10.676216142095093,
      56.26997690528262,
      599.9556668764762,
      18.7599515158606,
      2.8638875167025155,
      4.4413455287691335,
      0.4311358211247658
    ],
    [
      0.2507532978917514,
      0.2969051936223752,
      16.888171491577637,
      15.387905350278324,
      0.40502369414920625,
      326.58721204853407,
      3.3379559174356412,
      112.75139085643104,
      9.217550560946847,
      2.3361869078428485,
      3.067556068386872,
      33.88199195158368,
      37.63813516517634,
      3.871468271982346,
      5.940763700818714,
      0.2710090335142249,
      10.340411866277789,
      103.37719923986516,
      2.8868949087013,
      12.966074784911864,
      54.05022362143437,
      599.9795671688073,
      17.989149000174805,
      2.921898475897332,
      4.212169499565844,
      0.43138331049309386
    ],
    [
      0.24653015482874896,
      0.33173485920486123,
      18.51003329945447,
      16.853131350387343,
      0.4143254127516345,
      427.6061483592987,
      4.008168150901515,
      34.887113805704246,
      9.333371580336227,
      2.581885829736989,
      3.1754222241430448,
      34.56939911407571,
      39.32235100170148,
      3.6255628900529935,
      5.807349246983662,
      0.24282890566181214,
      11.66402747352685,
      110.38752316481288,
      2.799189543519864,
      13.564116406423324,
      48.92670532474358,
      596.2618987877918,
      15.737725840134985,
      3.3162296941112253,
      3.9594771521141983,
      0.42975412955419756
    ],
    [
      0.3033497129257585,
      0.5696856521968103,
      17.69230663617659,
      15.868568350737444,
      0.2936264700416281,
      161.3286400641482,
      1.7537632109518904,
      28.025779622239344,
      9.446395424581844,
      2.8534251328169336,
      4.232098968634302,
      30.681117845208064,
      31.178037825041688,
      3.760358175765443,
      5.810294447296441,
      0.27070029371541526,
      10.406052782946446,
      92.66752534445871,
      2.9246260748084176,
