{
  "param_name": "kca",
  "param_idx": 4,
  "baseline_value": 0.38178383571640917,
  "baseline_cost": 0.9589071937356771,
  "bounds": [
    0.1,
    100.0
  ],
  "grid": [
    0.2315636017446933,
    0.2559173583330864,
    0.2828324218604715,
    0.31257816732909616,
    0.34545230015750056,
    0.3817838357164091,
    0.4219363922251462,
    0.4663118299649913,
    0.5153542732319447,
    0.5695545552819565,
    0.6294551307551272
  ],
  "profile_costs": [
    0.9569943274864177,
    0.9567943039676543,
    0.9571127570247872,
    0.9571427479965064,
    0.9568995278512998,
    0.9565509412819546,
    0.9560893550863074,
    0.9565571473385861,
    0.9569307567444655,
    0.9575370560827755,
    0.9578465298042722
  ],
  "profile_best_xs": [
    [
      0.2452867724834446,
      0.21864185345233508,
      16.49721254604656,
      14.939268771477622,
      0.2315636017446933,
      384.20860440424065,
      4.034443638013503,
      84.5292983767676,
      9.159854655568804,
      1.6989385697079395,
      3.1611043451377983,
      32.29011876721961,
      36.42021276435,
      3.8009632374851776,
      5.754849980824311,
      0.259758035397807,
      10.04086151306038,
      91.03551636029424,
      2.65253802586938,
      18.736432525010912,
      60.61979702663933,
      599.983788611719,
      18.089861374881124,
      3.4614626187686186,
      4.958721830521915,
      0.4259428043257868
    ],
    [
      0.2521392573220396,
      0.22346798213256824,
      16.255036931118152,
      14.866829393698954,
      0.2559173583330864,
      370.4762746339751,
      4.021460691120847,
      84.49872054745984,
      9.167037220479124,
      1.7023330830991423,
      3.249470404226529,
      32.40738507032023,
      34.81952654114341,
      3.8613675798146074,
      5.721354521780507,
      0.26728053114227135,
      9.949737025778832,
      91.06508179660615,
      2.737679971939125,
      17.1807233331579,
      60.227239764471385,
      599.9972963272032,
      18.625116325850094,
      3.3459723827981525,
      5.005150640828565,
      0.42805833069233334
    ],
    [
      0.2493505488134479,
      0.22402459775880745,
      16.40601961820715,
      15.025482968461512,
      0.2828324218604715,
      374.90622867354085,
      4.0127863991489825,
      109.52450967944435,
      9.149916617519537,
      1.7145942441971096,
      3.254072268176156,
      32.777342203539455,
      35.67952934836332,
      3.8608277023595994,
      5.762216124345624,
      0.26690729463629037,
      9.68964180752496,
      90.06828605621564,
      2.707903657346429,
      14.563034330192917,
      59.71174082905031,
      599.9707095459441,
      18.518340081841927,
      3.1810996551557005,
      4.957780568099782,
      0.4269709273958613
    ],
    [
      0.25078523499160904,
      0.22715054792081257,
      16.351810346573714,
      14.948791949930019,
      0.31257816732909616,
      372.16889849461893,
      4.019971317549924,
      113.61352009066775,
      9.160003558166753,
      1.7033820771706014,
      3.3158785458789355,
      32.63628056596255,
      34.75582917720594,
      3.8652984851165244,
      5.731723147779812,
      0.267967714766269,
      9.84647789664964,
      91.51713728604904,
      2.7398660392579597,
      14.019354674218203,
      59.82921654769294,
      599.9560690238736,
      18.699841453591173,
      3.233781607175629,
      4.97499083498725,
      0.42804922109963395
    ],
    [
      0.24882295159763285,
      0.22445667233084093,
      16.19891666996419,
      14.763465185230618,
      0.34545230015750056,
      368.1286408723776,
      4.058781334400013,
      97.5651012851395,
      9.158777043077517,
      1.7121872684876545,
      3.2487620670485695,
      32.964883736621644,
      35.659057632786876,
      3.9681709558586045,
      5.734408415234752,
      0.2734027619817787,
      10.38587544689672,
      95.7668087205486,
      2.8506658122655635,
      14.456523892876016,
      59.91926398749108,
      599.9922232132752,
      18.998811228787005,
      3.262643680043892,
      4.951888258682764,
      0.4271483863951475
    ],
    [
      0.2517899802233744,
      0.22709871640793686,
      16.29670752588014,
      14.956277046963327,
      0.3817838357164091,
      379.8021982784063,
      4.112773455488669,
      67.62713776149752,
      9.179961982481887,
      1.7244782454890297,
      3.2417761351150958,
      33.2782601791271,
      36.304395487421985,
      3.956873662271106,
      5.759515363375216,
      0.27082389457072237,
      10.468008526696316,
      97.8387487959183,
      2.858100437531962,
      13.252995770569804,
      59.95026063887935,
      599.991753930241,
      18.551431098180274,
      3.435344742985155,
      4.919919272953315,
      0.427824154576978
    ],
    [
      0.2506025622183948,
      0.2225003522439536,
      16.681193890289755,
      15.27760490749527,
      0.4219363922251462,
      357.6593965615239,
      3.964957281722745,
      55.067053148390684,
      9.17461768235922,
      1.714183143245182,
      3.1685488870052403,
      33.05251375974495,
      35.43580289933482,
      4.022380029958537,
      5.776456709335995,
      0.2789169780792534,
      10.100321333968335,
      92.9967772362439,
      2.857019193608254,
      10.69773601115254,
      59.85107688647386,
      599.9891428181883,
      18.935824804840834,
      3.5807928357111467,
      4.9317629930936775,
      0.42676590891586175
    ],
    [
      0.24374678166180214,
      0.21421550058252803,
      16.164111972762555,
      14.762886306416753,
      0.4663118299649913,
      361.7642556594333,
      3.9362746720438384,
      69.3884805558207,
      9.13222082335282,
      1.6834236685179271,
      3.197147080362509,
      32.9752189037618,
      36.111920223305276,
      3.950796844496077,
      5.763705385274026,
      0.2721829765852105,
      10.220096149235378,
      97.83717353972622,
      2.8667430939063516,
      10.958068889791708,
      59.75377845070628,
      599.5728763430182,
      18.677500643137307,
      3.4868734571993,
      4.979580173837267,
      0.4267191080277175
    ],
    [
      0.2497446130987739,
      0.2270003392331841,
      16.389012763207173,
      14.972753042120878,
      0.5153542732319447,
      373.0600826586111,
      4.04130479695441,
      94.94594840217701,
      9.158996896957797,
      1.7280112990976093,
      3.2340990288830245,
      32.98401116356322,
      35.70997145391144,
      3.9182675366446214,
      5.7956657284367585,
      0.27141850311349697,
      10.436191385908247,
      98.043200844853,
      2.848191632489676,
      10.094959296900871,
      61.054147760752095,
      599.9808575741062,
      18.7628719188514,
      3.28896020258186,
      4.914060597532131,
      0.4291986580497045
    ],
    [
      0.2531826525194778,
      0.23120213416237076,
      16.101610739786047,
      14.763355637335566,
      0.5695545552819565,
      374.21168355629237,
      4.017473333813752,
      118.43458387557914,
      9.168058153043098,
      1.7370847519988752,
      3.262570173505072,
      32.897857869164206,
      35.68782734454915,
      3.9011146500606357,
      5.7501597384031395,
      0.2690644952006438,
      10.770273863992694,
      99.16563916599361,
      2.845298561375147,
      9.357382194308403,
      60.04813060486285,
      599.9873486096877,
      18.661426012388397,
      3.1779761816899006,
      4.919175928912372,
      0.4301237397664174
    ],
    [
      0.2518891102700769,
      0.23019915973909896,
      16.196569111154528,
      14.845446523809056,
      0.6294551307551272,
      368.56833419743066,
      3.9620716241248637,
      112.01289675150184,
      9.170313203302946,
      1.7326761437787255,
      3.30992575724865,
      33.032876378622504,
      35.588572328559266,
      3.8860231133179575,
      5.744096648399788,
      0.2668304109059114,
      10.963735889035577,
      103.68435237836215,
      2.903095141583716,
