{
  "param_name": "krl",
  "param_idx": 2,
  "baseline_value": 16.256358384527545,
  "baseline_cost": 0.9589071937356771,
  "bounds": [
    0.3,
    20.0
  ],
  "grid": [
    9.85997977549249,
    10.896962900688356,
    12.043006493190024,
    13.309580542469805,
    14.709361347323124,
    16.256358384527545,
    17.966054520395062,
    19.85556096850215,
    20.0,
    20.0,
    20.0
  ],
  "profile_costs": [
    0.9634318754552538,
    0.9604935305563711,
    0.9595946730286915,
    0.9588574047908616,
    0.9581552950991269,
    0.9563991996463761,
    0.9565638333256238,
    0.9564269737932408,
    0.9558424259897503,
    0.9558424259897503,
    0.9558424259897503
  ],
  "profile_best_xs": [
    [
      0.2613239914482045,
      0.24904487485534849,
      9.85997977549249,
      9.069743273151381,
      0.33680017262206685,
      354.93508248785633,
      4.095397971606463,
      132.6498255097211,
      9.178183016260142,
      1.7754538689188877,
      3.3515000829720414,
      33.161410961037475,
      36.61336924220103,
      4.243164884834595,
      5.721432253823279,
      0.2879101594302931,
      9.749198349222596,
      93.43607504372483,
      3.0040787441156267,
      12.818496852542012,
      60.24579384402645,
      582.2829409129015,
      19.639894663440472,
      3.056320785942491,
      4.825150078412049,
      0.4256551228345167
    ],
    [
      0.25266159903693874,
      0.22946318743492405,
      10.896962900688356,
      10.022852713343237,
      0.373401315482068,
      361.021250105598,
      4.070260012138327,
      113.92389535423757,
      9.131651087984814,
      1.7312972823262793,
      3.2869589797936944,
      32.52831482004189,
      36.56901708023945,
      4.103656259185833,
      5.733739183124824,
      0.28365287897553826,
      10.56662337501706,
      98.83524579036111,
      2.991162797439898,
      13.81110629503057,
      59.37986853943559,
      599.9696799608585,
      19.552850529712416,
      3.0994982819153036,
      4.953991776808072,
      0.42666573911854666
    ],
    [
      0.251115607817405,
      0.22759978826066352,
      12.043006493190024,
      11.039850602259182,
      0.4106969126110248,
      391.45128029538796,
      4.153829063213452,
      114.87675442460062,
      9.148848278945605,
      1.725046293087778,
      3.281642363930683,
      32.72475339514757,
      37.110931421117826,
      3.8778912376895334,
      5.714081026316164,
      0.26413248470846096,
      10.258988341577002,
      99.93853000671342,
      2.812040219947514,
      12.98469951270203,
      60.10147807557727,
      599.9556805387076,
      18.40723628542281,
      3.20321719764695,
      4.9661510485365055,
      0.4279054838776165
    ],
    [
      0.24747121801369226,
      0.22088082498034473,
      13.309580542469805,
      12.22179752311034,
      0.37050343034689437,
      364.55619815341265,
      4.088887343999588,
      114.21756865102788,
      9.114062372947128,
      1.7184420300872887,
      3.2001319448911563,
      33.2025389362375,
      36.83806665474194,
      4.123656666668559,
      5.777174159101925,
      0.28393818595851306,
      10.313467927252006,
      98.53100447844241,
      2.9908011069333114,
      13.587902607860201,
      58.07289605507063,
      599.9763380475392,
      19.459515488351414,
      3.0516205171146975,
      4.954369398329492,
      0.42731008042888274
    ],
    [
      0.24777736461236244,
      0.22256995234884241,
      14.709361347323124,
      13.461463243254356,
      0.38437985858864676,
      381.2926630210403,
      4.149109511915773,
      115.75993744647513,
      9.137557130035736,
      1.7118235233315637,
      3.2459068566368963,
      33.72669852811384,
      36.91572553157536,
      3.981946562714529,
      5.746738819047605,
      0.27248558335170026,
      9.911047436534497,
      96.3836917634269,
      2.8348730864152447,
      12.993097993992645,
      59.560606560123986,
      599.9732248156115,
      18.849346928222808,
      3.1342088444551024,
      4.956025098697417,
      0.42719700813088146
    ],
    [
      0.25102752567134134,
      0.2250731832666706,
      16.256358384527545,
      14.93805821710891,
      0.4509027796581453,
      371.1498591574309,
      4.094434704289499,
      55.556843375260414,
      9.188342321914277,
      1.7283597420811385,
      3.204629317881663,
      33.097518512908444,
      35.92175857688966,
      4.034736159130395,
      5.762936757622736,
      0.2776650776664521,
      10.421333684114149,
      96.77437150115802,
      2.902312804845054,
      11.012233752231907,
      59.665454952479664,
      599.9766290267296,
      18.872184674535823,
      3.587291463631873,
      4.918801784353391,
      0.4271086761371793
    ],
    [
      0.24609332272454365,
      0.21981013987724735,
      17.966054520395062,
      16.471301535589326,
      0.38798441363457303,
      353.4234282170553,
      3.7579945329798505,
      120.9566329295672,
      9.119363529556495,
      1.7043727032672467,
      3.2578275536772736,
      32.64212300866959,
      36.77221367878663,
      3.8828627373051336,
      5.711194994143874,
      0.26637772190120046,
      10.174092548363577,
      96.78877265261222,
      2.792273096472924,
      12.743207132347054,
      58.842752873153444,
      599.9693943697423,
      18.470986211357577,
      3.1552572367164,
      4.994223455048319,
      0.4284274224537309
    ],
    [
      0.24792259451520426,
      0.2230982297608739,
      19.85556096850215,
      18.160936757593014,
      0.3590618265527469,
      368.38146169972015,
      4.04219402661071,
      111.7038425568418,
      9.136828427684893,
      1.7189959063514348,
      3.192580493812487,
      33.20614251593585,
      35.41558933692597,
      3.994064547993715,
      5.78479549597376,
      0.27577989169856554,
      10.06782648155886,
      92.79873322515752,
      2.831956759213509,
      12.375446230980474,
      58.980446397204034,
      599.9339646682226,
      18.94772237689585,
      3.0307063626036204,
      4.911496076659115,
      0.4291228399046879
    ],
    [
      0.24765507734014336,
      0.22302874306953613,
      20.0,
      18.31699028664174,
      0.38167766363808875,
      384.09174854118646,
      3.8495880112381933,
      121.04895314621541,
      9.150786608785374,
      1.7086058993881839,
      3.2651620060871647,
      32.73461764099113,
      35.46227838779468,
      3.6377624394553845,
      5.737754333050265,
      0.25103915926700804,
      10.186257128399397,
      94.68932773850833,
      2.601622190603706,
      12.448530753400014,
      58.849424332725505,
      599.9024937238364,
      17.399785740963793,
      3.216740263900933,
      4.967569769829307,
      0.42776894990140724
    ],
    [
      0.24765507734014336,
      0.22302874306953613,
      20.0,
      18.31699028664174,
      0.38167766363808875,
      384.09174854118646,
      3.8495880112381933,
      121.04895314621541,
      9.150786608785374,
      1.7086058993881839,
      3.2651620060871647,
      32.73461764099113,
      35.46227838779468,
      3.6377624394553845,
      5.737754333050265,
      0.25103915926700804,
      10.186257128399397,
      94.68932773850833,
      2.601622190603706,
      12.448530753400014,
      58.849424332725505,
      599.9024937238364,
      17.399785740963793,
      3.216740263900933,
      4.967569769829307,
      0.42776894990140724
    ],
    [
      0.24765507734014336,
      0.22302874306953613,
      20.0,
      18.31699028664174,
      0.38167766363808875,
      384.09174854118646,
      3.8495880112381933,
      121.04895314621541,
      9.150786608785374,
      1.7086058993881839,
      3.2651620060871647,
      32.73461764099113,
      35.46227838779468,
      3.6377624394553845,
      5.737754333050265,
      0.25103915926700804,
      10.186257128399397,
      94.68932773850833,
      2.601622190603706,
      12.448530753400014,
      58.849424332725505,
