{
  "param_name": "kna",
  "param_idx": 5,
  "baseline_value": 367.4052297741426,
  "baseline_cost": 0.9589071937356771,
  "bounds": [
    1.0,
    1500.0
  ],
  "grid": [
    222.84253639678244,
    246.27909053593788,
    272.1804885904382,
    300.80596045777276,
    332.4419994817439,
    367.4052297741427,
    406.0455750952834,
    448.74976100860897,
    495.9451853601116,
    548.1041958196321,
    605.7488172950971
  ],
  "profile_costs": [
    0.9603851316120263,
    0.9561591766494257,
    0.9562596189146363,
    0.9565344697085915,
    0.957201306709071,
    0.956378874223913,
    0.9571266698594612,
    0.9571485635896394,
    0.9580585144337936,
    0.9596408515698621,
    0.9605391683800372
  ],
  "profile_best_xs": [
    [
      0.2544664455766392,
      0.23791970113381045,
      15.74435478614906,
      14.449713390545444,
      0.41363854314162174,
      222.84253639678244,
      2.482172785044942,
      96.88886086080157,
      9.048575829725117,
      1.7541155637131105,
      3.3406957504991963,
      33.511550121718685,
      38.18524375489112,
      4.126706678704469,
      5.708980367759292,
      0.2815102478877395,
      10.683247456200029,
      100.96809810400623,
      2.9861280605215725,
      13.435887818445089,
      58.24712161378066,
      578.6766956908655,
      18.744316097363566,
      3.253365164197385,
      4.872240572893473,
      0.43357599259499313
    ],
    [
      0.2492031377504808,
      0.22778115750593758,
      19.98076198050645,
      18.209140102973162,
      0.4563804965389361,
      246.27909053593788,
      2.8728561466096334,
      119.03184830872033,
      9.069760612107295,
      1.7140988386896567,
      3.313214625428138,
      32.07430966476849,
      34.026270573425776,
      4.140184566100601,
      5.686578602424513,
      0.2898051152167156,
      9.578531223463933,
      90.28666989377164,
      2.936195334495527,
      9.47308665592281,
      58.65702094312838,
      599.9695149499497,
      20.277441368607825,
      3.2123750405890803,
      4.969291005129949,
      0.43070425443211247
    ],
    [
      0.24788087638403797,
      0.22382317015355882,
      19.402426324576354,
      17.714553129548136,
      0.3883847793945131,
      272.1804885904382,
      2.8584621115229814,
      107.11974616088156,
      9.071275914035908,
      1.712668633078571,
      3.2878155813940793,
      32.424087167301145,
      35.01167013727156,
      3.779282624966453,
      5.617640465638769,
      0.2591764300252454,
      9.48825860998195,
      93.47268270125565,
      2.692894918074476,
      11.764457960762705,
      54.456201691574556,
      599.7662414077361,
      18.18745496977227,
      3.3193871483584925,
      5.0286076895683305,
      0.43149078731181073
    ],
    [
      0.24444719231266698,
      0.2172435574160637,
      18.002218897525424,
      16.41315522905532,
      0.36902129139514883,
      300.80596045777276,
      3.4680017540475365,
      114.83466871933555,
      9.089891776564112,
      1.6978173814374729,
      3.186452798974992,
      32.1522103026053,
      35.6246088759003,
      4.15923962039922,
      5.714402512934726,
      0.2870912015560694,
      9.680578766290036,
      94.00836775267956,
      2.999978294062073,
      11.965300588934433,
      58.55453792907424,
      599.8415091903057,
      20.065904284828896,
      3.167948638753775,
      4.982852940050006,
      0.4277043666325033
    ],
    [
      0.25016854222482576,
      0.2282749445711172,
      16.413862188645275,
      15.044942865818157,
      0.4553548710556201,
      332.4419994817439,
      3.6955348937538517,
      110.90803917301528,
      9.139905844639312,
      1.7177128103194008,
      3.3405960409284896,
      33.1412626526309,
      36.18383862750744,
      4.045262016886902,
      5.710013858896483,
      0.2772356513592797,
      10.181990352371589,
      94.74939807322005,
      2.8678376023161407,
      10.586240131957162,
      56.20698856321967,
      599.9950623750567,
      19.221332336535028,
      3.2036398885629866,
      4.992600292432249,
      0.42900004678337234
    ],
    [
      0.25210859583894113,
      0.22714184502793178,
      16.37631454222901,
      14.99797706071046,
      0.37953977067087086,
      367.4052297741427,
      4.064422390815897,
      59.762578936688776,
      9.18564711896503,
      1.7263803668565336,
      3.2347846296863993,
      32.802359399767695,
      35.152523731721736,
      3.985817338474416,
      5.755027241047869,
      0.2761616906599249,
      10.293892645294832,
      95.41209475469722,
      2.8709912909999042,
      12.765813614083324,
      58.929063945673896,
      599.9906970112733,
      18.82276559145781,
      3.4930703493767785,
      4.937454005614244,
      0.42803167575342
    ],
    [
      0.2509631233390184,
      0.2289257044139192,
      16.391032120989507,
      15.014796783266771,
      0.3830158037532838,
      406.0455750952834,
      4.254031224139728,
      105.90484268319051,
      9.177763943402365,
      1.723654614775684,
      3.2832458661087154,
      33.111114619712154,
      36.130579427460404,
      3.8101920236697167,
      5.7888467433139965,
      0.264221927850226,
      10.465635580867277,
      96.21869136283098,
      2.7346312939989224,
      12.838691246058678,
      59.97012329459185,
      599.9938205837207,
      18.132464768818267,
      3.2381904100386096,
      4.920896655592802,
      0.42829480436426937
    ],
    [
      0.24472644410976813,
      0.2184284588012913,
      18.30445065052849,
      16.612133073971975,
      0.33653557717611204,
      448.74976100860897,
      4.6535425771137735,
      110.05129758058445,
      9.165085290027243,
      1.6982740058804353,
      3.1959887160703206,
      32.49399649794633,
      34.73122171816692,
      3.711252524788042,
      5.710161159750112,
      0.25712884813953796,
      10.3489587403159,
      93.2494725068103,
      2.6411143012790967,
      14.178051668598886,
      58.91379771604394,
      599.96880135536,
      17.87631295261276,
      3.255607104967685,
      4.980530231956031,
      0.4298914817791736
    ],
    [
      0.24597333187708992,
      0.22024759657979223,
      16.975883230629947,
      15.499362673851596,
      0.3465092753564708,
      495.9451853601116,
      5.274621514348819,
      103.5393111814085,
      9.184964470206872,
      1.7167467803773158,
      3.179883975589423,
      32.873697804335606,
      35.089925966012274,
      3.856174426551496,
      5.740384837475322,
      0.2672599640719009,
      9.893918077077494,
      92.92443788802433,
      2.737036737782117,
      12.775073137112289,
      59.38521244726053,
      599.9434130002231,
      18.321961421429936,
      3.1209897068644583,
      4.967057463953808,
      0.4271605643992068
    ],
    [
      0.2577527297017227,
      0.25444197114718275,
      18.208141563915728,
      16.889052509443324,
      0.6103732363936011,
      548.1041958196321,
      5.379614352207394,
      101.95388067720549,
      9.303479211031911,
      1.761146174061842,
      3.622343038718813,
      33.441289579178445,
      36.732028724410334,
      3.6654666783034036,
      5.8460773519679705,
      0.2496600561907878,
      10.23554879676469,
      95.35957081637822,
      2.5405161447972944,
      8.144648450849882,
      60.82279851744472,
      599.231674099862,
      16.918202677112696,
      3.2742455136497437,
      4.7808400676300735,
      0.42536894257004443
    ],
    [
      0.2442001166034763,
      0.2151805702921537,
      15.518715914509604,
      14.42234796063461,
      0.41501924321991546,
      605.7488172950971,
      6.222419380485846,
      100.77997191784479,
      9.19939895924919,
      1.6683795540791613,
      3.3413277498554708,
      34.62422578921599,
      39.626109315572506,
      3.9198662863886886,
      5.846560806691815,
      0.26390012923451833,
      9.516001666311418,
      95.9156052215236,
