{
  "param_name": "cr",
  "param_idx": 12,
  "baseline_value": 37.253980602080794,
  "baseline_cost": 0.9589071937356771,
  "bounds": [
    5.0,
    600.0
  ],
  "grid": [
    22.59568143150171,
    24.97208999219761,
    27.598427622944726,
    30.500979593494126,
    33.7087956195485,
    37.25398060208079,
    41.172015943973996,
    45.50211465982695,
    50.28761383298431,
    55.57640834763294,
    61.42143023690056
  ],
  "profile_costs": [
    0.9671562169625744,
    0.9632742107813145,
    0.9605388911948858,
    0.9580174201465345,
    0.9567448096430157,
    0.9567278504905936,
    0.9576250694567442,
    0.9600000917531406,
    0.9636135578853458,
    0.9681080577456078,
    0.9738276511666909
  ],
  "profile_best_xs": [
    [
      0.2562221057421645,
      0.22923791213287847,
      17.079925329900533,
      15.439456468032953,
      0.3839351121820601,
      365.8786917829112,
      4.137954620669777,
      100.617799990917,
      9.18558059175393,
      1.708739915487509,
      3.260568128369159,
      30.46567855406351,
      22.59568143150171,
      3.593456196509195,
      5.728285242251392,
      0.27349221367859433,
      10.532419367503074,
      93.9835478099911,
      2.8349182798883863,
      13.237880541843513,
      60.56629921142165,
      599.9854301337655,
      19.30978421753801,
      3.318983276931589,
      5.076319270566328,
      0.4329310093297375
    ],
    [
      0.25367337275862856,
      0.2275115895463708,
      16.47638846481825,
      14.896431782485896,
      0.3683529258146879,
      358.8716888627833,
      3.9461823431645042,
      102.58144882079344,
      9.160118012302314,
      1.7141417580798137,
      3.2473804142755687,
      30.70430721691843,
      24.97208999219761,
      3.5802564396352032,
      5.702384924209162,
      0.266614228095397,
      10.270089310708837,
      92.72750182191825,
      2.7478386495613325,
      13.096443060694112,
      58.9922398278618,
      599.995458754139,
      18.75854296748488,
      3.2562836214288655,
      5.0756023322198605,
      0.4314265170954802
    ],
    [
      0.25453730124553164,
      0.22927570219507806,
      16.21073384909346,
      14.694824316643176,
      0.3489312913357919,
      369.63971313030095,
      4.123833313672709,
      93.87401602487328,
      9.174059066089187,
      1.7114904300614215,
      3.2620947875198625,
      31.54718311903907,
      27.598427622944726,
      3.737045353280805,
      5.7512270807772445,
      0.2732525959995737,
      10.546062183080924,
      94.56457182518143,
      2.8251955565126927,
      14.483708483709727,
      59.63671749758615,
      599.9695940310982,
      19.0209962051001,
      3.2704462402943126,
      5.025270658228535,
      0.43010716012989586
    ],
    [
      0.25201782423623775,
      0.22399988732577175,
      16.321143534307822,
      14.863619513937511,
      0.4387643479199771,
      367.15674615366356,
      3.9728275917618374,
      78.5140314634455,
      9.155664345570772,
      1.7218419946884185,
      3.165616814673891,
      31.960435711319455,
      30.500979593494126,
      3.7454393735786358,
      5.756045745795544,
      0.2683006735498471,
      10.546734327012118,
      98.77687338183523,
      2.8465312219457655,
      12.04857344628488,
      59.2815344524718,
      599.98728213814,
      18.484477905791202,
      3.3361608809783503,
      4.995417108202034,
      0.4314471308255964
    ],
    [
      0.2502528474926542,
      0.2259298676067355,
      16.380554401428178,
      14.963590055052375,
      0.39018050306299445,
      372.9797203958068,
      4.040819068165954,
      69.736209832079,
      9.170930722949283,
      1.7387754050322377,
      3.1902530376584144,
      32.590025337986354,
      33.7087956195485,
      3.879473521666567,
      5.757519513475908,
      0.2708396197384911,
      10.520485367907566,
      99.02514039852917,
      2.8746203307455414,
      13.22212598805579,
      59.20476575395523,
      599.9824001956351,
      18.52204001014659,
      3.389553711649006,
      4.9436024318940985,
      0.42744990742491706
    ],
    [
      0.2506450199079307,
      0.22844848618726246,
      16.312686873775306,
      14.884738882053743,
      0.3924429686347827,
      373.03553663268946,
      4.10012972282874,
      66.50891364547374,
      9.171019958343035,
      1.7420472874278805,
      3.2111435393150938,
      33.188787286479496,
      37.25398060208079,
      4.007790937168238,
      5.746114393804261,
      0.27204229132885605,
      10.547067366785313,
      97.72414048668632,
      2.8860550168413592,
      13.087569779419377,
      59.75603870124496,
      599.9857821580845,
      18.784103448047755,
      3.434654908561768,
      4.890676510515812,
      0.4295525919609593
    ],
    [
      0.2489463085182362,
      0.22388678033608753,
      16.180533139970137,
      14.919988011809469,
      0.4137129638509312,
      373.1604509613626,
      4.1046355764343945,
      62.30000809060893,
      9.183247251464778,
      1.714496291812618,
      3.2621310421147394,
      33.99627095355237,
      41.172015943973996,
      4.1882136421790594,
      5.782758662266923,
      0.27803146433333303,
      10.303957267720401,
      96.40456810854778,
      2.8969310198377363,
      11.759856871525193,
      60.452224127749844,
      599.9775548240143,
      18.93767247297991,
      3.5171166622254235,
      4.896479708779122,
      0.4257796049340419
    ],
    [
      0.2449457197527729,
      0.2225890300882447,
      16.268727692058526,
      15.037999889946079,
      0.32865548270089606,
      374.14402848849636,
      4.012421531028279,
      72.21527512709014,
      9.156282755149068,
      1.7137202325481633,
      3.293799090378128,
      35.07860537410022,
      45.50211465982695,
      4.194112718204568,
      5.792457341297482,
      0.2733390812047274,
      10.10149742870302,
      95.6998918836178,
      2.83201250481288,
      14.30870678692137,
      60.568509441861835,
      599.2343899148868,
      18.62016914270479,
      3.4431718896859103,
      4.870544059398393,
      0.42633624309588813
    ],
    [
      0.24356620694135434,
      0.21755381167814553,
      16.349588554147083,
      15.070192073745995,
      0.3173022882275884,
      376.8030021237994,
      3.9800079040966567,
      81.55998455864656,
      9.136918832831375,
      1.7022169572555033,
      3.207506807594959,
      36.921274308531025,
      50.28761383298431,
      4.2699030990753,
      5.785631775782549,
      0.26933826671347305,
      10.362734373817108,
      96.65869588188053,
      2.810804892419596,
      15.256340887767124,
      60.89516695761678,
      599.9997870354107,
      18.442610199911293,
      3.40413863585779,
      4.85179227655439,
      0.4262830694653248
    ],
    [
      0.2416858203033534,
      0.21821054561465347,
      16.242632637009493,
      15.161965604710986,
      0.6101493489241367,
      374.0153717462531,
      3.956421411655781,
      66.00999453914253,
      9.144312738219902,
      1.7112701510622434,
      3.2944879148507678,
      38.4688900321693,
      55.57640834763294,
      4.451733740363197,
      5.773381684191442,
      0.27266846340258055,
      9.869338170048067,
      94.99380575304531,
      2.8336842892881755,
      7.33527840601764,
      60.23406847126054,
      599.9628516311059,
      18.5251424589988,
      3.515716754359537,
      4.816225450976626,
      0.42354776784018244
    ],
    [
      0.24266186666281844,
      0.21828920837938826,
      16.075419321221748,
      15.06571936664868,
      0.4007204966539417,
      368.5473978077556,
      3.923172648240538,
      59.3238648357624,
      9.137521941841038,
      1.7063505572044289,
      3.275148573724228,
      40.51482923238288,
      61.42143023690056,
      4.648861248056284,
      5.760674416255971,
      0.27893979503701827,
      9.962608420334119,
      95.42623986257871,
      2.8742431685161405,
