{
  "param_name": "bt",
  "param_idx": 15,
  "baseline_value": 0.2721614427428127,
  "baseline_cost": 0.9589071937356771,
  "bounds": [
    0.001,
    1.5
  ],
  "grid": [
    0.16507425941514026,
    0.1824352708284882,
    0.2016221557508997,
    0.22282694297561306,
    0.2462618571403483,
    0.2721614427428126,
    0.30078491154086706,
    0.3324187368309225,
    0.36737952056897777,
    0.4060171620294084,
    0.44871835971451024
  ],
  "profile_costs": [
    0.9749129247397857,
    0.9673311274646682,
    0.9614529973902177,
    0.9597437778214674,
    0.9571282248428734,
    0.9564258330948514,
    0.9563752881231687,
    0.9577844603080787,
    0.9592616165361314,
    0.9623364518707548,
    0.9616469421653349
  ],
  "profile_best_xs": [
    [
      0.268150764697354,
      0.22645647295582638,
      16.59868764370904,
      15.24125746060821,
      0.5801744919227878,
      397.5717392264802,
      2.8966894523586992,
      279.62467593419956,
      9.03925513086973,
      1.7534460987200684,
      2.8522647198842,
      30.512970148523685,
      31.406308878321234,
      2.6158107906516532,
      5.719803394442476,
      0.16507425941514026,
      11.494606560635926,
      102.500682222396,
      2.0514588307310726,
      8.589676479135143,
      58.99000285517654,
      585.1420489111074,
      12.714605807962634,
      2.9734326538632363,
      5.122795579229871,
      0.4510640895803326
    ],
    [
      0.2568459330165907,
      0.22776819945987797,
      16.993948249246834,
      15.005239205856574,
      0.5138658028046887,
      463.4626551673089,
      3.754873398900583,
      92.95289006218846,
      9.157916594167098,
      1.84829452057257,
      2.7294226365326715,
      33.704496466017446,
      34.85583852449538,
      2.864124356191963,
      5.837710915743181,
      0.1824352708284882,
      12.17339414431105,
      103.9113520285813,
      2.179773755344266,
      11.425616434861007,
      59.06274140403236,
      599.9606762255968,
      13.666806083605893,
      3.325762394698737,
      5.004162811002198,
      0.4263631843361976
    ],
    [
      0.24282514769522254,
      0.2215712740003905,
      17.739206411274232,
      16.20851159914801,
      0.4780634100701503,
      438.5035551309282,
      3.820645216135704,
      123.7948387371535,
      9.129456120438125,
      1.7426049430553223,
      3.4306539421351863,
      31.603406415178945,
      31.2399467005504,
      3.0113259683821463,
      5.6762810880085866,
      0.2016221557508997,
      10.681130348164292,
      106.9760730484465,
      2.3799722221802853,
      12.70274441207501,
      54.40427562757941,
      599.742987349625,
      14.756882477456433,
      3.203999525923109,
      5.128022179116702,
      0.4302525607048775
    ],
    [
      0.24792972492581727,
      0.22721585528895066,
      16.264627662725598,
      14.576577194545546,
      0.27002596058441813,
      376.3423812803443,
      3.673704793786084,
      127.90877721335686,
      9.157383942751009,
      1.7111341225808157,
      3.297719599922092,
      32.75625897778343,
      35.7664122098557,
      3.437015976751277,
      5.722900278562053,
      0.22282694297561306,
      9.971526428827364,
      89.7893166913643,
      2.3809985787404138,
      17.007147976788186,
      62.88518291251684,
      599.943668464125,
      16.940661845041028,
      3.584025242727461,
      4.99493974245663,
      0.4265247394626805
    ],
    [
      0.25112518494727554,
      0.22418607895374054,
      15.818022457723472,
      14.550364729547939,
      0.44164473633572165,
      383.744390176692,
      3.8552914831313703,
      84.65019642170134,
      9.167233277354857,
      1.7076096722646352,
      3.3203811360428297,
      33.09039334456652,
      36.265353505777426,
      3.6540064529029483,
      5.723071066761465,
      0.2462618571403483,
      10.669831595677742,
      99.83612522199962,
      2.663292143208459,
      12.16985364197403,
      59.86462632913495,
      599.987269321553,
      17.294133444936847,
      3.455864500272318,
      5.035256124018476,
      0.4280447155069444
    ],
    [
      0.246057605750728,
      0.22108836361122702,
      16.321176662674553,
      14.911273208248513,
      0.36103500996346466,
      370.5469112541923,
      4.0018669465954275,
      72.89193984128255,
      9.147474411305737,
      1.7151795692232392,
      3.208519955682767,
      33.07305015972644,
      36.69517690496632,
      3.9386247402217216,
      5.748489509221503,
      0.2721614427428126,
      10.123629305963707,
      94.06737213196216,
      2.7911719103671535,
      12.91167704237412,
      58.83134558252371,
      599.9928908457181,
      18.50798121278498,
      3.3773248525043527,
      4.929946847311953,
      0.4268735464314962
    ],
    [
      0.25139621702865395,
      0.22466808357740814,
      16.58433166154633,
      15.11071481274119,
      0.3669456367615621,
      335.7097532041044,
      4.078446913869702,
      54.19616846330431,
      9.179709819921243,
      1.7162996481496928,
      3.1674967162096976,
      32.991278476300664,
      35.144845145940224,
      4.376796660687224,
      5.788292725814374,
      0.30078491154086706,
      10.222870116928672,
      93.32031376574213,
      3.118887748294221,
      12.580991102616107,
      60.63875119722555,
      599.9644960728008,
      20.720207636309702,
      3.551460582376529,
      4.918112894870214,
      0.4274496146886516
    ],
    [
      0.24602514991293944,
      0.2114153606029881,
      17.824677008556904,
      16.287361068505152,
      0.31967086018093216,
      293.8421792882474,
      3.8910690774908447,
      47.96904284412868,
      9.122516331256577,
      1.694568352265759,
      3.0946867067114665,
      33.19779099464483,
      35.16086040452784,
      4.769317082107891,
      5.711041273663126,
      0.3324187368309225,
      10.46695481600674,
      99.01663808472765,
      3.5142061948779997,
      15.884951928915786,
      55.900819880377966,
      553.113449739345,
      20.87802483494223,
      3.2850908026916725,
      5.018312617791548,
      0.4257861893846231
    ],
    [
      0.24837031194649178,
      0.2267447283421406,
      16.18575864441143,
      14.715675595741398,
      0.493285321825484,
      198.54947593751731,
      2.9642030359890965,
      123.04352019052651,
      9.052415447019477,
      1.707573451307705,
      3.306776801824883,
      32.66056350626869,
      35.7761162822459,
      5.352927299211512,
      5.715868505658473,
      0.36737952056897777,
      9.577193922526778,
      92.11621980711186,
      3.8146067383576527,
      8.761310438352758,
      56.62526579123431,
      568.3723850058216,
      24.876586006519155,
      3.037037500820629,
      4.981813067085723,
      0.43034695353757163
    ],
    [
      0.24595519764932933,
      0.21672593876360202,
      14.4635084857381,
      13.205748174374769,
      0.4461060231002777,
      227.23387198001865,
      3.620274281559185,
      114.1924076196434,
      9.06545866860398,
      1.6809470877113846,
      3.2248472599167766,
      31.88836052495617,
      34.86881830067307,
      5.76802579119588,
      5.680303824746321,
      0.4060171620294084,
      9.990423718316897,
      92.83332304585798,
      4.086349788961037,
      10.022449580645976,
      49.83409946177643,
      517.079164951525,
      24.02542809087916,
      2.6837048754815083,
      5.044833701661165,
      0.4289891860780628
    ],
    [
      0.24192505454784546,
      0.2243156680559098,
      19.97775783839794,
      18.118646422632494,
      0.36398054524653656,
      203.38027241949942,
      3.6291930957467295,
      79.44351795439502,
      9.112906028258266,
      1.700845303641798,
      3.2911178604410773,
      33.40379178243832,
      37.766660970921336,
      6.533024888421883,
      5.708322405401013,
      0.44871835971451024,
      9.352121379081783,
      86.39318671227159,
      4.447592431041107,
