{
  "param_name": "a2",
  "param_idx": 10,
  "baseline_value": 3.274232655805349,
  "baseline_cost": 0.9589071937356771,
  "bounds": [
    0.1,
    10.0
  ],
  "grid": [
    1.9859224927782664,
    2.194783784570835,
    2.4256112101716942,
    2.6807149680400344,
    2.962648222327935,
    3.274232655805349,
    3.618586710209664,
    3.9991567966587525,
    4.419751788491819,
    4.884581141753988,
    5.398297024847251
  ],
  "profile_costs": [
    0.9925009101689137,
    0.9803296294956266,
    0.9677411171295016,
    0.961242017072455,
    0.9582652020820478,
    0.9565414367980779,
    0.9586155496363341,
    0.962186247957875,
    0.9673490383010637,
    0.9743490499465545,
    0.9835629030251093
  ],
  "profile_best_xs": [
    [
      0.22378200878941282,
      0.16172588233348584,
      17.382747903621084,
      15.177835081253082,
      0.3813608637295506,
      324.8459670159868,
      3.6060960743828923,
      123.45646073174541,
      8.871270571281023,
      1.751135096142926,
      1.9859224927782664,
      33.139487665627286,
      35.40111780865888,
      4.040742548836694,
      5.795512942916293,
      0.2851732435584121,
      11.193774925088116,
      103.8764154973239,
      3.164385359971921,
      12.54394341504345,
      63.054741598584314,
      599.9631275362667,
      19.550292202735886,
      2.801621535951556,
      5.126278428143699,
      0.42753084829545984
    ],
    [
      0.2257205470768766,
      0.17329750398075838,
      17.8987612453369,
      15.75300589938696,
      0.38186476981624706,
      380.8871697497227,
      4.2704691959663315,
      126.64393378336467,
      8.935411131082134,
      1.7549988783464272,
      2.194783784570835,
      33.11559889305643,
      34.61249296640814,
      4.101557448389542,
      5.8065837450169795,
      0.28206298909937266,
      10.055055870498649,
      101.47263054522347,
      3.141439562612481,
      12.069168006972973,
      59.371648484406734,
      599.9728004011713,
      19.6093105053508,
      2.766769182732885,
      5.019126972477739,
      0.42889908125089415
    ],
    [
      0.25317427420409067,
      0.21330277413762527,
      16.859494444396155,
      15.032768384944543,
      0.341654379410692,
      345.3359383478201,
      3.9758864347318474,
      36.029041593478865,
      9.112973747492005,
      1.8141508337261358,
      2.4256112101716942,
      33.07673783762186,
      32.189407613718586,
      4.100014599180605,
      5.8429711928629136,
      0.29038762469199053,
      11.814628222424966,
      101.90485382222309,
      3.1853325937409216,
      15.34692239463888,
      62.31810115770955,
      599.9196680451139,
      19.49981846517744,
      3.435216552504128,
      4.739806568468838,
      0.4318494496097601
    ],
    [
      0.23907128638071873,
      0.19337418660485117,
      17.41825223237715,
      15.737558782964072,
      0.4501967384660148,
      393.70543034445654,
      4.11765970417583,
      86.10175719238512,
      9.05628738138143,
      1.675888623758346,
      2.6807149680400344,
      33.239479762773286,
      37.178378243904575,
      3.899855603415735,
      5.805392520340572,
      0.2650070577183683,
      10.61903824229914,
      99.88731665001907,
      2.8785957700897242,
      10.428174988258302,
      60.238793828713014,
      599.8924486355209,
      18.159353666656045,
      3.1341931573034714,
      4.995514908622569,
      0.4234931956889403
    ],
    [
      0.24178917354323942,
      0.20687295318268967,
      16.749886855487723,
      15.185932507731238,
      0.38264417355963565,
      379.36538600208576,
      4.1139329212217515,
      116.94285497836799,
      9.092270020786758,
      1.70177244772357,
      2.962648222327935,
      33.295898337285735,
      36.68544423013887,
      3.9696813295985143,
      5.747676819774288,
      0.2712235636158208,
      10.106348227662437,
      96.06055086405256,
      2.8480649950958785,
      12.444638041680726,
      59.59017343012485,
      599.9615697727704,
      18.832437637735005,
      3.087314773512042,
      4.993337735615576,
      0.42686512829330525
    ],
    [
      0.2531330382603453,
      0.2271884492781363,
      16.252433083764224,
      14.969976530329287,
      0.45199579916523774,
      371.9787391522832,
      4.090537964087659,
      58.59271204458899,
      9.198083565312917,
      1.7139279835845893,
      3.274232655805349,
      33.048968731421645,
      35.783307384103736,
      3.9969194225537787,
      5.760098916950414,
      0.27670707092136027,
      10.370882026406399,
      96.39420681858311,
      2.8865243524381294,
      10.825191834088063,
      59.08255538581927,
      599.9449161666241,
      18.776302033947957,
      3.5323606377049233,
      4.940384172342819,
      0.42719130920830695
    ],
    [
      0.25153779767538287,
      0.23772946406364925,
      16.360593286460933,
      15.116128204828343,
      0.3718874754737206,
      338.7427312947625,
      3.717244138382668,
      121.81249599221962,
      9.185927437012323,
      1.7156020539627697,
      3.618586710209664,
      32.8255051026966,
      37.142192264130394,
      4.012479466846875,
      5.709343089723001,
      0.274117156136393,
      10.035528489059573,
      93.27803766855074,
      2.7880366993345365,
      13.023331430693919,
      56.72879520654847,
      599.9938438620081,
      19.05456332765002,
      3.2972661528641076,
      4.995440680399112,
      0.42822330856062957
    ],
    [
      0.24635411314732913,
      0.234499810729057,
      16.955082059554286,
      15.792774809313997,
      0.38762215777099496,
      347.72876542933454,
      3.8623758567296154,
      117.29928361476368,
      9.202521401553792,
      1.6678948208870947,
      3.9991567966587525,
      32.05330346765706,
      36.30604490397147,
      3.9798913462721437,
      5.6513439179997,
      0.27468803846605316,
      9.611920228962354,
      91.95930053532996,
      2.7580085069949707,
      12.55804958852061,
      57.70736149219249,
      599.9334582417339,
      19.183582217482282,
      3.409249655689112,
      5.142826852068987,
      0.4252977075027402
    ],
    [
      0.25926791206069477,
      0.266150059497654,
      16.403301059649888,
      15.424843295632375,
      0.3849834258164171,
      360.31275820280223,
      3.9586410570175916,
      103.5995716833172,
      9.299916063760492,
      1.7074203427786203,
      4.419751788491819,
      32.22218160820356,
      35.33002485360633,
      3.9253953870034675,
      5.669811164581931,
      0.2697851548203464,
      9.655394646026844,
      91.01564334868029,
      2.7156420529418135,
      12.174247712823522,
      56.55964971771938,
      599.6968658652439,
      18.879838411483014,
      3.545452654712016,
      5.077140099998458,
      0.4259556505750759
    ],
    [
      0.26495866420057473,
      0.2785198151444058,
      16.510831628642567,
      15.631856033902432,
      0.36717123939707463,
      354.59039479946836,
      3.9092727212283247,
      110.85341860536631,
      9.342309724495763,
      1.686075076714959,
      4.884581141753988,
      32.39748150498322,
      35.67497454770119,
      3.8966038028823515,
      5.6716320400069495,
      0.2667317001032078,
      9.545901849709827,
      86.86157590856848,
      2.6215671366138023,
      11.958288714579021,
      56.020813643432575,
      599.9848539255802,
      18.916833681680444,
      3.64419721012854,
      5.200495494063544,
      0.4252178691600101
    ],
    [
      0.2673725872327033,
      0.2807569239635509,
      15.17108509384935,
      14.577858567513218,
      0.3322334409991444,
      279.2450893847403,
      3.4140262337844254,
      113.88070043158771,
      9.324713949439396,
      1.657082243434774,
      5.398297024847251,
      31.769617690215064,
      36.50226132172192,
      4.303661496720986,
      5.561263028827026,
      0.2934499458811531,
      9.240535278542069,
      88.22304116269243,
