{
  "param_name": "af",
  "param_idx": 16,
  "baseline_value": 10.114357504241767,
  "baseline_cost": 0.9589071937356771,
  "bounds": [
    1.0,
    120.0
  ],
  "grid": [
    6.134667929617183,
    6.779856587864255,
    7.4929003296311665,
    8.2809355363478,
    9.151849129230751,
    10.114357504241765,
    11.17809376870819,
    12.353704152698906,
    13.65295456007319,
    15.088848325601184,
    16.67575635670886
  ],
  "profile_costs": [
    0.9660141222448556,
    0.9635393590108593,
    0.9602162727051193,
    0.9585063170799462,
    0.9571178935018648,
    0.95667975893997,
    0.9566417561018922,
    0.9584897667136962,
    0.9615087260879269,
    0.9662586057934387,
    0.9725254026731295
  ],
  "profile_best_xs": [
    [
      0.24656539756283563,
      0.227752082864199,
      16.486339659391525,
      15.092924813919296,
      0.3904726315029632,
      362.3000050329164,
      4.153374029653698,
      57.17926809847967,
      9.195539326870303,
      1.7053110810131007,
      3.388216432111686,
      33.00397355549408,
      36.177265072000836,
      4.170029840618897,
      5.7503794094921306,
      0.28647430530074747,
      6.134667929617183,
      69.73766730332909,
      2.575983835447782,
      4.2870594034634895,
      59.50419030731652,
      599.7850565187221,
      19.55265015774937,
      3.642015704350344,
      4.910913229691819,
      0.4269060084883408
    ],
    [
      0.24271328309401666,
      0.2249499463854756,
      16.183929109854805,
      14.787958088451994,
      0.2140130004512738,
      366.06637499205806,
      4.197770851528856,
      80.21383712602022,
      9.171944351759326,
      1.690695331323501,
      3.446124634904781,
      32.96950178662661,
      37.16657300660963,
      4.191889062081303,
      5.739732728718035,
      0.28537987090098027,
      6.779856587864255,
      73.94888822112407,
      2.6271538495720446,
      10.312555199131264,
      60.33445389111219,
      599.477569971549,
      19.708624290526377,
      3.4622808756079424,
      4.9358325653361135,
      0.42370943695251817
    ],
    [
      0.250088457971259,
      0.22394665706447148,
      16.380770606741642,
      15.033269832953302,
      0.29695141763758137,
      364.99682976203826,
      3.974225799092163,
      60.53767731113088,
      9.166470171341995,
      1.7016013240875072,
      3.2903753286644397,
      32.96718106645574,
      35.91041136603549,
      3.9363022368380713,
      5.750822589275163,
      0.2708852012552825,
      7.4929003296311665,
      77.90298329085871,
      2.5651144533777464,
      8.964003788571418,
      59.54562801374655,
      599.958242189283,
      18.556199207155785,
      3.5572474939781866,
      4.963021199450171,
      0.42705430862019367
    ],
    [
      0.24675758912906162,
      0.22168321661357468,
      16.215823228588317,
      14.995144663821844,
      0.27364143437335636,
      377.1612669980913,
      4.067030002233508,
      65.57606653410902,
      9.169967082638978,
      1.7009103333320654,
      3.3219692898230146,
      33.26448288061215,
      37.41161433059142,
      4.010504264623764,
      5.776821847403711,
      0.2727559150963908,
      8.2809355363478,
      84.77575913716262,
      2.6701309877269983,
      12.260213210625748,
      59.47541969031362,
      599.9881632178242,
      18.601473589203003,
      3.5182076825158077,
      4.944275258324255,
      0.4246057153164404
    ],
    [
      0.2498138843476723,
      0.22400132293247754,
      16.29350983147738,
      14.989580932096391,
      0.30218840566885086,
      366.9670694559656,
      4.033424269211121,
      73.7065675079489,
      9.172696691420146,
      1.713557560184736,
      3.2439359687312708,
      33.20978253803829,
      36.70266361950753,
      4.02441867981715,
      5.796634091901748,
      0.27853032975400416,
      9.151849129230751,
      90.61760103453435,
      2.801662526327264,
      13.845183320623178,
      60.059117685393986,
      599.9935514664598,
      18.96175532622328,
      3.385445063330768,
      4.920686760026153,
      0.4268318533983928
    ],
    [
      0.25246629668220755,
      0.2279848971707333,
      16.330379884067995,
      14.9080351755653,
      0.36805601529926746,
      373.0753838973195,
      4.025622446413886,
      79.25831728764598,
      9.180912565993905,
      1.7047158613592974,
      3.267324223090751,
      33.342348920984406,
      35.3424721930886,
      3.8864412904382455,
      5.770111543872955,
      0.26818039017623196,
      10.114357504241765,
      94.19359185281874,
      2.766664983764603,
      13.088357957255136,
      60.72387056380711,
      599.9803921719396,
      18.527105634859247,
      3.4176731905697184,
      4.92996854424887,
      0.42724960722225247
    ],
    [
      0.25023609725459195,
      0.22079837550288894,
      16.43384444908086,
      15.032667128106839,
      0.3182056447061403,
      370.2540140856661,
      4.01518261294569,
      55.914839352051196,
      9.166451250861208,
      1.7242202336131018,
      3.117125335868548,
      32.96988196656527,
      35.3602612637784,
      3.9247449390717,
      5.768136309590451,
      0.27138121439029106,
      11.17809376870819,
      98.94192169686242,
      2.8837318556623917,
      16.54988313100182,
      59.70719167578069,
      599.925651103252,
      18.48771320057081,
      3.5425304092966874,
      4.931665612519581,
      0.4280231848398614
    ],
    [
      0.2518851108416156,
      0.22309183874930705,
      16.060390603884414,
      14.676801852589698,
      0.37287781353134597,
      374.1637646700699,
      3.97865915004199,
      61.58793542138858,
      9.17199502296861,
      1.7218098923412803,
      3.1324741491423795,
      32.8031495237186,
      34.864571230754436,
      3.829386276310334,
      5.762959823048252,
      0.265463045347452,
      12.353704152698906,
      104.23495579168906,
      2.897042196329936,
      16.249265290073936,
      59.692461359935436,
      599.9696942777719,
      18.192960961819423,
      3.5390925508250994,
      4.936192728112156,
      0.42786207103555685
    ],
    [
      0.2498571417511905,
      0.21792433225551544,
      16.17769506227708,
      14.75728317002433,
      0.45038665751675633,
      377.0646455316634,
      4.050029878032993,
      51.99355692814879,
      9.15396755087728,
      1.7352653534773088,
      3.025600406345818,
      33.122563365026494,
      35.588894668917554,
      3.890206021688676,
      5.769804317938604,
      0.2696556078213455,
      13.65295456007319,
      110.38408346099914,
      3.022227719972733,
      15.172614424216935,
      59.096909485567,
      599.9869003220235,
      18.215404767429977,
      3.5383275373520764,
      4.93397299855786,
      0.4291786290955081
    ],
    [
      0.2515997115133976,
      0.21916729255349865,
      16.181856249983717,
      14.825465833739198,
      0.4523901197554522,
      375.1516049537653,
      4.06997524578158,
      51.83662086296867,
      9.16188516301923,
      1.7473123633901335,
      2.9998851710399395,
      32.69895108065661,
      34.65591087223608,
      3.9112255265112434,
      5.767370237720291,
      0.2726313299836651,
      15.088848325601184,
      116.21097275491994,
      3.160107304591298,
      16.675630711708617,
      59.46920688204305,
      599.9201095119313,
      18.45069507649759,
      3.4553235177701254,
      4.9077637012749475,
      0.42935965636263485
    ],
    [
      0.2527991629644025,
      0.2221854630757344,
      16.415870892800143,
      14.996422739401728,
      0.4975119375652244,
      370.2126922153866,
      3.935690477125674,
      49.26794163441407,
      9.174257186348923,
      1.7510722432809145,
      3.0403339598972554,
      32.98402378901319,
      34.55281418500601,
      3.8008255286620316,
      5.755707544735924,
      0.2647946586943105,
      16.67575635670886,
      121.07500368809913,
      3.1336066968801326,
