{
  "param_name": "tm",
  "param_idx": 25,
  "baseline_value": 0.4269355066592478,
  "baseline_cost": 0.9589071937356771,
  "bounds": [
    0.2,
    0.8
  ],
  "grid": [
    0.2134677533296239,
    0.2561613039955487,
    0.29885485466147343,
    0.3415484053273983,
    0.384241955993323,
    0.42693550665924784,
    0.46962905732517257,
    0.5123226079910974,
    0.5550161586570221,
    0.597709709322947,
    0.6404032599888717
  ],
  "profile_costs": [
    1.0911252898820778,
    1.0671422721223707,
    1.0383744030207833,
    1.000708088448002,
    0.9697488893084257,
    0.956374065034445,
    0.9662893497408355,
    0.9897413235333508,
    1.0204232142932723,
    1.0509422657529874,
    1.0797417531270692
  ],
  "profile_best_xs": [
    [
      0.18574018863223113,
      0.14626203688630085,
      19.990411267805843,
      17.54186331720359,
      0.3824945960857692,
      342.19719259132603,
      3.7968940422436352,
      76.03818817133896,
      8.729790026963043,
      2.0640776157936522,
      1.959466400449564,
      35.92006030714097,
      43.439381236513114,
      4.303886533667855,
      6.309963978772242,
      0.2870242564373192,
      10.118616529143832,
      109.71960260813262,
      3.368359115791255,
      11.717029310291418,
      69.42702328865813,
      599.2555280159993,
      19.673931706639898,
      2.936124600598456,
      4.533367083737412,
      0.2134677533296239
    ],
    [
      0.20477678850082398,
      0.18072123221545733,
      17.15481069855339,
      15.392057273200399,
      0.28660207645115854,
      384.7264078007134,
      3.7695827540679003,
      62.66004856552999,
      8.933724929046118,
      2.0933515324623646,
      2.246113269900366,
      38.56998101156482,
      44.56303625876619,
      3.9392813774511586,
      6.2865188769978495,
      0.25523333440662005,
      10.20174260623685,
      114.0813717596208,
      3.0563404347089014,
      16.998887606476643,
      65.69692669523033,
      599.9794995679069,
      17.312667127455413,
      3.1485334678311148,
      4.328916876329836,
      0.2561613039955487
    ],
    [
      0.23006831540182826,
      0.22083103632181234,
      16.11356073398136,
      14.453128422434553,
      0.4227265903383344,
      376.3965380523714,
      3.992332617980008,
      62.54695718464578,
      9.118853749933024,
      2.054631376481132,
      2.6461558677107355,
      38.30302081756177,
      40.86181899006225,
      4.084009947280412,
      6.269847885893293,
      0.26820585284571963,
      10.307077275827105,
      96.47014041344801,
      2.864625510342732,
      9.742547549027321,
      68.61729796663755,
      599.8960171148965,
      18.336049413222213,
      3.230157288734855,
      4.430192215550509,
      0.29885485466147343
    ],
    [
      0.2304064411693666,
      0.20395051961732813,
      16.805286503476324,
      15.300697015594963,
      0.35498479442963704,
      355.3869672190888,
      3.851820936912185,
      47.44580854587795,
      9.131714615748152,
      1.8625258905329511,
      2.7463603826986773,
      35.74512525547915,
      39.41173242179963,
      4.108501624579684,
      6.116700990674669,
      0.27820742257811404,
      10.395983171064966,
      98.86739604827511,
      2.973111845546609,
      12.850293793366326,
      63.5076484085088,
      599.9810876865761,
      18.700586610749063,
      3.523807627195099,
      4.74483763407277,
      0.3415484053273983
    ],
    [
      0.23829401301336905,
      0.21510322343601362,
      16.221287316547418,
      14.869705465353498,
      0.3797655804302713,
      374.06223876550393,
      3.921959055345737,
      87.10544207831148,
      9.170975078806315,
      1.720928788247079,
      3.2103875966917625,
      34.11158527117952,
      37.87806798089133,
      3.9550026141531003,
      5.983379698427115,
      0.26843810413838,
      10.235729130314628,
      97.01546571476803,
      2.7777393876834733,
      12.778689491828587,
      61.55015407531435,
      599.9203114344564,
      18.22895448045751,
      3.3680999112168966,
      4.90613051511453,
      0.384241955993323
    ],
    [
      0.25164977658243315,
      0.22790878984583288,
      16.237925752627355,
      14.858428825974281,
      0.3452805883656631,
      373.89498222504096,
      3.9920182718596893,
      63.14888354111973,
      9.186024221186772,
      1.7359985928295367,
      3.2262108609691698,
      32.8732984613839,
      35.73931970649727,
      3.8647627841511674,
      5.746552362655851,
      0.26559240794269606,
      10.338703235814773,
      96.28968774688713,
      2.7839666368560776,
      14.309382136312431,
      60.155540002903294,
      599.9807480197493,
      18.24376471398893,
      3.5310984142774595,
      4.923631343235355,
      0.42693550665924784
    ],
    [
      0.25413091981476443,
      0.23221764719608823,
      16.427366158089427,
      14.90401710537027,
      0.41447603786485093,
      372.0172539585791,
      4.066069811921283,
      99.76739358486105,
      9.119586828162038,
      1.7600779205679844,
      3.1679637810107515,
      32.217078443205665,
      34.35877597283704,
      3.8709147674947233,
      5.6228383597041365,
      0.2688683131461648,
      10.576209602552588,
      96.85066013577867,
      2.8315458397088156,
      12.711527145983926,
      56.50388873321661,
      599.9771363853349,
      18.688755869085753,
      3.111811434337098,
      4.906158910495815,
      0.46962905732517257
    ],
    [
      0.25554233727367737,
      0.22650680349143879,
      16.491380616294762,
      14.915923343396283,
      0.3941697261863939,
      354.4913890324336,
      3.8060578195338652,
      99.19764850423591,
      9.042862379243543,
      1.8067217532663424,
      2.8666230809060167,
      31.795252849061868,
      33.65691639951906,
      3.784077642700812,
      5.529366416582356,
      0.2642904840766805,
      11.222194807543268,
      101.0868957183568,
      2.8777953464662573,
      14.528375989302491,
      55.79662844664514,
      599.9385582296123,
      18.45892212968517,
      2.991348822255806,
      4.8475241129288245,
      0.5123226079910974
    ],
    [
      0.25442020211697236,
      0.23004152359704494,
      16.68416614112158,
      15.034352695196898,
      0.5027220904296523,
      369.36426084727634,
      4.019532418601663,
      68.19239434519577,
      9.031093096668634,
      1.9351594976052997,
      2.6629921183514256,
      31.029229346760317,
      32.54491972848457,
      3.795354534781011,
      5.50542449627798,
      0.2660364964272941,
      11.673709684508577,
      111.53197618869746,
      3.1076741339933687,
      13.3127015770362,
      50.5125979787294,
      599.9646061959086,
      18.443669231273233,
      2.8922823878884474,
      4.677851195196114,
      0.5550161586570221
    ],
    [
      0.25483970185377525,
      0.24837788747518175,
      16.500964625891633,
      14.746807948787527,
      0.3728683773165,
      349.1102558393359,
      3.7488592931647684,
      45.980369873512956,
      9.051587273909174,
      2.115823098447609,
      2.491133854753695,
      31.74506182755499,
      33.28678561337881,
      3.7163088854206645,
      5.567453645284932,
      0.2665248065843513,
      11.589123552013653,
      110.83885541211049,
      3.1508114604883515,
      16.870967117449226,
      50.35737074924597,
      599.9692287351329,
      18.22076737200527,
      2.999649198437453,
      4.294582648523914,
      0.597709709322947
    ],
    [
      0.2597847194244848,
      0.26679784939511786,
      16.461659517951077,
      14.565573969431725,
      0.399383067227593,
      370.4974887480769,
      3.687434899238472,
      45.41513363909678,
      9.082764295962516,
      2.2501270039179637,
      2.4362196610190825,
      30.73077978488189,
      31.019773360299943,
      3.339795905503717,
      5.6156708885023825,
      0.24811386857101575,
      11.926985049250177,
      119.24729950932786,
