{
  "param_name": "bf",
  "param_idx": 18,
  "baseline_value": 2.835567193000959,
  "baseline_cost": 0.9589071937356771,
  "bounds": [
    0.001,
    8.0
  ],
  "grid": [
    1.7198584402303718,
    1.9007375313495514,
    2.1006398425424235,
    2.3215660633288944,
    2.565727297582461,
    2.835567193000959,
    3.1337863979540574,
    3.4633695904798625,
    3.827615349945909,
    4.230169170340161,
    4.675059945600137
  ],
  "profile_costs": [
    0.957436936367452,
    0.9580526237984581,
    0.9570787635171062,
    0.9573695878057491,
    0.9571628585233376,
    0.9562619175448691,
    0.9570467300416229,
    0.9596273701857951,
    0.9585138371923446,
    0.9593548668159653,
    0.9682442671381032
  ],
  "profile_best_xs": [
    [
      0.25707656965865144,
      0.23999688858110166,
      16.211480923837172,
      14.843042280672055,
      0.41603378687820647,
      550.0403770625373,
      3.6981157225486863,
      165.86563657859625,
      9.184596528225153,
      1.740717615156021,
      3.348128657812362,
      32.62832293596012,
      34.46058675744443,
      2.4070544423884543,
      5.764969532470133,
      0.166850062545144,
      10.161993501686332,
      92.86254373145914,
      1.7198584402303718,
      11.153315244808994,
      57.28881533436169,
      597.2345847645086,
      11.579182285896273,
      3.2737946878276913,
      4.922646434900843,
      0.4291999354077551
    ],
    [
      0.2544571146778597,
      0.2428261372579725,
      16.121867758106966,
      14.704411824148469,
      0.38028307938286204,
      472.13829766438243,
      3.5380917498580446,
      182.31483970749832,
      9.161464291743034,
      1.7473751840429426,
      3.3828342639774207,
      33.44841973837949,
      37.657988192530695,
      2.754151505607914,
      5.745679177976772,
      0.1863935124304457,
      9.705569340560768,
      92.29517704978815,
      1.9007375313495514,
      12.153546832569873,
      61.375767634170636,
      599.9976507617512,
      13.068334986691895,
      3.2566662536428717,
      4.8273433345048975,
      0.42964905613338156
    ],
    [
      0.25401868490211094,
      0.23501140329577097,
      16.430837639219206,
      15.03421392651677,
      0.402781803866168,
      437.0187885576721,
      3.514065804799009,
      124.42504444259873,
      9.142798325413857,
      1.759952835632778,
      3.244595105297546,
      32.9022028394455,
      36.197294628322936,
      2.9562507325491487,
      5.705552698299884,
      0.20050528888633226,
      10.095000696522966,
      96.93005191079857,
      2.1006398425424235,
      12.890864403808354,
      58.60413660983171,
      599.981284729052,
      13.880604763958228,
      3.2564850837789363,
      4.891212900773549,
      0.4325149399361494
    ],
    [
      0.25080138158493004,
      0.22751001114559072,
      15.764917805447219,
      14.408837731826146,
      0.40320937133504764,
      417.1272442232503,
      3.7751827453201416,
      148.4943066416896,
      9.134051330237362,
      1.7149002399124846,
      3.251757127678898,
      32.908126317345236,
      35.644779459181635,
      3.2802670652809,
      5.745161311381182,
      0.2272257225398554,
      9.980484444807868,
      93.07136903186733,
      2.3215660633288944,
      11.4678254165425,
      60.04976678912723,
      599.7398700894112,
      15.729934089313176,
      3.137066671333301,
      4.931976788316467,
      0.42862075399330735
    ],
    [
      0.25193761257457914,
      0.2271597347360988,
      16.23075861361807,
      14.832111429938701,
      0.3806388824889645,
      388.8438196415906,
      3.978265903851323,
      112.03735822624824,
      9.159834570731707,
      1.7099553216108627,
      3.2837971414856097,
      33.14686815411537,
      35.78004240933373,
      3.698001042286454,
      5.777439192274068,
      0.25547267780235505,
      9.985339937247577,
      91.50352596037226,
      2.565727297582461,
      12.096055817169898,
      60.61739261937578,
      599.9921115694924,
      17.67671684401082,
      3.240748084632604,
      4.966907066338143,
      0.42702220098895793
    ],
    [
      0.24601423224927615,
      0.21991931542711993,
      16.43489866229936,
      14.985468011026683,
      0.40476692327670166,
      366.418892352807,
      3.995775902012583,
      63.68326486568275,
      9.151258308581472,
      1.7266102679789634,
      3.1883900446112965,
      32.941901917620385,
      35.99069427562468,
      3.935340285099615,
      5.75014125592695,
      0.27115920240608404,
      10.289652333087922,
      96.0432369676334,
      2.835567193000959,
      12.213348570468716,
      59.147896616054126,
      599.9833459503985,
      18.57858848420397,
      3.4790081959857115,
      4.951616803461476,
      0.4279464712569059
    ],
    [
      0.24346067471803934,
      0.2154352723279298,
      19.94632215157651,
      18.25602918551094,
      0.3469612455118205,
      312.44839170569026,
      3.711005490540229,
      107.06844609151779,
      9.104480103110916,
      1.7034343561327692,
      3.233863668999648,
      32.07483561537404,
      35.274863629088,
      4.272199199569593,
      5.682595598512997,
      0.2965246649739399,
      10.217466328514867,
      96.31733148483266,
      3.1337863979540574,
      13.340157397574394,
      54.887875794217905,
      585.7447189502814,
      20.090673986271604,
      3.050367569991881,
      5.009180845756951,
      0.42726648089386243
    ],
    [
      0.24756901025206512,
      0.22220547984733113,
      15.951882813329863,
      14.611860876603387,
      0.40749860745402033,
      293.48214130222357,
      3.782122049772928,
      116.62109982837157,
      9.109756011632314,
      1.718550969440952,
      3.254739013598283,
      31.434889643766127,
      34.56310302764544,
      4.5934175880166155,
      5.730196061567666,
      0.3196581669012887,
      10.483868987867364,
      101.03627637318974,
      3.4633695904798625,
      13.248758310385874,
      52.60933553633036,
      565.219651165846,
      21.06013285992944,
      2.881419781993925,
      5.016440703973041,
      0.4303817332953488
    ],
    [
      0.24500100478583892,
      0.22450881156443508,
      14.728238371518064,
      13.4768819956134,
      0.3589100858561559,
      301.6814714183042,
      4.349331916028801,
      76.51294015401568,
      9.147668443746223,
      1.7514363283370413,
      3.1541887899573773,
      33.22178102163907,
      37.036433510217336,
      5.328946008001834,
      5.783502413088007,
      0.3688307582549121,
      9.939560366722684,
      96.4112618539801,
      3.827615349945909,
      12.746312927580721,
      57.68368405595591,
      599.7866148044634,
      25.052490592591365,
      3.12696834673765,
      4.837406405769664,
      0.4275314494001634
    ],
    [
      0.2457401212439591,
      0.22199911770457342,
      15.895717466226607,
      14.45984081957333,
      0.3751408028404435,
      242.54485722023531,
      3.872446008899061,
      127.18912175488035,
      9.11845617402411,
      1.7034364031663767,
      3.2320802986983264,
      32.00515999592636,
      33.888837711709044,
      5.633583956333915,
      5.670211897528642,
      0.40216755475163257,
      9.637481659496299,
      99.28119320044169,
      4.230169170340161,
      13.71191508946854,
      58.739349562171384,
      599.4760120609401,
      27.991565954387916,
      3.0645022347829984,
      4.961678501585938,
      0.4310693691211376
    ],
    [
      0.24337668210830996,
      0.21925941077749467,
      12.661942503644227,
      11.552034442022139,
      0.5077790515472522,
      199.97204665970463,
      3.1691848914688703,
      193.61784989926656,
      9.020743479879076,
      1.725704287661653,
      3.1585828205096487,
      31.296540612390196,
      33.78786552248446,
      5.549012045263656,
      5.669205276758369,
      0.3960309290590455,
      10.861789120321415,
      115.23004546033181,
