{
  "param_name": "kx",
  "param_idx": 23,
  "baseline_value": 2.9973940073150915,
  "baseline_cost": 0.9589071937356771,
  "bounds": [
    0.05,
    15.0
  ],
  "grid": [
    1.8180113646755165,
    2.0092132889704017,
    2.22052409518121,
    2.454058652880515,
    2.7121542544154456,
    2.9973940073150915,
    3.3126326868988647,
    3.6610253078274173,
    4.046058700549807,
    4.471586408674593,
    4.941867256529487
  ],
  "profile_costs": [
    0.9715774239439174,
    0.9678609136266485,
    0.9653303912173307,
    0.9620184481120577,
    0.9596197591067747,
    0.957517052888502,
    0.9571065857189878,
    0.9582654039019121,
    0.9613609371720413,
    0.9660383625386408,
    0.9702809320230532
  ],
  "profile_best_xs": [
    [
      0.24973305956003433,
      0.22208940775016273,
      18.849768728554928,
      17.35187609722454,
      0.4172861558667116,
      378.53247085409726,
      4.706807673189841,
      123.16437232211274,
      9.120294458348226,
      1.7113541721039285,
      3.1409055830711683,
      34.16834267331866,
      39.59709258954197,
      4.734635049247252,
      5.81385062998887,
      0.3175976711771654,
      10.205914585911636,
      94.0871567056866,
      3.269106400784164,
      10.775562686311552,
      37.28356986491757,
      378.6816149893991,
      13.775001583127398,
      1.8180113646755165,
      4.899010456250188,
      0.42892824354844783
    ],
    [
      0.24976438093578424,
      0.22153581604137745,
      18.09661154509914,
      16.642460184546344,
      0.3986765735604574,
      403.14712590393503,
      4.78206006576831,
      121.6663666226819,
      9.133774058894836,
      1.7152377598560364,
      3.1627486686330633,
      33.63671739885241,
      37.25789381360738,
      4.4017644196462,
      5.806060748438577,
      0.29932618663422994,
      10.531885037376846,
      97.59148421349394,
      3.1556181490946074,
      12.301893047291415,
      40.729625425730184,
      417.2835769735582,
      14.358413585519713,
      2.0092132889704017,
      4.923893329093768,
      0.4282613187997949
    ],
    [
      0.25067314700756593,
      0.22162486694320468,
      16.450803418102254,
      15.101710384990623,
      0.37914222032433686,
      381.898667989764,
      4.619237331763413,
      112.85153239636529,
      9.128250443690698,
      1.7201874373698633,
      3.1284744657912977,
      33.21894670184798,
      35.7310692399534,
      4.421261280578758,
      5.792986777221461,
      0.3047713471418372,
      10.828646484426113,
      98.38206567392464,
      3.226476819000357,
      13.396091068613824,
      45.05093622322197,
      463.84307671399125,
      16.19259389546629,
      2.22052409518121,
      4.9366352216134715,
      0.4284579999003302
    ],
    [
      0.249265743549276,
      0.22297862360293447,
      17.10931703477339,
      15.700066696429971,
      0.41053199911039384,
      369.07549147492114,
      4.234133866214538,
      132.37688440821546,
      9.122201057065098,
      1.7200282276588978,
      3.1721998424623274,
      32.98638712949388,
      35.77263708800773,
      4.201485224328095,
      5.764862714395008,
      0.2908166833221498,
      10.260174583333637,
      96.22352656993473,
      3.024890503555739,
      11.741955679005653,
      49.49711498739729,
      509.8467861966386,
      16.937946787940657,
      2.454058652880515,
      4.929161575260414,
      0.42893856370369954
    ],
    [
      0.2473440390615543,
      0.21846903617969488,
      16.557693274216746,
      15.14408639389699,
      0.3734135928722748,
      365.3638655558017,
      4.087075029444755,
      131.72308070044306,
      9.10012210965256,
      1.7125928531761248,
      3.1470238616587873,
      32.835230120613424,
      35.746897193734625,
      4.060587448009141,
      5.74924479119804,
      0.28027385033201735,
      10.206494652374783,
      95.81408474292856,
      2.9290032401598873,
      12.835526620812796,
      54.1116106496972,
      566.0390141196569,
      18.205779114116474,
      2.7121542544154456,
      4.977498350308943,
      0.4292765931804814
    ],
    [
      0.2509887607590142,
      0.2246000518451956,
      16.429979545796982,
      15.088792345472498,
      0.4083444638156757,
      368.697054158955,
      3.999670271084032,
      105.70464044405423,
      9.134530395355391,
      1.7297781568514154,
      3.1792190248494423,
      32.942869995975755,
      35.88884951137676,
      3.9598412178040547,
      5.772275073913576,
      0.27298166256589596,
      10.371375467147043,
      95.885745947627,
      2.8481781843860405,
      11.857096226354717,
      57.89978435307984,
      599.7020918429942,
      18.688489570677724,
      2.9973940073150915,
      4.935022221462873,
      0.42949781035958023
    ],
    [
      0.2509972321592552,
      0.22870878177901743,
      16.238128136334986,
      14.9027884966377,
      0.38142392861273017,
      372.6927597953206,
      4.012233199747337,
      105.71548432647361,
      9.171667526467171,
      1.712122685966628,
      3.325902419422616,
      32.920522102884476,
      36.38284722554147,
      3.9257648958041353,
      5.750917881173561,
      0.269789490435892,
      10.232175781512975,
      96.36746913349984,
      2.809541736228523,
      13.034345991648461,
      60.43624011625322,
      599.9376751161875,
      18.725090413539096,
      3.3126326868988647,
      4.93784177724201,
      0.4289216881499876
    ],
    [
      0.24380483350171211,
      0.2192365389743205,
      15.807662862194036,
      14.400761372567487,
      0.4039895985440408,
      370.7541830778431,
      4.216050995122867,
      83.60341257301832,
      9.169082851624147,
      1.699110594980576,
      3.292890248436782,
      33.181376183471045,
      36.94439539836081,
      4.132135436335137,
      5.745308145452462,
      0.28015795377872565,
      9.906075419429236,
      96.15466713872826,
      2.944262530823324,
      12.28842345651244,
      62.8989802172798,
      599.995333810102,
      19.803143186918454,
      3.6610253078274173,
      4.967720496483398,
      0.4263579591924346
    ],
    [
      0.24755564820794462,
      0.22508544767865762,
      16.876017679163432,
      15.426945686002565,
      0.4017661837275279,
      378.6986492997638,
      3.895064701639164,
      112.68558062083534,
      9.210072213392767,
      1.6578022292833254,
      3.4749413998240315,
      32.669686150814336,
      35.325975933151284,
      3.6706747477836923,
      5.727652686457434,
      0.25736841736488963,
      10.122115968995395,
      95.30318731195857,
      2.6410074247456437,
      12.159406799056676,
      65.37143813119602,
      599.9960590520238,
      18.362604055570372,
      4.046058700549807,
      5.000615416614581,
      0.42456494496318165
    ],
    [
      0.2449838408565873,
      0.21438381824037317,
      16.738736134102766,
      15.276021909346674,
      0.36200188830625457,
      367.54463845414944,
      4.044564485581919,
      96.0678518440244,
      9.218212934201308,
      1.6020055786501208,
      3.523319762953701,
      32.54189302812469,
      36.56423715375044,
      3.9322584903405255,
      5.641364335149856,
      0.2701369275929226,
      10.29337574532505,
      89.45407867961563,
      2.6841600024309358,
      13.115324429752654,
      64.4045612318705,
      599.9824137558901,
      19.721139732621808,
      4.471586408674593,
      5.166334732743117,
      0.4232803404553436
    ],
    [
      0.24210719515572166,
      0.21710111044317026,
      17.055388637155787,
      15.563929298285146,
      0.37781473948606803,
      361.0922563430495,
      3.8656835871302047,
      95.72214460063725,
      9.247600339804183,
      1.6194270121980106,
      3.598462948358451,
      31.826574875332895,
      36.862667331805284,
      3.8286318686072534,
      5.681951712952664,
      0.26279439547614736,
      9.960400093199013,
      94.6259762846509,
