{
  "param_name": "kd",
  "param_idx": 0,
  "baseline_value": 0.24924474914057873,
  "baseline_cost": 0.9589071937356771,
  "bounds": [
    0.1,
    5.0
  ],
  "grid": [
    0.151174582126145,
    0.1670737517180541,
    0.18464505157258465,
    0.20406434116459868,
    0.22552597527138168,
    0.2492447491405787,
    0.2754580482332279,
    0.3044282240572425,
    0.3364452198694816,
    0.3718294725253181,
    0.4109351195183896
  ],
  "profile_costs": [
    1.0260070872604998,
    1.0020462860664399,
    0.982983844266492,
    0.9703085272576223,
    0.9599565873020733,
    0.956506798949333,
    0.9596516983354776,
    0.9681812606502329,
    0.9802325903420694,
    0.9976606115645702,
    1.0049680765958995
  ],
  "profile_best_xs": [
    [
      0.151174582126145,
      0.1500884581990385,
      19.982824288842544,
      16.981635270013598,
      0.4241171438672755,
      431.3405486670508,
      4.1685988464200925,
      118.86937261739905,
      8.627877260703492,
      1.7460483891769547,
      2.9890498981198945,
      30.671950237002683,
      43.77909696367887,
      3.713646009206503,
      5.673392766258321,
      0.24561339946734184,
      9.641159586403546,
      114.32612184444329,
      2.8365454222808566,
      14.755160873751628,
      47.76667247108455,
      569.8255235177344,
      16.057641208387693,
      3.1271898518522816,
      4.708666905415445,
      0.3952705757876457
    ],
    [
      0.1670737517180541,
      0.15009428397999341,
      17.939742471839246,
      15.638580353564834,
      0.43563509057373484,
      370.48351590492166,
      3.8125951175073434,
      138.64295511799276,
      8.671550746525359,
      1.679970522889974,
      2.9833239024750746,
      32.26507408878483,
      46.67303615562794,
      4.070887708517091,
      5.667055280680323,
      0.2576421059468317,
      9.062264432799353,
      105.73259867395487,
      2.9192323405022886,
      11.431582537414556,
      52.13591427799017,
      599.9076907933224,
      18.133908649539528,
      3.260488536383649,
      4.989302210644697,
      0.4015396169779686
    ],
    [
      0.18464505157258465,
      0.1653373608617384,
      19.597662391759243,
      17.24873710398274,
      0.4954756611783324,
      364.4700635262484,
      3.7583605380919494,
      110.61545617072403,
      8.804395053973835,
      1.7002806487979587,
      3.004956682472372,
      30.71368717298874,
      35.943034184313035,
      3.698768398701981,
      5.771566633337152,
      0.2575857765134133,
      9.660174874969037,
      111.04627801866582,
      2.95319238969385,
      11.918594021171288,
      55.49813661801619,
      599.8748808981657,
      18.014053803824197,
      3.349432147049585,
      5.022733148099778,
      0.41084214624640514
    ],
    [
      0.20406434116459868,
      0.1913628596454321,
      16.324717192820927,
      14.632469974058054,
      0.44631942305122907,
      410.142698439078,
      4.146386636648609,
      118.8755021810266,
      8.959458818646144,
      1.7326530738525543,
      3.2156076589560776,
      32.17895740979658,
      41.08376872716424,
      3.8327437097513464,
      5.7247558941619765,
      0.2554978777215887,
      9.890028943898898,
      104.24774970627544,
      2.7663157326715266,
      12.531919767154172,
      50.62727250569985,
      599.6006404892851,
      17.48271738952389,
      3.176334262369945,
      4.917613440977213,
      0.4201213051810957
    ],
    [
      0.22552597527138168,
      0.20423316053535595,
      16.619761538610184,
      15.041148405835658,
      0.38182903696963255,
      354.17346637487026,
      3.921461813101401,
      118.74780382226935,
      9.038276305716892,
      1.6970980048042033,
      3.268821385001766,
      32.044410251191174,
      38.509301529866676,
      4.050613445147844,
      5.720885584470012,
      0.2752638485797867,
      9.963898421985956,
      95.58854114860472,
      2.871660018344741,
      12.691495721652359,
      57.801587629872046,
      599.9744529026207,
      19.216031308148956,
      3.2111081436244078,
      4.993709316664478,
      0.4236303304690825
    ],
    [
      0.2492447491405787,
      0.22915764771930464,
      16.291837679548678,
      14.886153930325008,
      0.4181559046362775,
      366.2262754326457,
      4.000931026028752,
      61.48606699304764,
      9.178283556013866,
      1.735705366839703,
      3.2473352876991246,
      32.91725583450227,
      35.85756381419583,
      3.974510362931028,
      5.744228477341794,
      0.27248181269939487,
      10.469917183916692,
      98.07484365176376,
      2.888448105835508,
      12.15706754374239,
      59.259512819751976,
      599.9662869498534,
      18.675649104539502,
      3.5280196864034385,
      4.871757396257578,
      0.4274830662619653
    ],
    [
      0.2754580482332279,
      0.2591500644321836,
      17.63292638599343,
      16.297200871473315,
      0.4258544043444069,
      376.74730617009214,
      3.570401356262235,
      141.18636813248133,
      9.234548765770981,
      1.7597246471583772,
      3.418671331897408,
      33.179626108636086,
      34.405599327381324,
      3.4053205619152784,
      5.788274843444073,
      0.23716504904908023,
      10.631354439611485,
      95.28316825719264,
      2.4433855271005673,
      11.9045756250111,
      61.34706939345496,
      599.9286205929362,
      16.47599182559024,
      3.175049460867854,
      4.884427577180463,
      0.4322888997644888
    ],
    [
      0.3044282240572425,
      0.29237994004757073,
      15.990136949772307,
      14.866756441254605,
      0.44380995011587543,
      310.5603194642363,
      2.986181724632213,
      117.97645815508821,
      9.273338576918633,
      1.799125914555785,
      3.494916619080863,
      34.9356595952795,
      35.393526901791176,
      3.47119232274588,
      5.848317177730113,
      0.2384683318859615,
      11.42693110854465,
      94.16159738462483,
      2.4514988471783568,
      11.741342376744374,
      60.9351977109535,
      599.5417696345246,
      16.641348177852777,
      3.271247487562242,
      4.8559468433000355,
      0.4367778225977794
    ],
    [
      0.3364452198694816,
      0.3479550228036741,
      15.680975236290102,
      14.69682028721105,
      0.4264266074320413,
      358.947710870014,
      3.7826811749707296,
      120.33939817412741,
      9.422077835885442,
      1.8879933654563974,
      3.6854049978960965,
      33.08513857047768,
      31.216798660234687,
      3.6993756689171944,
      5.938603881850147,
      0.2635290915079759,
      10.649749767181575,
      88.59645981836098,
      2.5936332765849794,
      11.016076458173401,
      54.71182167694225,
      549.2569111772361,
      16.60721564843685,
      2.7500137481646423,
      4.750225158362978,
      0.43618418208483467
    ],
    [
      0.3718294725253181,
      0.38434406969057466,
      11.760747931744227,
      11.166875400301127,
      0.2697275242500238,
      353.4264999091158,
      3.996761859631601,
      114.82198432437889,
      9.513233143711986,
      1.8421093436459932,
      4.084178274390968,
      32.99603404068736,
      29.797316755190707,
      3.8130894465377843,
      5.956865656921906,
      0.2897376973569765,
      9.6128551739145,
      82.15141470761637,
      2.6834228316725994,
      12.850094790606747,
      62.44135072469399,
      557.6378006212155,
      18.335958282818964,
      3.202878285497502,
      4.900469521568127,
      0.4337472096388706
    ],
    [
      0.4109351195183896,
      0.5224016456067602,
      13.706104823444011,
      12.93580775252562,
      0.38702133965209706,
      329.6529392720038,
      3.1459961160397487,
      97.94870326925684,
      9.551336639636503,
      2.1278723733356752,
      4.082999523151763,
      34.78111179777363,
      34.24682404522099,
      3.5150277312776126,
      5.791868070214795,
      0.2435609548357811,
      10.776111288250902,
      91.74162028326754,
