{
  "param_name": "df",
  "param_idx": 19,
  "baseline_value": 12.67170246489528,
  "baseline_cost": 0.9589071937356771,
  "bounds": [
    0.1,
    30.0
  ],
  "grid": [
    7.685776055715138,
    8.49409617961853,
    9.387428073051863,
    10.374712501863835,
    11.46583054045575,
    12.671702464895281,
    14.004397046709766,
    15.477252341208123,
    17.105009179221447,
    18.90395869829254,
    20.892105389856095
  ],
  "profile_costs": [
    0.9580023059524143,
    0.9569153189331522,
    0.9571750113913622,
    0.9571721873954935,
    0.9566003163805028,
    0.9565528620398448,
    0.9561604291033883,
    0.9567452978709219,
    0.9570750672769739,
    0.9573080244013256,
    0.9578503729952244
  ],
  "profile_best_xs": [
    [
      0.2502277110937322,
      0.23237014633167086,
      16.42367992812234,
      14.954002026723693,
      0.4558771407893851,
      372.6490739641821,
      3.936066865080954,
      126.72719422979696,
      9.160958761361794,
      1.722023309373304,
      3.317585482093996,
      32.895118310090595,
      35.70675151730565,
      3.8116216860570775,
      5.728935057627098,
      0.2624548717400874,
      9.211291496494482,
      84.90328530158993,
      2.5900956085796807,
      7.685776055715138,
      60.17777781812762,
      599.9797827389909,
      18.353362189009836,
      3.224180389094915,
      4.8899726017356,
      0.4277552284266326
    ],
    [
      0.2521480159447991,
      0.22587553509799302,
      16.100643278737014,
      14.739451406040718,
      0.5061157906900502,
      371.6043819086165,
      4.075773124605005,
      76.80672257286335,
      9.176747191901011,
      1.722491249862746,
      3.2121082738045033,
      32.68698347229814,
      36.229672848628155,
      3.9537437522786387,
      5.7457169935159325,
      0.2716000336276899,
      10.045878260364137,
      90.1958564755703,
      2.769758753889424,
      8.49409617961853,
      60.52640595812209,
      599.914489079003,
      18.867647937318402,
      3.379149776680099,
      4.9284884677106024,
      0.4276120133094805
    ],
    [
      0.2507130928030624,
      0.2287168261040346,
      16.32196831461068,
      14.917023414564854,
      0.45080939781722246,
      370.26564800474335,
      3.954884384348181,
      113.86989352913722,
      9.16553433422906,
      1.708306093105039,
      3.30798511732341,
      32.76450672956902,
      35.349446829604005,
      3.8461803924329603,
      5.756483685941426,
      0.2658797425715268,
      9.774839391111595,
      90.27744188394658,
      2.696342780697059,
      9.387428073051863,
      59.04249804929519,
      599.9821879322883,
      18.47401345459273,
      3.195128387574722,
      4.938722814145288,
      0.4272804231649857
    ],
    [
      0.25061773404264,
      0.22699815315967964,
      16.355169828358918,
      14.95006678565235,
      0.42259774620536744,
      372.060245526609,
      4.025652249448088,
      114.44665017300295,
      9.157460228354921,
      1.7075999679422549,
      3.313889645717864,
      32.43225508883661,
      34.566560075053076,
      3.863532679337454,
      5.7287376615119046,
      0.2678764354109384,
      9.905648131999182,
      91.32283363561768,
      2.736677913296213,
      10.374712501863835,
      59.631276005483656,
      599.9871120292144,
      18.71772434258828,
      3.2230522849945276,
      4.988809977646991,
      0.4279265627416659
    ],
    [
      0.24686124783930222,
      0.21897317654043527,
      16.175989795740676,
      14.831050849961022,
      0.42118812848387305,
      369.470006147831,
      4.073892123995098,
      76.27627189190602,
      9.14661581285609,
      1.6996254607842163,
      3.25846516873147,
      32.89569069710954,
      36.30945351264242,
      3.9977349716896393,
      5.739482143909093,
      0.2751586503834638,
      10.274594259322736,
      95.29964191371315,
      2.860286513049303,
      11.46583054045575,
      60.14656612278817,
      599.9788616207497,
      18.963108736451197,
      3.394472808928388,
      4.991310570985341,
      0.427252277915143
    ],
    [
      0.25166269105057504,
      0.22726299478333317,
      16.3125751824209,
      14.96710565163377,
      0.3988027029330109,
      379.82701983138605,
      4.11511754383546,
      67.3293887634816,
      9.182370267025114,
      1.722595047468871,
      3.2500998910704526,
      33.25989108057472,
      36.29914159636515,
      3.9545441997005213,
      5.765924527206197,
      0.27179546076012595,
      10.482209396041952,
      97.70742665589434,
      2.8569828365604586,
      12.671702464895281,
      59.863194441335494,
      599.9978108505936,
      18.54581518017966,
      3.433873769438005,
      4.922007231957453,
      0.4270818000717237
    ],
    [
      0.25113659685430617,
      0.22327721959983005,
      16.401891108657548,
      15.078766749267404,
      0.34865917432352583,
      362.8760585699295,
      3.9285228325481327,
      51.846032520698614,
      9.17822953324048,
      1.7212192446202972,
      3.181465501876823,
      33.0630478272151,
      35.91299188978999,
      3.9581302117154538,
      5.781563866493313,
      0.27316510812470285,
      10.291076566960548,
      96.64671540967693,
      2.854393399759556,
      14.004397046709766,
      59.82941628342992,
      599.9672001702842,
      18.484780916198268,
      3.6587708197025153,
      4.918048118615898,
      0.42691196088856165
    ],
    [
      0.24727149405330462,
      0.2221038937484965,
      16.016554416547784,
      14.692670081662765,
      0.3131152152997254,
      365.5519702785916,
      3.953579366243275,
      89.40478839167862,
      9.144469314316723,
      1.7088315691647766,
      3.2492948521172673,
      33.06122974411967,
      36.68085535835074,
      3.9643984253782136,
      5.753293164280662,
      0.2720624624814842,
      10.219394372144855,
      96.31512624349907,
      2.838349668681733,
      15.477252341208123,
      60.25918854515147,
      599.9803595114437,
      18.768641891327682,
      3.334753734487516,
      4.946718937810058,
      0.42766337893983175
    ],
    [
      0.24989821545132337,
      0.2262578344022375,
      16.274225754401876,
      14.935422845352885,
      0.31078738650462534,
      371.1810132304475,
      3.9800376176475956,
      103.09683204890415,
      9.160891242716215,
      1.7148751363411212,
      3.3019245028040687,
      32.79849163853714,
      36.06345468327608,
      3.9019864796853625,
      5.747379563982975,
      0.2679483775607219,
      10.582830618545817,
      98.87000040014703,
      2.8321101576249186,
      17.105009179221447,
      60.42028045690401,
      599.9848124112484,
      18.625571147059084,
      3.2989958626076388,
      4.966592782787033,
      0.4283208039543974
    ],
    [
      0.25226248446456,
      0.22933717478398113,
      16.12518290993109,
      14.787378735160226,
      0.27037506486935814,
      373.82172504116886,
      4.0095785159621276,
      113.39290977143443,
      9.172910089406361,
      1.7273311279176853,
      3.272050769125131,
      33.00180948251331,
      35.661131383361806,
      3.900491629277419,
      5.792580071601038,
      0.2700953460727618,
      10.525257061935047,
      97.64310405409714,
      2.8208069191130978,
      18.90395869829254,
      60.268442508361694,
      599.974139731258,
      18.638386621638656,
      3.228471090106092,
      4.928831575285127,
      0.4289653196804931
    ],
    [
      0.25144251186752165,
      0.22998723876165073,
      16.197507723214045,
      14.84296271141724,
      0.28109434348174867,
      368.18720639385583,
      3.9631242803649753,
      112.89632274796315,
      9.16653795495556,
      1.7339598861925123,
      3.307752525173086,
      33.03518550818315,
      35.60022159214576,
      3.8896855152029888,
      5.74127710556626,
      0.2669658309128786,
      10.946190005562217,
      103.9318751551275,
      2.912586792035984,
