{
  "param_name": "at",
  "param_idx": 14,
  "baseline_value": 5.697416504759554,
  "baseline_cost": 0.9589071937356771,
  "bounds": [
    0.5,
    25.0
  ],
  "grid": [
    3.4556577912894584,
    3.8190924937546358,
    4.220749957538625,
    4.664650105540713,
    5.155235639642096,
    5.697416504759554,
    6.296619029224464,
    6.958840233300594,
    7.690707849378569,
    8.499546654549304,
    9.393451779435054
  ],
  "profile_costs": [
    1.00639567507693,
    0.9946444969013785,
    0.9824050102114481,
    0.9706882041595616,
    0.9610250138803255,
    0.9564316590165846,
    0.959441979192272,
    0.969263875619332,
    0.9822973551317542,
    1.0001658434045084,
    1.0238538504254533
  ],
  "profile_best_xs": [
    [
      0.24630872856504565,
      0.22070018644776349,
      16.214396138428427,
      14.70609921383133,
      0.3924100042161852,
      370.9630387671632,
      4.03133171509279,
      115.67867541437164,
      9.119810829562788,
      1.7400326268128583,
      3.258997698541939,
      31.990087521770814,
      34.7586171242833,
      3.8325803794368953,
      3.4556577912894584,
      0.23365471345557207,
      10.486845669907161,
      98.19509640639086,
      2.8145792222822776,
      13.607430955385801,
      56.69369415425895,
      599.9581430227801,
      18.566146271639376,
      3.1749005892792317,
      5.228829863935424,
      0.435035561506221
    ],
    [
      0.2497959528895366,
      0.22525845915449375,
      16.21145749670825,
      14.797777164868062,
      0.4546891352262079,
      365.8707239953003,
      3.948595334243234,
      102.25276291675013,
      9.147005620659513,
      1.732428348610473,
      3.3611324550169535,
      31.917165292827107,
      34.2217395983586,
      3.806729933398703,
      3.8190924937546358,
      0.23585091580681633,
      10.673008286704926,
      98.36739307655189,
      2.7873172089522606,
      11.99501273709527,
      57.34278526667894,
      599.9902626303394,
      18.445334091399513,
      3.287306163223548,
      5.223241640520412,
      0.435164436313248
    ],
    [
      0.24656992585794651,
      0.22066143433492386,
      16.404684700061345,
      14.914525179143919,
      0.3759398607091545,
      365.57016773486373,
      4.089914905401894,
      86.12485394849651,
      9.135687139521156,
      1.7332068052950516,
      3.257485869170605,
      32.15234147271136,
      35.086197068787584,
      3.9680613950428416,
      4.220749957538625,
      0.24982454417364672,
      10.33430150556032,
      97.62015007899834,
      2.890267566332863,
      14.055508404951631,
      57.552001942829804,
      599.9858111805318,
      19.080466703955558,
      3.3055738973735025,
      5.167571343503861,
      0.43462366981170214
    ],
    [
      0.249777585598261,
      0.22347156692740083,
      16.28277570446886,
      14.917466857226035,
      0.4123095408007589,
      363.4387095406481,
      4.015805572150822,
      79.78400182655957,
      9.155748437919922,
      1.7205141537103135,
      3.303007210019885,
      32.29139423065163,
      35.19029263488406,
      3.9590282179120257,
      4.664650105540713,
      0.2552604496359432,
      10.297156605393212,
      96.79179175830862,
      2.87098584974215,
      12.288042368981106,
      57.543874571452214,
      599.9553289916119,
      18.86453780778953,
      3.3338590165022306,
      5.127693357752175,
      0.43401563819741457
    ],
    [
      0.2473936880784195,
      0.22442932689855866,
      16.214829778091456,
      14.759131806318354,
      0.45156103580031925,
      364.2223464915046,
      3.9623367029731282,
      75.60847243395774,
      9.147344910746828,
      1.7291381898076368,
      3.227821344107597,
      32.54929891417835,
      35.256445218063234,
      3.917453234139396,
      5.155235639642096,
      0.260339505470058,
      10.337442337895048,
      97.6066297385133,
      2.8428027868711365,
      11.28571146938495,
      57.52780921010625,
      599.9851708899896,
      18.59092535360891,
      3.3695522978685934,
      4.980138912570757,
      0.4318349415359937
    ],
    [
      0.25090208993416274,
      0.22193667053067956,
      16.23392340130429,
      14.865989773462875,
      0.4017741862726951,
      372.3011766895479,
      4.089267105763031,
      60.34609226642597,
      9.169450050625368,
      1.7160232777454003,
      3.188380316377122,
      32.943626635007924,
      35.557826098929446,
      3.9729894094180196,
      5.697416504759554,
      0.27214192315100144,
      10.284472494215276,
      94.53311208594229,
      2.8388116229038802,
      11.829621897733519,
      59.615075072842515,
      599.9678722443562,
      18.709866922242053,
      3.4935371733231255,
      4.971628475166113,
      0.42768401303654224
    ],
    [
      0.2498807985269354,
      0.2262493289126096,
      16.373272717213613,
      15.007221545342432,
      0.41994740634462224,
      375.9656743388981,
      4.061970750526018,
      62.311059793589365,
      9.177717338310197,
      1.7333044084145715,
      3.234957415892206,
      33.23333788743409,
      36.32027022109402,
      3.9431509405183,
      6.296619029224464,
      0.27544949318306866,
      10.352943573670121,
      96.71084963062293,
      2.82669901158142,
      11.884222244084864,
      59.24836197568608,
      599.9935690094004,
      18.45758836915985,
      3.510520053170796,
      4.903448501911486,
      0.42533123941795925
    ],
    [
      0.25370302763017705,
      0.23296972887243195,
      16.249465589669406,
      14.883134898474612,
      0.3511062678660845,
      378.50864679981976,
      4.081637767679796,
      91.69486479330406,
      9.185938895746613,
      1.7572888874033004,
      3.1641312696432538,
      33.49277186328922,
      36.20653655823124,
      3.966895181698166,
      6.958840233300594,
      0.28078635046754274,
      10.410417257882473,
      96.21998797946526,
      2.8436118544313533,
      13.711540159375794,
      61.5582438240307,
      599.997941631249,
      18.74289402807181,
      3.261257907268235,
      4.8019027511228956,
      0.4227241433904285
    ],
    [
      0.25630938245936974,
      0.22837446159313143,
      16.301072341393244,
      15.012601893565675,
      0.34592749675095974,
      367.7334950905557,
      4.145123956866279,
      53.08992805710012,
      9.20157776251531,
      1.7427287244369483,
      3.117553686745368,
      33.1844915622388,
      35.45789053600918,
      4.126161886796689,
      7.690707849378569,
      0.29522240528521587,
      10.16133704350786,
      94.46592963028398,
      2.958831781093337,
      12.994838201483772,
      60.11963536634112,
      599.7902922850144,
      19.298817665280765,
      3.492399818251556,
      4.870529857747834,
      0.42152074571241244
    ],
    [
      0.26098050066830975,
      0.2354727862597938,
      16.62609207944258,
      15.225871226518866,
      0.28616321370898506,
      370.5588130708545,
      4.072481076282838,
      42.59738601934259,
      9.228397455035267,
      1.7754577385347021,
      3.057691008475125,
      33.686064743199154,
      35.35158639845547,
      3.9955866561313838,
      8.499546654549304,
      0.2898018919621754,
      10.556837360528963,
      95.27378299565987,
      2.8793272725129304,
      16.597067161387073,
      61.83679725196371,
      599.9863705590025,
      18.64214626642163,
      3.7285310834244627,
      4.790435968146968,
      0.42224323708583483
    ],
    [
      0.2660737847476299,
      0.241693052997078,
      16.14053704791403,
      14.753556363886634,
      0.463580649569196,
      375.7284238924391,
      4.043576327593131,
      58.83664863255565,
      9.216964800321918,
      1.7983604495012762,
      2.9742363961563454,
      34.238152999996345,
      35.98783966005077,
      3.9632356088258263,
      9.393451779435054,
      0.2907142025812426,
      10.792694054722583,
      97.76533048804166,
      2.867815071427027,
