{
  "param_name": "tp2",
  "param_idx": 8,
  "baseline_value": 9.17803679442957,
  "baseline_cost": 0.9589071937356771,
  "bounds": [
    6.0,
    12.0
  ],
  "grid": [
    6.0,
    6.152222046558821,
    6.7992568874006505,
    7.514340976480749,
    8.304631115710686,
    9.17803679442957,
    10.143299350231802,
    11.210079455211801,
    12.0,
    12.0,
    12.0
  ],
  "profile_costs": [
    1.4089614696676716,
    1.4002417716423852,
    1.2611868213814204,
    1.1346810683590227,
    1.006798495105952,
    0.9565002433992182,
    1.0349096952092758,
    1.199791649144142,
    1.3130377253102088,
    1.3130377253102088,
    1.3130377253102088
  ],
  "profile_best_xs": [
    [
      0.10021155120163294,
      0.10032227672941996,
      12.905807939494615,
      11.832294682538475,
      0.3205039285485334,
      247.26963159035859,
      3.371646131766422,
      102.80717288734849,
      6.0,
      3.1287930227320846,
      2.534373198980199,
      32.243364291560255,
      36.37134264998332,
      5.158910033437017,
      5.353924005184297,
      0.3385309082083323,
      10.267548878669217,
      91.7213130945899,
      3.523790478554103,
      16.20977618421471,
      55.65494861812215,
      528.9146414393808,
      21.54316979378929,
      3.7031928073647205,
      4.7090057435999295,
      0.5506988235993326
    ],
    [
      0.10055612745115929,
      0.1120755053626242,
      19.082404983899487,
      17.215519501812185,
      0.36083529169199435,
      217.71531863709492,
      3.258601328675506,
      240.9583786552758,
      6.152222046558821,
      3.7472981701874453,
      1.9829547546743345,
      23.734439686114047,
      28.02384381012472,
      5.417489846568674,
      5.698895113907515,
      0.4480508002647738,
      9.090753262274596,
      95.15811862665545,
      4.160166078828522,
      11.772263217191059,
      42.4819169026587,
      338.9864662287891,
      16.25290823710675,
      1.8104970483747884,
      3.5467461742317328,
      0.46478509503518833
    ],
    [
      0.10001217609336424,
      0.10002734918340883,
      19.917295144252222,
      19.126094550205664,
      0.5435102338068476,
      413.20991831587526,
      4.4642979299526395,
      208.07757474577727,
      6.7992568874006505,
      2.5770575136069818,
      3.129446904689499,
      28.720831684526907,
      49.897813935847296,
      4.6004398965348,
      5.678189750139154,
      0.27481137264795785,
      7.660383386985398,
      124.15999722127813,
      3.7120699049589376,
      8.767012643755209,
      35.92124763644196,
      540.2294965566855,
      17.918351933700293,
      2.817336003013107,
      4.971512472932506,
      0.4237851282813949
    ],
    [
      0.14077476699379377,
      0.10000626336807883,
      17.500510086869838,
      15.562178083260129,
      0.6242951828258032,
      312.2374087540162,
      4.010434221418979,
      199.50182230293433,
      7.514340976480749,
      1.7958955621001085,
      2.5216940920335,
      28.46974858334775,
      40.297028032863665,
      4.7280700944000476,
      5.660617953426858,
      0.3146832619818516,
      7.779942943402329,
      116.68123445007518,
      3.9629677865195845,
      8.654362303074766,
      42.844888519496976,
      525.9380362647491,
      20.133574774230198,
      2.835469500303928,
      5.704184266806596,
      0.42182463033704864
    ],
    [
      0.18924548822180692,
      0.1282366982065542,
      18.608825721173453,
      16.412655752222825,
      0.3116151575075267,
      313.6395356849963,
      3.244225249352878,
      278.37429582307834,
      8.304631115710686,
      1.5438456085820376,
      2.492645778640749,
      30.512868377976147,
      35.03264383216941,
      3.5701214544510944,
      5.547696752620775,
      0.2533287732932534,
      9.5065775214259,
      102.63005044718824,
      2.8797983736621604,
      14.31258372666457,
      48.37031671396426,
      564.1610380009206,
      16.88208374124526,
      2.5134434151959777,
      5.74327312593541,
      0.4219986970662811
    ],
    [
      0.2486555964477165,
      0.2233959040591617,
      16.272149633079948,
      14.946955955324162,
      0.40178123899220675,
      368.90708896281654,
      4.071584558804788,
      65.01764757346004,
      9.17803679442957,
      1.708135447433203,
      3.3005314777163948,
      32.76402204504415,
      35.42469892319604,
      4.00915496219041,
      5.759103421790568,
      0.2750418053962313,
      10.118198919753548,
      95.09780366326686,
      2.8646422856445337,
      11.97634693518274,
      58.73924649256496,
      599.9932914390105,
      18.894006120461036,
      3.5124232138055884,
      4.974328843295018,
      0.426278230396146
    ],
    [
      0.35108163625429567,
      0.4205648450156426,
      15.883140219521897,
      14.991570254375368,
      0.3984987645378344,
      397.84944567165394,
      4.38150471251096,
      36.92576663423578,
      10.143299350231802,
      2.097742781216113,
      4.00589881089015,
      33.714879289387504,
      31.446670916844127,
      3.9316497948123175,
      6.01255367300737,
      0.2783875653198628,
      10.067478498265627,
      83.86299004306605,
      2.640460483436991,
      10.655861134934023,
      54.533881208327536,
      501.5564689146982,
      15.973680842934655,
      3.9737171370199302,
      4.442787766922948,
      0.4076039228249719
    ],
    [
      0.41482609286548455,
      0.6361797346023801,
      19.653746192025096,
      19.02168551386955,
      0.19581290288306108,
      445.72990395281613,
      2.8936538582403184,
      53.757022649725826,
      11.210079455211801,
      3.1007338934776945,
      3.9489786555896957,
      42.36103477926636,
      33.434118710181934,
      2.5847588274208926,
      5.973266996975083,
      0.18109925997385112,
      9.693186292173209,
      75.62957066018657,
      1.6243178257264814,
      11.873696543344803,
      64.5787449608936,
      521.9282675273255,
      10.680948371516337,
      4.871299242260839,
      3.9229504656803744,
      0.37561314013304314
    ],
    [
      0.26314729816786986,
      0.6740601130716712,
      12.345241424532329,
      11.417037666658047,
      0.6076663215266132,
      372.0466259164699,
      4.061377205846826,
      142.0233017521349,
      12.0,
      4.403951895238206,
      5.236965342442296,
      29.959388085070806,
      28.605755335917188,
      3.8373330827779126,
      5.628637357461416,
      0.27029823879108683,
      10.002182514151752,
      110.8128729993968,
      3.395093179170434,
      10.160468046409093,
      30.324588826224698,
      331.2742556534929,
      11.417629284209184,
      1.815147059338761,
      3.5282922139637494,
      0.3227502465359633
    ],
    [
      0.26314729816786986,
      0.6740601130716712,
      12.345241424532329,
      11.417037666658047,
      0.6076663215266132,
      372.0466259164699,
      4.061377205846826,
      142.0233017521349,
      12.0,
      4.403951895238206,
      5.236965342442296,
      29.959388085070806,
      28.605755335917188,
      3.8373330827779126,
      5.628637357461416,
      0.27029823879108683,
      10.002182514151752,
      110.8128729993968,
      3.395093179170434,
      10.160468046409093,
      30.324588826224698,
      331.2742556534929,
      11.417629284209184,
      1.815147059338761,
      3.5282922139637494,
      0.3227502465359633
    ],
    [
      0.26314729816786986,
      0.6740601130716712,
      12.345241424532329,
      11.417037666658047,
      0.6076663215266132,
      372.0466259164699,
      4.061377205846826,
      142.0233017521349,
      12.0,
      4.403951895238206,
      5.236965342442296,
      29.959388085070806,
      28.605755335917188,
      3.8373330827779126,
      5.628637357461416,
      0.27029823879108683,
      10.002182514151752,
      110.8128729993968,
      3.395093179170434,
      10.160468046409093,
      30.324588826224698,
      331.2742556534929,
