{
  "param_name": "ax",
  "param_idx": 20,
  "baseline_value": 56.60600473561139,
  "baseline_cost": 0.9589071937356771,
  "bounds": [
    1.0,
    250.0
  ],
  "grid": [
    34.333277395986826,
    37.94413970026864,
    41.93475970813653,
    46.34507688592291,
    51.2192311703019,
    56.606004735611386,
    62.55931022225007,
    69.1387303125034,
    76.41011405405396,
    84.44623589938381,
    93.32752405695467
  ],
  "profile_costs": [
    0.96879115594443,
    0.9656795318972202,
    0.962921356554712,
    0.9603446291856014,
    0.9578757452034463,
    0.9569858715796626,
    0.9572246441627138,
    0.959133279690316,
    0.9626117519652837,
    0.9687973401143316,
    0.9764571160863126
  ],
  "profile_best_xs": [
    [
      0.24108610614513765,
      0.21636991691240462,
      19.585956514193867,
      17.850857568021368,
      0.34302903577943755,
      338.93199576367147,
      4.342971493331563,
      127.45600589813438,
      9.121998335866643,
      1.6907341889232383,
      3.2995582597983235,
      32.480504500731456,
      36.001018043911884,
      4.649546714142777,
      5.700452479958276,
      0.3171973752795949,
      9.952655699349016,
      93.64109900772539,
      3.2833829305981226,
      13.565341847496535,
      34.333277395986826,
      418.63964691285264,
      15.527074063316515,
      2.174337776530918,
      5.063249103587566,
      0.4301393271417583
    ],
    [
      0.244539092627181,
      0.22137233000411183,
      17.967869285892654,
      16.40593362150925,
      0.3926570152068194,
      342.39119535875056,
      4.17995692718266,
      96.18716453227091,
      9.140670065307837,
      1.7050093907665032,
      3.326619600249983,
      32.761851835534756,
      36.05888762896359,
      4.422049123757848,
      5.692857298512283,
      0.30227628634760495,
      10.368283774435255,
      95.42686438955019,
      3.1508656831969777,
      12.614881362692856,
      37.94413970026864,
      449.3120448744096,
      15.733129041920158,
      2.4234390908810735,
      5.030097079030265,
      0.4298116502797993
    ],
    [
      0.24452101915255908,
      0.21921599865177843,
      17.606292830338788,
      16.16903225835521,
      0.3840687395963406,
      343.5165833492407,
      3.997687297206719,
      91.33848526563625,
      9.13060198306508,
      1.7094058258990978,
      3.2614631406311165,
      32.80120611951641,
      36.07032633525367,
      4.263557847971949,
      5.7424021580683515,
      0.2937675059936935,
      10.499624181830505,
      99.49124707158953,
      3.1114191104325606,
      13.589042543357134,
      41.93475970813653,
      493.96072873719606,
      16.564326269691385,
      2.6446697960641625,
      5.007270728045581,
      0.42870884476804416
    ],
    [
      0.2442612282925598,
      0.21704083171933866,
      16.572585782537537,
      15.172459558736612,
      0.4526095878433698,
      369.7042045939194,
      4.1729940835721155,
      53.091239801003645,
      9.14438168750709,
      1.7258874190380362,
      3.181619953688316,
      32.7124960428891,
      36.02556275685012,
      4.11220291444123,
      5.726098551251411,
      0.28179028039797405,
      10.263137067916007,
      97.38749999241807,
      2.9754423251122444,
      11.093241359878446,
      46.34507688592291,
      571.2999248252655,
      18.08890443204251,
      3.24172991478746,
      5.022874184409988,
      0.4299966472421713
    ],
    [
      0.24649477334897085,
      0.22046808310352684,
      16.50890910625227,
      15.183145275097033,
      0.5367274929473289,
      377.02458890153923,
      4.038286693407699,
      53.246807882027056,
      9.154112331880501,
      1.7329523874386452,
      3.1966920334546005,
      32.81667751249644,
      35.86811976832642,
      3.9128720675440025,
      5.745897150704792,
      0.2691196728118995,
      10.245823951114396,
      97.07154848614607,
      2.841998262893222,
      9.085948725122083,
      51.2192311703019,
      597.7737983756422,
      18.049753013457156,
      3.4419772334491423,
      4.970296502720048,
      0.4289865587816557
    ],
    [
      0.2508678256669102,
      0.23278113265183195,
      16.15243503600668,
      14.800820659915672,
      0.448781971182995,
      373.8384573129443,
      4.050496229407903,
      68.36964019844271,
      9.195341369813175,
      1.736447165784051,
      3.3163431133803396,
      32.72921605572053,
      35.65981823627671,
      3.9512106691488986,
      5.768173725921056,
      0.27113443393783565,
      10.43120985779657,
      97.54998827709875,
      2.845481766648823,
      11.503408250004004,
      56.606004735611386,
      599.9876711554491,
      18.537855482618525,
      3.4469810320726166,
      4.908012087343108,
      0.4272188662682569
    ],
    [
      0.25242768887869094,
      0.22850434302835176,
      16.264116562153106,
      14.850995920029504,
      0.3420585059652552,
      373.22583412572396,
      4.069298501695726,
      102.93745815471885,
      9.169471764857406,
      1.7163397553125241,
      3.2314278624083794,
      32.88853186975051,
      35.536799483157495,
      3.9572492421759753,
      5.7784713868605575,
      0.2724723608157189,
      10.220766681250588,
      95.3814718500822,
      2.8279687100573754,
      14.141719158368005,
      62.55931022225007,
      599.9954630371371,
      18.914098135196532,
      3.2450252431978406,
      4.913111638308692,
      0.4279385010737114
    ],
    [
      0.25053437411344964,
      0.22282187092881417,
      16.44227984017868,
      14.903083302177674,
      0.37187588384693815,
      367.76382731280074,
      4.008896454874658,
      119.80013087546237,
      9.139917208157073,
      1.7018161250543546,
      3.159954023600983,
      33.143449656834726,
      35.54430539267092,
      3.904985158943148,
      5.767982617814739,
      0.26939151946768713,
      10.502979223349058,
      94.89600503512978,
      2.8008297354121425,
      13.175054178348432,
      69.1387303125034,
      599.9644654011753,
      19.02884562252541,
      3.3056310696856466,
      4.9178364034352455,
      0.4278688828293178
    ],
    [
      0.25005847441528334,
      0.2215455589983787,
      16.538780807481494,
      15.059364268848986,
      0.3937698448079754,
      371.4055416767519,
      4.006197211188217,
      116.71812025409035,
      9.16934903379126,
      1.671036842097218,
      3.2745411861709295,
      32.99397271219573,
      35.10486764688012,
      3.8379107669000603,
      5.774842880673205,
      0.26624712644733695,
      10.138615641586114,
      95.34416562261416,
      2.78226294016116,
      12.176922261383885,
      76.41011405405396,
      599.9958196491626,
      19.02748429744868,
      3.5333515094538175,
      4.927125449733218,
      0.4226113815637632
    ],
    [
      0.25128303787257084,
      0.21836986954040077,
      16.34811477640561,
      14.867811885559815,
      0.3208362540298285,
      372.08997157802037,
      4.044724478795811,
      127.99049863662331,
      9.152713457172963,
      1.6715586459702951,
      3.120032439304995,
      33.26935885624129,
      35.29683965086816,
      3.8737392817390326,
      5.823988438167197,
      0.2711935509495389,
      10.16103570077311,
      94.46131547095179,
      2.811410802173926,
      14.248895499141174,
      84.44623589938381,
      599.9923506584989,
      19.36437884976648,
      3.445900184095084,
      4.833609163679913,
      0.4228586372609874
    ],
    [
      0.2635723524813055,
      0.24222419855247837,
      16.42235283292769,
      14.913900653142466,
      0.35289959192731585,
      350.6153765858869,
      3.6898427408479275,
      124.48533932473828,
      9.206023920955596,
      1.7084405975125163,
      3.244978627872186,
      33.714078549604025,
      36.74136230594959,
      3.7866653012999407,
      5.858263693342206,
      0.2618736826773895,
      10.34333235178775,
      89.22393304626837,
