{
  "param_name": "cx",
  "param_idx": 21,
  "baseline_value": 570.8778884315129,
  "baseline_cost": 0.9589071937356771,
  "bounds": [
    10.0,
    600.0
  ],
  "grid": [
    346.2549422857207,
    382.6708924541402,
    422.91674153436975,
    467.3952835111006,
    516.5516745821909,
    570.8778884315129,
    600.0,
    600.0,
    600.0,
    600.0,
    600.0
  ],
  "profile_costs": [
    0.9727700340287286,
    0.9686235566877236,
    0.9654338662458384,
    0.9622164807083023,
    0.9600328210685283,
    0.9573812563402923,
    0.9568942987424577,
    0.9568942987424577,
    0.9568942987424577,
    0.9568942987424577,
    0.9568942987424577
  ],
  "profile_best_xs": [
    [
      0.2575963790511654,
      0.24298565727087984,
      19.999341508820738,
      18.274750579325126,
      0.3322278936584734,
      285.1941545088109,
      3.2772912505230845,
      103.81811639582361,
      9.22783270098278,
      1.7096885758237161,
      3.512178845784181,
      32.45739118285266,
      34.27554582914147,
      4.088722220903092,
      5.748191040349424,
      0.2806260041892753,
      10.426510879725424,
      96.45184682679303,
      2.9635218137757757,
      15.494660195856895,
      36.25152005475367,
      346.2549422857207,
      11.995618443241248,
      2.4493799587022105,
      4.943310625322693,
      0.42335781914711546
    ],
    [
      0.2514954443961498,
      0.2343334009490341,
      17.91991718334706,
      16.425324644665096,
      0.38679459709550035,
      346.5641151580684,
      4.162716392846006,
      113.99706000903797,
      9.180607106516444,
      1.7295249047099803,
      3.3076590119332954,
      33.22456681702536,
      37.574920247087306,
      4.440257266987578,
      5.747265057578815,
      0.30074521293003265,
      10.724783391928284,
      100.27560973787661,
      3.225707203756307,
      13.520429846617343,
      40.402707151413026,
      382.6708924541402,
      13.688806305418602,
      2.20146709423463,
      4.820752643954153,
      0.42587892337494393
    ],
    [
      0.24733974166893324,
      0.22412086439472123,
      19.95244306410776,
      18.1655859778231,
      0.35744989112542624,
      320.5617795828456,
      4.135048555345442,
      141.83115470833508,
      9.159391607534328,
      1.6824406368809246,
      3.3407211666393337,
      32.899656844381965,
      35.65228029273648,
      4.6393478226403815,
      5.8041131971542725,
      0.3214420872943543,
      9.447991130035025,
      86.69802179109814,
      3.1579682163087774,
      11.404064922418119,
      45.013846992878385,
      422.91674153436975,
      16.147883648338336,
      2.4009861335687583,
      4.981870532587184,
      0.4246366506848591
    ],
    [
      0.24811596168492495,
      0.22589879568715482,
      19.999266070588472,
      18.313167932660487,
      0.4701656460077285,
      365.00047879451745,
      3.950492760390738,
      110.97431706698502,
      9.18107548508781,
      1.6879386843684876,
      3.3764021839006295,
      33.28897686906232,
      37.1853273954841,
      3.9592217024215994,
      5.736340556591449,
      0.26865567026348103,
      10.312756457427948,
      97.35901821825418,
      2.8272910621519753,
      10.848816679224669,
      48.168631816851814,
      467.3952835111006,
      14.90917374428742,
      2.8206262275472938,
      4.946301374404988,
      0.4274380919217553
    ],
    [
      0.24838815004117082,
      0.22694927909244966,
      17.872086523999563,
      16.266694433908558,
      0.38205013097896945,
      337.50678214243646,
      3.9941066448734492,
      109.3763283437967,
      9.149083145678922,
      1.7278844299240825,
      3.237654453423647,
      32.91032210328015,
      34.850399524705296,
      4.246733916189282,
      5.8251216531929035,
      0.2967448099011276,
      10.317034238831042,
      93.9769976901556,
      3.032617492073256,
      12.553524098865843,
      51.804633265966785,
      516.5516745821909,
      17.73678570101888,
      2.7913623183637988,
      4.909929585936785,
      0.4290385373596759
    ],
    [
      0.24968884182882337,
      0.22547543005903997,
      16.295219934110413,
      14.947575355947128,
      0.3090498806871199,
      366.26319900631427,
      4.049143680776851,
      54.15552664772672,
      9.182212976011641,
      1.729951590114331,
      3.219547201965447,
      33.06754493227383,
      35.91534678928477,
      4.036367239257105,
      5.78047934369587,
      0.27729582655889157,
      10.412277907323135,
      97.10230748087986,
      2.9105404650123177,
      16.06351614922246,
      57.25994009704421,
      570.8778884315129,
      17.995925988093205,
      3.469794639619506,
      4.896328963984333,
      0.4261552177574732
    ],
    [
      0.24837233008403278,
      0.22216723334287872,
      16.940681437199427,
      15.45739919568132,
      0.3633989042032929,
      370.3668650767149,
      4.035408215283241,
      116.14444030660388,
      9.14920107194095,
      1.699713394145356,
      3.257068793101027,
      32.744519467469885,
      35.046600266740384,
      3.909197087664338,
      5.728098174475747,
      0.27133282041567863,
      10.209193318960786,
      94.00518363349194,
      2.7936203696780884,
      13.092323976202787,
      60.48301270911382,
      600.0,
      18.877277820871093,
      3.2205755258899558,
      4.988091299953325,
      0.42825377797720954
    ],
    [
      0.24837233008403278,
      0.22216723334287872,
      16.940681437199427,
      15.45739919568132,
      0.3633989042032929,
      370.3668650767149,
      4.035408215283241,
      116.14444030660388,
      9.14920107194095,
      1.699713394145356,
      3.257068793101027,
      32.744519467469885,
      35.046600266740384,
      3.909197087664338,
      5.728098174475747,
      0.27133282041567863,
      10.209193318960786,
      94.00518363349194,
      2.7936203696780884,
      13.092323976202787,
      60.48301270911382,
      600.0,
      18.877277820871093,
      3.2205755258899558,
      4.988091299953325,
      0.42825377797720954
    ],
    [
      0.24837233008403278,
      0.22216723334287872,
      16.940681437199427,
      15.45739919568132,
      0.3633989042032929,
      370.3668650767149,
      4.035408215283241,
      116.14444030660388,
      9.14920107194095,
      1.699713394145356,
      3.257068793101027,
      32.744519467469885,
      35.046600266740384,
      3.909197087664338,
      5.728098174475747,
      0.27133282041567863,
      10.209193318960786,
      94.00518363349194,
      2.7936203696780884,
      13.092323976202787,
      60.48301270911382,
      600.0,
      18.877277820871093,
      3.2205755258899558,
      4.988091299953325,
      0.42825377797720954
    ],
    [
      0.24837233008403278,
      0.22216723334287872,
      16.940681437199427,
      15.45739919568132,
      0.3633989042032929,
      370.3668650767149,
      4.035408215283241,
      116.14444030660388,
      9.14920107194095,
      1.699713394145356,
      3.257068793101027,
      32.744519467469885,
      35.046600266740384,
      3.909197087664338,
      5.728098174475747,
      0.27133282041567863,
      10.209193318960786,
      94.00518363349194,
      2.7936203696780884,
      13.092323976202787,
      60.48301270911382,
      600.0,
      18.877277820871093,
      3.2205755258899558,
      4.988091299953325,
      0.42825377797720954
    ],
    [
      0.24837233008403278,
      0.22216723334287872,
      16.940681437199427,
      15.45739919568132,
      0.3633989042032929,
      370.3668650767149,
      4.035408215283241,
      116.14444030660388,
      9.14920107194095,
      1.699713394145356,
      3.257068793101027,
      32.744519467469885,
      35.046600266740384,
      3.909197087664338,
      5.728098174475747,
      0.27133282041567863,
      10.209193318960786,
      94.00518363349194,
      2.7936203696780884,
      13.092323976202787,
      60.48301270911382,
      600.0,
