{
  "param_name": "ar",
  "param_idx": 11,
  "baseline_value": 33.941582511554245,
  "baseline_cost": 0.9589071937356771,
  "bounds": [
    1.0,
    200.0
  ],
  "grid": [
    20.586610432423775,
    22.75172315166749,
    25.14454276333133,
    27.78901741034327,
    30.711613883809232,
    33.94158251155426,
    37.51124990523475,
    41.45634249593334,
    45.81634409628914,
    50.63489106776566,
    55.96020904802298
  ],
  "profile_costs": [
    0.9815635983708072,
    0.9740835887957348,
    0.9671496993410537,
    0.9609464938070627,
    0.9570235638159004,
    0.9566398496140665,
    0.9591020994096664,
    0.9635739027126182,
    0.9700155130348014,
    0.9776626313595895,
    0.9875054450981168
  ],
  "profile_best_xs": [
    [
      0.2455448049859107,
      0.22256820746438893,
      16.413610581192675,
      14.857625832388596,
      0.40245897732975533,
      366.78929997016235,
      4.0577024432590765,
      134.00396334296968,
      9.13795830974503,
      1.7355761372426362,
      3.3112315063249245,
      20.586610432423775,
      24.050097418033957,
      3.38723128153051,
      5.645059653599402,
      0.2664307507272749,
      10.504899519649165,
      97.26075096885364,
      2.8358130806518798,
      13.371556687638627,
      56.91425054103314,
      599.9595794600299,
      18.97285194895516,
      3.178840606830246,
      5.185279764709405,
      0.43959266490170656
    ],
    [
      0.24594533792027995,
      0.22074792052269487,
      16.2819229403799,
      14.801895312604884,
      0.2571661700178697,
      364.2121689783147,
      3.9920967471894375,
      105.38488216299456,
      9.14110956879546,
      1.728577159823251,
      3.2427089127642104,
      22.75172315166749,
      26.601083919153908,
      3.462743242153863,
      5.660543860704999,
      0.26863413199193364,
      10.220291761157508,
      94.90889529811889,
      2.815173742914535,
      19.096052548883932,
      56.54942226100735,
      599.9397958821435,
      18.81507322321614,
      3.22833336841762,
      5.134764344150451,
      0.4360707788152922
    ],
    [
      0.24508041851295753,
      0.21684684925660724,
      16.301794284428198,
      14.881507584000833,
      0.45808248316348016,
      365.68548304719366,
      4.074688603991851,
      89.9136602793911,
      9.134659961047529,
      1.7015598702426584,
      3.2648296436767392,
      25.14454276333133,
      29.63295837672456,
      3.6623414887215224,
      5.699886965260777,
      0.2751261210867254,
      10.322488805646287,
      97.31918417860265,
      2.8990182969489533,
      11.253725568264795,
      58.017502835020224,
      599.9940439499662,
      19.14071958919486,
      3.315526476051027,
      5.134987560496258,
      0.4345968548661072
    ],
    [
      0.24659558028399264,
      0.22382868901999786,
      16.309282382184904,
      14.89024380607114,
      0.3865080005082743,
      366.57374430429246,
      3.9173073232431,
      72.79852503624278,
      9.154125185559941,
      1.743030604260859,
      3.253140152825314,
      27.78901741034327,
      32.064720783750204,
      3.6539449015796475,
      5.6995689949404635,
      0.26405502599671055,
      9.992945288639657,
      96.01667109446046,
      2.7834220288394684,
      12.625134717818813,
      57.91959295947929,
      599.9967693339902,
      18.275329352510365,
      3.4349817414226473,
      5.037956096232405,
      0.43075589097859335
    ],
    [
      0.24602485616963787,
      0.21737900625902434,
      16.46259779478821,
      14.987551289276855,
      0.3608330462089032,
      358.0221698307889,
      4.02194117959976,
      61.28753728826783,
      9.156728694296987,
      1.711598897648586,
      3.186922116675079,
      30.711613883809232,
      34.22857616832103,
      3.9413351035207795,
      5.743817856267194,
      0.2772057097256645,
      10.270989207712311,
      95.38770881873936,
      2.900765395386352,
      13.595992075455545,
      59.18282284086966,
      599.9927166117693,
      19.113693349185965,
      3.5360833626040864,
      5.01615280216531,
      0.42759194824461233
    ],
    [
      0.24986019864555647,
      0.22507469138672243,
      16.22939555643495,
      14.840147081150334,
      0.42836209190093444,
      374.6506586034622,
      4.116025099976138,
      66.41062821855084,
      9.17604918974411,
      1.721233756920976,
      3.211857573161665,
      33.94158251155426,
      37.01875409762691,
      4.029051454971651,
      5.794116723704025,
      0.2746571938931276,
      10.33863813141751,
      94.14057849451814,
      2.8346132256070655,
      11.152021952797156,
      60.04182177877351,
      599.9969080199314,
      18.816505145543204,
      3.450076582709362,
      4.9055497066649,
      0.4270703073344603
    ],
    [
      0.2527398607008041,
      0.22681635879635043,
      16.238095255195283,
      14.922448778297912,
      0.3981099528500679,
      367.72174059910384,
      4.039311961062026,
      72.2788757519919,
      9.178709103663692,
      1.7147085799372688,
      3.2406542063647645,
      37.51124990523475,
      38.506048081008046,
      4.112799730624209,
      5.813319213288077,
      0.2751447175814882,
      10.154385184196634,
      94.16362495832769,
      2.843717428805344,
      11.826947555337203,
      60.957283026264506,
      599.9946538041752,
      18.90462087877804,
      3.400465243096333,
      4.8852537844924875,
      0.4265651264069856
    ],
    [
      0.2516135706558863,
      0.22236243398259908,
      16.276908200496386,
      14.981041268548605,
      0.3530038382917716,
      374.2267307283115,
      4.08027766363119,
      57.076028139456255,
      9.1778846201887,
      1.696425532967599,
      3.1844478940310097,
      41.45634249593334,
      41.964740138607176,
      4.226749255396607,
      5.776199663330583,
      0.2762366663313366,
      10.279377428963517,
      95.57739533623784,
      2.8584046847581313,
      13.537945586006288,
      60.30778828222151,
      599.9754913043885,
      18.66850521322793,
      3.5121281357795056,
      4.874460036444914,
      0.42706795911388634
    ],
    [
      0.25436889685662056,
      0.22404695718441447,
      16.350073192489567,
      15.004736160579803,
      0.40788756491673017,
      375.11922748256814,
      4.041673102446538,
      61.585042763721304,
      9.182123150515025,
      1.6954214414649509,
      3.1691196488022992,
      45.81634409628914,
      44.925786542733334,
      4.229548876494857,
      5.785386699735939,
      0.270448587940075,
      10.136348441448977,
      91.92588556716025,
      2.7556294392026093,
      10.921710831910193,
      60.9466206124749,
      599.9885242187097,
      18.435464700886328,
      3.481184832099283,
      4.872733160010796,
      0.4276987232968533
    ],
    [
      0.2544172893096236,
      0.22780047106750312,
      16.50149594626201,
      15.157264504189538,
      0.3034629004321242,
      373.8016927375529,
      3.9234971385895694,
      53.69379108857933,
      9.18525402215846,
      1.7292666898259699,
      3.1026573116552694,
      50.63489106776566,
      49.7760456124743,
      4.282799725039698,
      5.811055738064262,
      0.2672237402706362,
      10.266065430352452,
      94.65737806101032,
      2.757928960737474,
      15.221986463876256,
      60.59559446082281,
      599.991422294928,
      17.99737550557385,
      3.576917831810529,
      4.7764741533437896,
      0.42887386494393465
    ],
    [
      0.2562427220436873,
      0.22957024517150165,
      16.229760113267396,
      14.892735378701687,
      0.32283777485382015,
      364.84583889298216,
      3.8531238656691036,
      57.553737361847894,
      9.188214308498505,
      1.7090630648591656,
      3.174655173108081,
      55.96020904802298,
      53.106130945044825,
      4.369219730572544,
      5.79657992675795,
      0.26657218178211917,
      10.216103225544693,
      92.95556860196744,
      2.7259838317466105,
