{
  "param_name": "km",
  "param_idx": 24,
  "baseline_value": 4.932846642799645,
  "baseline_cost": 0.9589071937356771,
  "bounds": [
    1.5,
    15.0
  ],
  "grid": [
    2.4664233213998226,
    2.959707985679787,
    3.4529926499597514,
    3.946277314239716,
    4.439561978519681,
    4.932846642799644,
    5.4261313070796096,
    5.919415971359573,
    6.412700635639538,
    6.905985299919502,
    7.399269964199467
  ],
  "profile_costs": [
    1.1039912543173682,
    1.036714062850667,
    1.0024195573303099,
    0.9740392173880571,
    0.960851263569559,
    0.9567531249408244,
    0.9599704344944177,
    0.9685108114271848,
    0.979355673335313,
    0.993194114108058,
    1.008935792089239
  ],
  "profile_best_xs": [
    [
      0.2180228359045384,
      0.48132577601614834,
      16.350293955381858,
      13.776825132545678,
      0.43278837031063955,
      358.1787494999206,
      2.9312087981729453,
      114.14109506471812,
      9.13598059171504,
      2.8595657771349376,
      3.598443385110408,
      35.04358580235279,
      44.55697280295007,
      3.2521012298338876,
      6.342471651579178,
      0.22767967381768744,
      10.700507811126108,
      104.32987978837608,
      2.490113759583125,
      9.516097715397278,
      56.33727298933702,
      468.60175723268685,
      11.827928314530334,
      2.413497823753396,
      2.4664233213998226,
      0.4264103599172312
    ],
    [
      0.25753152658884126,
      0.3835315954631431,
      14.868114753710305,
      13.136807599961038,
      0.17522032583734937,
      409.7811218463778,
      3.1491536860472316,
      53.73166948809718,
      9.260665609560917,
      2.2824185606823404,
      3.0798831764706076,
      41.36306929786198,
      47.828002222342974,
      3.2680798062871386,
      6.241574806961939,
      0.2137420512771086,
      10.032878475936464,
      103.09671218629248,
      2.350951662466983,
      21.27786804749394,
      69.55692121166015,
      593.0412068893293,
      13.675034880027631,
      3.5181157830647445,
      2.959707985679787,
      0.43223699168223106
    ],
    [
      0.2427598694649091,
      0.30474375633484246,
      12.7895172305717,
      11.413189851975261,
      0.2770453886224732,
      323.00942207543136,
      3.6690856015347597,
      58.03039010954063,
      9.154860285804176,
      2.0862889639636197,
      2.9909255445666343,
      35.93841359104542,
      43.12843935021439,
      4.559398865915621,
      6.022701993189541,
      0.31331356452534076,
      9.042066939784373,
      89.53887651808557,
      3.131198376896651,
      10.302620279411457,
      66.02364500722759,
      598.8988022737763,
      20.289133550906357,
      3.144105180035079,
      3.4529926499597514,
      0.4293560430913269
    ],
    [
      0.26236246560680665,
      0.2960449034013869,
      16.61594843692967,
      14.955994181587698,
      0.3320849395920611,
      374.99921767779347,
      3.7685977653580753,
      82.51556809680534,
      9.258495540172134,
      1.9436171915945906,
      3.1567185219271767,
      35.73605139390044,
      38.28180748199341,
      3.839461671520196,
      5.943603367913063,
      0.2618939859052244,
      10.152422162637471,
      89.12321085701973,
      2.618801954627834,
      11.541639505895809,
      64.05889366427303,
      599.0790748033357,
      17.666007995070203,
      3.2714694954091694,
      3.946277314239716,
      0.4308778848493653
    ],
    [
      0.2538345966734348,
      0.25553992746545817,
      16.588345568427336,
      15.148272079144583,
      0.3791654031082685,
      371.2081041838903,
      3.9147961552485153,
      88.69917395231943,
      9.1993249007186,
      1.826575094710952,
      3.220229317286609,
      33.943042556499876,
      37.25794843578811,
      3.9599548281139825,
      5.8058443955107535,
      0.27245398079062655,
      10.194298091076277,
      94.97728517309747,
      2.7866353471866976,
      12.391340521942858,
      60.66174293860155,
      599.760234209516,
      18.44460286659688,
      3.200224749108651,
      4.439561978519681,
      0.4294260429946197
    ],
    [
      0.25017787554656223,
      0.2275746532946547,
      16.371727167497617,
      14.982711821498302,
      0.4101514469505485,
      376.2412682059129,
      4.111289102466856,
      89.92976545463944,
      9.171532261520984,
      1.7210621135424415,
      3.279121183493186,
      32.826313354799964,
      35.585703689958734,
      3.9500869144458486,
      5.737973014079611,
      0.27217572849166094,
      10.071526419692633,
      94.5997424599443,
      2.8189928364450516,
      11.64399419540295,
      59.89810397212351,
      599.9714848253092,
      18.83662866927699,
      3.28791409884124,
      4.932846642799644,
      0.42781518610258995
    ],
    [
      0.24401245291323054,
      0.20268363418644297,
      16.522828720310116,
      15.115683118839254,
      0.38811109366120994,
      370.5079075622552,
      4.017122461301495,
      125.17183642149111,
      9.100098740474841,
      1.6469573331968625,
      3.2775755790875607,
      31.622044262808448,
      33.95817200576121,
      3.789338217704353,
      5.647154166172639,
      0.2626131121293519,
      10.397697156779152,
      98.23814410023232,
      2.8088408473531823,
      13.654485098023288,
      56.39691494978598,
      599.86186912423,
      18.540815553457616,
      3.1632539797324752,
      5.4261313070796096,
      0.4285663811416556
    ],
    [
      0.2411361887188156,
      0.18511061632410897,
      16.224897241555794,
      14.994884806878122,
      0.4358543931742045,
      379.144457134563,
      4.3295611349451555,
      121.55822120956935,
      9.070973966423203,
      1.5911663119066497,
      3.366060369313562,
      31.783931348929094,
      35.844332115201524,
      4.020678690285457,
      5.568807775803673,
      0.27167385703237956,
      10.519501206399255,
      99.36608440613114,
      2.9466926724939704,
      12.59007442013705,
      54.70423172085404,
      599.9827183240295,
      19.33643691831196,
      3.137675553498875,
      5.919415971359573,
      0.42755907106474655
    ],
    [
      0.23610460705195424,
      0.16875524275128084,
      16.979860446124135,
      15.62582328479161,
      0.4168140136934863,
      360.00537870278924,
      4.208578860906457,
      135.93142533727212,
      9.012220349775808,
      1.5391078023994473,
      3.392776426625925,
      30.682284078388413,
      33.74106045149608,
      3.958574354613604,
      5.555265589995718,
      0.2688968923627889,
      10.337717282698591,
      97.67201794362617,
      2.921430787889948,
      13.086219989621716,
      54.90827830448678,
      599.9740407115612,
      19.64892552776321,
      3.2163451323902033,
      6.412700635639538,
      0.4282639451017861
    ],
    [
      0.23757839201871178,
      0.16150714630638796,
      16.89980732864725,
      15.750390091357318,
      0.4325230164831031,
      367.5283245737213,
      4.121795922832796,
      134.2820934043874,
      8.998869909753672,
      1.5274808907785493,
      3.495795465693565,
      30.318394622785746,
      32.795201490716096,
      3.7390650707593034,
      5.474489916175951,
      0.2545268694786992,
      10.493663149303742,
      101.00137688581947,
      2.838602832817889,
      13.301540740356536,
      51.060410009915444,
      599.928838494933,
      18.642894629034735,
      3.1625619148507473,
      6.905985299919502,
      0.43288476321200253
    ],
    [
      0.2402974763720463,
      0.15847020776881596,
      16.473852845722327,
      15.584102444395256,
      0.4587927937022648,
      365.58290258581815,
      4.205289731081166,
      118.3483938519345,
      9.017972999562701,
      1.4969120499420598,
      3.8023515381644915,
      29.45276629212347,
      32.367954762137906,
      3.7750122567345334,
      5.420670619252687,
      0.2563541802652487,
      10.963879236563676,
      101.94504722650014,
