{
  "param_name": "kcl",
  "param_idx": 3,
  "baseline_value": 14.823377623701774,
  "baseline_cost": 0.9589071937356771,
  "bounds": [
    0.3,
    20.0
  ],
  "grid": [
    8.990833009273327,
    9.936407171123442,
    10.981428235683943,
    12.136355125012658,
    13.412746735602331,
    14.823377623701775,
    16.382365857368505,
    18.105314314839095,
    20.0,
    20.0,
    20.0
  ],
  "profile_costs": [
    0.963072205585686,
    0.9606636392706946,
    0.9606580816165424,
    0.9589596898761253,
    0.958297184330408,
    0.9564903003514044,
    0.9566634827610876,
    0.9560355359945018,
    0.9694493667045619,
    0.9694493667045619,
    0.9694493667045619
  ],
  "profile_best_xs": [
    [
      0.25642502878610396,
      0.24159554340949663,
      9.817269662170983,
      8.990833009273327,
      0.39296433653637064,
      346.7202217106287,
      3.77941825376198,
      135.35835517242498,
      9.161061680806803,
      1.7207578415645335,
      3.4659575063764834,
      33.47043820665657,
      37.85396988358421,
      3.990639777401075,
      5.726155625342811,
      0.2722324520612055,
      10.466473613502146,
      96.9944904730543,
      2.8369115274929086,
      13.00576374326694,
      60.255715130630335,
      585.8850291862459,
      18.667792478227526,
      3.301977447767306,
      4.923926241091824,
      0.4247903117497832
    ],
    [
      0.25041845461166967,
      0.22916266253501544,
      10.860603596446754,
      9.936407171123442,
      0.375067606260033,
      370.6629130931458,
      4.175896555938763,
      119.32130299671533,
      9.12744040690042,
      1.7303469247185843,
      3.297233607079498,
      32.96733840498533,
      36.425134568315414,
      4.084702737477457,
      5.741033180450875,
      0.27857488542496245,
      10.341451219203424,
      97.62931630409258,
      2.963209788977734,
      13.469849845442553,
      59.07110680882465,
      599.9583423796414,
      19.451301551609852,
      3.0647425769988903,
      4.956884615349262,
      0.4271005969714685
    ],
    [
      0.250755078002578,
      0.22699364359924634,
      12.038227632966894,
      10.981428235683943,
      0.40619130094615374,
      361.650420143917,
      4.062365388082995,
      126.24643088729488,
      9.129908403141883,
      1.713958861574624,
      3.2690297980298197,
      32.993677854169704,
      36.368668468816935,
      4.086886140121596,
      5.7643091061674525,
      0.27940514841642905,
      10.469504025192236,
      97.86722114975021,
      2.927200867277051,
      12.960158360799362,
      59.02940881102111,
      575.1179771471759,
      18.704159442991028,
      3.0436573443026766,
      4.95502161436654,
      0.42774630233698807
    ],
    [
      0.24808130661813463,
      0.22419684022132674,
      13.299030619353154,
      12.136355125012658,
      0.39648564750603843,
      372.0575103871229,
      4.1050001710833985,
      121.79749544905233,
      9.132009119904453,
      1.7160220246824092,
      3.2488897565265713,
      33.285986745571115,
      36.9981479566145,
      4.035699354839421,
      5.641486308376258,
      0.2726524667170767,
      10.288183390545889,
      97.3502741044469,
      2.8899492030159304,
      12.73193582124975,
      57.4191074563898,
      599.96443754039,
      19.078147932367532,
      3.1120017171991625,
      4.965573411480863,
      0.4292642381725649
    ],
    [
      0.2480232434549352,
      0.22485439292568013,
      14.651355362732172,
      13.412746735602331,
      0.38187337214232425,
      370.2938305347493,
      4.046796574254043,
      120.07564076370139,
      9.13037975322717,
      1.7204073393744181,
      3.2463928376445077,
      33.96844853906917,
      37.57443306202408,
      4.041083244866538,
      5.736373490118659,
      0.274807034933489,
      10.078106708976552,
      95.50139264469372,
      2.8478806337307097,
      12.64285707657016,
      57.321467447543,
      599.9439933431198,
      18.948798538989756,
      3.0958967266377426,
      4.936845850668758,
      0.4293208449965363
    ],
    [
      0.2529298721509994,
      0.22790121760227527,
      16.137419944208123,
      14.823377623701775,
      0.4144705562729865,
      370.08128265148855,
      4.019951437473652,
      60.27229702074035,
      9.191063600457097,
      1.7289109408357142,
      3.2555150230328778,
      32.89874602796535,
      36.160728505101375,
      3.9552410180386257,
      5.771624057850049,
      0.2715123497053227,
      10.371749693231415,
      95.8323906506403,
      2.825824862578368,
      11.88411931276245,
      60.64440020412177,
      599.9532952526845,
      18.55960279124396,
      3.556337718257831,
      4.933793165613038,
      0.42682879236153864
    ],
    [
      0.24930533744053468,
      0.22493025314843687,
      17.91252970443544,
      16.382365857368505,
      0.3882007267954871,
      364.9513583631724,
      3.9417937261433424,
      116.57127717256802,
      9.147470701176022,
      1.7147702682426147,
      3.2584193173101723,
      33.0592991664265,
      36.19635360507846,
      3.921425794842563,
      5.756677168156626,
      0.2701719285267129,
      9.933085275677652,
      94.51812759646876,
      2.7880013976059947,
      12.266553686010926,
      57.851347633046764,
      599.9959473544019,
      18.678669239550743,
      3.148349364901846,
      4.972729051956902,
      0.42961421221816193
    ],
    [
      0.24353309707593052,
      0.22103627639890755,
      19.818750008338156,
      18.105314314839095,
      0.40151686277325815,
      337.26184667991447,
      3.7068071817707295,
      101.06621620729118,
      9.120109462248209,
      1.722821806444089,
      3.222429497265807,
      32.787901263995565,
      36.343726296448835,
      4.008735873736944,
      5.736419582789047,
      0.2766017514235257,
      9.863968531474047,
      97.85363930247507,
      2.918368271376293,
      12.30268249831348,
      59.74532157917221,
      599.980011700442,
      19.09830901928688,
      3.2356641613976027,
      4.890136789072988,
      0.42862466240389363
    ],
    [
      0.25756594060814275,
      0.21052817097291376,
      19.9996108962389,
      20.0,
      0.3473399472228157,
      387.5499900399657,
      3.773689642572217,
      135.1092998383778,
      9.162255420677056,
      1.6471120008492592,
      3.496914406515682,
      33.133570518372196,
      38.170972045078486,
      3.8945788469873044,
      5.869498299580037,
      0.2723452022528503,
      10.119357862205213,
      95.83869226963316,
      2.735774637335334,
      13.148977421620039,
      53.868832042976905,
      570.6277026163418,
      17.082454721030892,
      2.9116010270023587,
      5.196147349976265,
      0.4266756941323149
    ],
    [
      0.25756594060814275,
      0.21052817097291376,
      19.9996108962389,
      20.0,
      0.3473399472228157,
      387.5499900399657,
      3.773689642572217,
      135.1092998383778,
      9.162255420677056,
      1.6471120008492592,
      3.496914406515682,
      33.133570518372196,
      38.170972045078486,
      3.8945788469873044,
      5.869498299580037,
      0.2723452022528503,
      10.119357862205213,
      95.83869226963316,
      2.735774637335334,
      13.148977421620039,
      53.868832042976905,
      570.6277026163418,
      17.082454721030892,
      2.9116010270023587,
      5.196147349976265,
      0.4266756941323149
    ],
    [
      0.25756594060814275,
      0.21052817097291376,
      19.9996108962389,
      20.0,
      0.3473399472228157,
      387.5499900399657,
      3.773689642572217,
      135.1092998383778,
      9.162255420677056,
      1.6471120008492592,
      3.496914406515682,
      33.133570518372196,
      38.170972045078486,
      3.8945788469873044,
      5.869498299580037,
      0.2723452022528503,
      10.119357862205213,
      95.83869226963316,
      2.735774637335334,
      13.148977421620039,
      53.868832042976905,
      570.6277026163418,
