{
  "param_name": "kr",
  "param_idx": 1,
  "baseline_value": 0.22859650323914654,
  "baseline_cost": 0.9589071937356771,
  "bounds": [
    0.1,
    5.0
  ],
  "grid": [
    0.1386507879176407,
    0.1532328185748509,
    0.1693484547836871,
    0.1871589872479798,
    0.2068426697629583,
    0.22859650323914657,
    0.2526382073536904,
    0.2792083995620638,
    0.30857300327843834,
    0.34102590932659155,
    0.37689191729805166
  ],
  "profile_costs": [
    0.9765154902474416,
    0.9688716181846042,
    0.9629609959692067,
    0.9580351300719518,
    0.9578880103882065,
    0.9564787007169429,
    0.9583082032552365,
    0.9611693114572577,
    0.9649852896491851,
    0.9686750051225013,
    0.9757940344835586
  ],
  "profile_best_xs": [
    [
      0.21189963092512665,
      0.1386507879176407,
      16.66479982054889,
      15.286913957381348,
      0.39298183470778814,
      424.1890132732921,
      4.35784496990288,
      126.35827440473449,
      8.815466084449481,
      1.4768474627297077,
      2.7005161740755037,
      32.24029594686999,
      37.04637954807204,
      3.7685007251025318,
      5.793505052956762,
      0.25920831661903376,
      10.155207965156539,
      104.56451832788213,
      2.8918991802811123,
      12.653344972633029,
      56.01832729517209,
      599.9951031538371,
      17.823558871897745,
      2.9419856262731416,
      5.751991583022553,
      0.41545034588988405
    ],
    [
      0.2145512857560825,
      0.1532328185748509,
      17.979443241605228,
      16.38100507706106,
      0.36565856975451627,
      385.73547737301135,
      4.169164093717175,
      120.70672984835736,
      8.887495486687016,
      1.5304750480503886,
      2.81234236043998,
      33.27428238504299,
      38.10375171286101,
      4.008584624522625,
      5.657230856616071,
      0.2681625492638888,
      9.589865762776652,
      98.79050000283002,
      2.9200365567403925,
      12.89246773087892,
      57.240808717843585,
      599.9768894519915,
      18.802587941796787,
      3.0481732164096105,
      5.511120239174824,
      0.4170772562701252
    ],
    [
      0.22384314126648203,
      0.1693484547836871,
      17.603007943778614,
      16.097208869990475,
      0.37322453240116654,
      380.3150908194882,
      4.077548347860285,
      114.08591585730802,
      8.9570622647521,
      1.5858887085886972,
      2.890207661570379,
      32.547713824825784,
      37.95314106781722,
      3.943730185827002,
      5.7115798953717425,
      0.269910408288571,
      10.033384577250242,
      99.60893947997474,
      2.912690824842963,
      12.581885585746875,
      59.86409218755798,
      599.9933362187196,
      18.70708856095117,
      3.123769108842481,
      5.33680869565185,
      0.4218156658954349
    ],
    [
      0.2357375390732368,
      0.1871589872479798,
      19.994363771935326,
      18.405587761691415,
      0.35806176544604673,
      377.12357860364773,
      4.201814724029436,
      61.819669062608085,
      9.068152160589833,
      1.6338523083268894,
      2.981401271858105,
      32.509874578636186,
      36.54295435362424,
      4.065279862092579,
      5.778392347541082,
      0.28165046118884374,
      10.110331942586534,
      95.57119336214623,
      2.933526876398309,
      12.540853076801898,
      57.833604116948194,
      593.1272973901848,
      18.88679038519203,
      3.3140980125896515,
      5.212862548150284,
      0.4260070418690094
    ],
    [
      0.2416578972581605,
      0.2068426697629583,
      16.2505717298717,
      14.89592178063911,
      0.38086486316241186,
      368.2161344893474,
      4.01488593682589,
      117.10689164638612,
      9.08500944402945,
      1.6809432147156196,
      3.1121829491071136,
      33.23307544562246,
      37.57438440884892,
      4.0309894746293775,
      5.727534900347381,
      0.2735412484885461,
      10.269908275044314,
      96.45027410538523,
      2.875178485731781,
      12.684854755401943,
      57.9256602629015,
      599.944219532559,
      18.92848699437315,
      3.057802465785186,
      5.028850033157415,
      0.42750522446803935
    ],
    [
      0.25036829584631093,
      0.22859650323914657,
      16.247348240291956,
      14.865956540079626,
      0.4321917729184325,
      376.25125372769594,
      4.108916007877767,
      58.816353293818494,
      9.187791849311004,
      1.736487050980593,
      3.232912799078769,
      32.90853110172928,
      36.0239793032824,
      3.973197156171753,
      5.76101378618468,
      0.27329585205247486,
      10.263368407943528,
      95.93284946934244,
      2.852381079240682,
      11.228090975443955,
      59.250306521890494,
      599.981000376942,
      18.631293067581623,
      3.5399457205490723,
      4.891216861701647,
      0.4272109948462409
    ],
    [
      0.26036934056561795,
      0.2526382073536904,
      16.154612111270268,
      14.74416855881537,
      0.380394655946924,
      352.3837840968182,
      3.902073156105503,
      113.97939881485351,
      9.213486610444466,
      1.7784481899996707,
      3.400569500315478,
      33.06053699618778,
      35.08306139463414,
      3.976893464165323,
      5.7663714956044645,
      0.2755817903865344,
      10.167351147321014,
      94.47908572408267,
      2.841762058297994,
      12.744817115843551,
      59.76640527045019,
      599.9567680878372,
      19.14943412034569,
      3.2053688925283828,
      4.821014477717897,
      0.4296821622608139
    ],
    [
      0.2656247408181712,
      0.2792083995620638,
      16.056273752813112,
      14.57060486206553,
      0.42182736042184643,
      328.826984256012,
      3.7444443743667817,
      99.1065491107905,
      9.249719511857908,
      1.8403484687752472,
      3.5021292441291934,
      32.857105254839496,
      35.32507354615477,
      4.140663791455166,
      5.774292494030922,
      0.28279251390593907,
      10.195267738310339,
      90.85949378469769,
      2.84066710255075,
      11.297015025900201,
      60.0719227120623,
      599.8976652693334,
      19.675577995561042,
      3.2535444562402036,
      4.617577435335933,
      0.42922818890344905
    ],
    [
      0.28363999380714044,
      0.30857300327843834,
      16.92310140260869,
      15.474156437200733,
      0.29462842543830753,
      362.90679073591497,
      3.933775731474044,
      118.3153668535353,
      9.325261423409138,
      1.8757781154569892,
      3.681979819748264,
      33.7194642180213,
      34.55099605670906,
      3.9022350459952433,
      5.771998520381466,
      0.26822173219595064,
      9.70033540405571,
      87.6394993724243,
      2.6589144674211056,
      14.462420508255637,
      59.113995554838425,
      597.5560492724559,
      18.55841855977486,
      3.10044132173544,
      4.609640113908084,
      0.432292532309862
    ],
    [
      0.2955359478000353,
      0.34102590932659155,
      18.524050779184574,
      16.85570281749247,
      0.3723199990964373,
      276.11664139965876,
      3.078057359773076,
      114.14985033662865,
      9.325479775655895,
      1.9332672399163944,
      3.7510080436990823,
      32.944078141566436,
      32.77763986528749,
      3.942350015481253,
      5.772636084077987,
      0.27746992811861215,
      10.075004387032815,
      87.95308512420809,
      2.723842539552291,
      12.35901286267465,
      59.69799253178964,
      599.980648124091,
      19.310566176267017,
      3.2493419065960643,
      4.509886546553574,
      0.4361810713681081
    ],
    [
      0.308456687012992,
      0.37689191729805166,
      14.818679033239512,
      13.431636071259154,
      0.3640653694754944,
      359.90995671026803,
      3.812637465685528,
      118.63656697040437,
      9.406124923708868,
      2.0335078511293228,
      3.666828610755945,
      34.35724654904739,
      34.086553038576824,
      3.832971000369821,
      5.837867352603265,
      0.26515353409333003,
      10.356283399488255,
      89.27656777312717,
      2.649309414653936,
