{
  "param_name": "cf",
  "param_idx": 17,
  "baseline_value": 94.15060246574552,
  "baseline_cost": 0.9589071937356771,
  "bounds": [
    5.0,
    350.0
  ],
  "grid": [
    57.10522702589054,
    63.11103617912171,
    69.74848179478539,
    77.08399365952555,
    85.1909880416353,
    94.15060246574555,
    104.05250776444332,
    114.99580553410333,
    127.09001997697357,
    140.45619405620437,
    155.22810093450664
  ],
  "profile_costs": [
    0.9717916116242168,
    0.9675873493074009,
    0.9620294177990022,
    0.9595113988287605,
    0.9580071435290595,
    0.9564487783056694,
    0.9572777494330881,
    0.9592170822419697,
    0.9628872787129976,
    0.9687473611198805,
    0.9789085869513499
  ],
  "profile_best_xs": [
    [
      0.27227093749423004,
      0.27582404578327546,
      19.55650699542339,
      17.93010463179118,
      0.2975054505290695,
      442.8240526663528,
      4.606433648795726,
      121.2640037506103,
      9.335987877142607,
      1.7662781547128108,
      3.692218975285696,
      35.469869344740516,
      38.58409264523016,
      3.845413959917807,
      5.86432444745132,
      0.25919755129355215,
      7.1339814913348825,
      57.10522702589054,
      2.080889237763996,
      4.382762564385169,
      61.300068790574244,
      599.2240113762259,
      17.88619478286641,
      3.2838006529995756,
      4.762059932341833,
      0.42990443090607644
    ],
    [
      0.25319842646513635,
      0.23706467341205673,
      16.520449480865352,
      15.052864937972803,
      0.24390622811205864,
      380.1308085052715,
      4.4583769071210675,
      150.3883866125575,
      9.229218681426175,
      1.6685026497332602,
      3.646385238949077,
      32.193454054992785,
      38.29449443073236,
      4.2302333522495985,
      5.790712475244284,
      0.2893659550036143,
      7.553270805772616,
      63.11103617912171,
      2.4147403612191276,
      8.29861056646509,
      60.2410791795011,
      599.5116178817948,
      20.32898231612876,
      3.373452531601128,
      5.069079712858628,
      0.4281762823593045
    ],
    [
      0.2546389103339576,
      0.23691318667040218,
      17.557233189903947,
      15.990136939413485,
      0.5482158150216767,
      345.754845501177,
      4.10853258139608,
      114.9178401477132,
      9.194188529758485,
      1.7129319768371976,
      3.3711321144243938,
      31.963111932952916,
      33.22736727888967,
      4.170605247528247,
      5.764490914697898,
      0.29624995260171216,
      8.27287643979663,
      69.74848179478539,
      2.619021877950288,
      4.358528619022055,
      61.325742568668026,
      599.9924274020807,
      20.528736667363145,
      3.1813227795950496,
      4.920397404202001,
      0.4285279337091256
    ],
    [
      0.25778790238616023,
      0.2410997975459736,
      18.578734376587057,
      16.860336393502475,
      0.2592310728987878,
      395.3373462429762,
      4.247691339376817,
      126.13404066001203,
      9.205113837465284,
      1.7305589134559647,
      3.359921136465991,
      32.908323347355584,
      33.654157622261934,
      3.7587578187402593,
      5.760136983121985,
      0.2636105916641188,
      8.877601224215125,
      77.08399365952555,
      2.465318272508562,
      12.114222480869117,
      58.96179765338248,
      599.8178416242052,
      18.402604731489724,
      3.1249757456707012,
      4.924614855400117,
      0.43196780502288046
    ],
    [
      0.247903302668263,
      0.22557112911727548,
      16.09509903490255,
      14.661962323164477,
      0.3187946329110496,
      382.26981522307966,
      4.151076288865129,
      120.62809003707048,
      9.156303653976746,
      1.7023269870578495,
      3.3257489850144513,
      33.10216719089131,
      36.19224421453686,
      3.9311698974714595,
      5.74905926431367,
      0.2687389213494954,
      9.46893536651951,
      85.1909880416353,
      2.6397383603552553,
      12.256077056094323,
      59.571655970893154,
      599.9770788136293,
      18.798174823766733,
      3.236113536337761,
      4.986030166541443,
      0.42692292831086964
    ],
    [
      0.2522444505052336,
      0.22989242355822637,
      16.580991369997324,
      15.19133137589101,
      0.395816081134227,
      369.0503050702417,
      4.111995521055506,
      58.711889756474065,
      9.201740929869477,
      1.7458583590929244,
      3.2416278946903443,
      33.07365527517764,
      35.941030451642554,
      4.035932712174715,
      5.7853877247191114,
      0.2783051287385291,
      10.225250408646097,
      94.15060246574555,
      2.875430570493432,
      12.009598819808252,
      59.82744911190057,
      599.9904211580022,
      19.028350680321992,
      3.557691819124164,
      4.902821094103704,
      0.42708330576075537
    ],
    [
      0.24468699284079842,
      0.21579279870610885,
      16.781489775458564,
      15.321235991151564,
      0.4151735650817284,
      392.21688648722346,
      3.986822967642377,
      103.20058892746033,
      9.134619813435005,
      1.6971102336482757,
      3.186859124336938,
      32.56688519991586,
      35.8929086064242,
      3.65772760125179,
      5.726541338992318,
      0.25335450426594275,
      10.799316848775701,
      104.05250776444332,
      2.760706160715954,
      13.861859422870584,
      60.33694497946195,
      599.9892071855388,
      17.612573483915853,
      3.301866834247694,
      4.9801201930025005,
      0.4269748569702382
    ],
    [
      0.24802321678655312,
      0.22338816070451856,
      16.32787382181247,
      14.995381989929843,
      0.43111762328845715,
      380.8431595225851,
      3.874595413849014,
      90.32353921416302,
      9.140300578322403,
      1.755348694686131,
      3.1523942360909434,
      32.66174784693783,
      35.70207068814189,
      3.715402603010567,
      5.747236874449129,
      0.2568179701771809,
      11.51603629046906,
      114.99580553410333,
      2.9533230550863836,
      15.608937494831197,
      59.596294623255616,
      599.9772132323858,
      17.627240314840147,
      3.27230977918037,
      4.8996302730915495,
      0.43057061542655395
    ],
    [
      0.24381384400913508,
      0.21990877987077284,
      18.262037675586342,
      16.758517410207894,
      0.521568320018167,
      358.90823691024696,
      3.3849484240307333,
      94.62499548859996,
      9.090873464735282,
      1.7613101570808274,
      3.097762019517281,
      33.02219061453306,
      38.04970342410536,
      3.512921600507322,
      5.723246072571218,
      0.24203117824146753,
      11.848709743270534,
      127.09001997697357,
      2.918535840716068,
      15.127629048888037,
      58.84424195082936,
      598.9247851575954,
      16.410403246080353,
      3.2699807480814442,
      4.860932307714031,
      0.43236204796026323
    ],
    [
      0.23716863757693263,
      0.20551049281590295,
      14.83679835281455,
      13.707654356398521,
      0.5309231799623242,
      413.07198443625623,
      3.9345958555653233,
      72.99873384610714,
      9.089866135056266,
      1.735352001276794,
      3.0285328923014596,
      32.16919185001041,
      36.36001605914366,
      3.5279483135797456,
      5.745816513843156,
      0.24394979047417553,
      12.229085633277137,
      140.45619405620437,
      3.160737252048227,
      16.64852908788555,
      55.49538889845006,
      599.7407091495309,
      16.552085695520248,
      3.3694229037562646,
      4.944240514392343,
      0.42794608807484336
    ],
    [
      0.23541727907742135,
      0.19606221297647403,
      15.868055664405974,
      14.80495025472668,
      0.45371709114057884,
      419.62643753468456,
      3.559930148275624,
      99.20310516621623,
      9.014440229787185,
      1.718409140670642,
      2.918492307986082,
      32.41297092175576,
      37.261549011631,
      3.216393294912068,
      5.6791274318353615,
      0.22309256574946795,
      12.032410320331492,
      155.22810093450664,
