{
  "param_name": "knd",
  "param_idx": 6,
  "baseline_value": 4.071627570830097,
  "baseline_cost": 0.9589071937356771,
  "bounds": [
    0.01,
    10.0
  ],
  "grid": [
    2.469566956639726,
    2.7292935807188097,
    3.0163358923009778,
    3.3335667073188,
    3.684160978393931,
    4.071627570830097,
    4.499844380516418,
    4.973097145212875,
    5.496122337654294,
    6.07415456976147,
    6.712978982396675
  ],
  "profile_costs": [
    0.965576242187754,
    0.9573084912655151,
    0.9565675968497455,
    0.9575216016336993,
    0.9571448250897916,
    0.9564700580429866,
    0.957379569278692,
    0.9584917008499025,
    0.9595627283966388,
    0.9602531030908299,
    0.968872216636603
  ],
  "profile_best_xs": [
    [
      0.24599955710213162,
      0.2168755464798645,
      19.088498249564076,
      17.891841015460358,
      0.4009490928956533,
      239.74057107626254,
      2.469566956639726,
      132.91869515667526,
      9.03338263782264,
      1.663164886329434,
      3.382599161917968,
      34.35412375386667,
      48.21428719126732,
      4.163649168603161,
      5.848421833524771,
      0.27673987647871057,
      8.888165367744286,
      84.32733175327434,
      2.5828387075631127,
      8.850520866683333,
      58.67713065066292,
      599.9693626580981,
      18.624365670130473,
      3.4444282837939584,
      4.98598460292772,
      0.42202553614497673
    ],
    [
      0.2545665754613372,
      0.22998656413147772,
      19.999071128855853,
      18.411997772830336,
      0.4264863284427237,
      257.2181034598299,
      2.7292935807188097,
      123.91017170813937,
      9.072488361341252,
      1.7084408424692206,
      3.296452539460332,
      33.23664154723997,
      36.51664457819526,
      3.902179548101909,
      5.732088415715784,
      0.2697212215386481,
      9.964603497391707,
      91.82117350573617,
      2.7277798895837693,
      10.423151488710577,
      58.19532642945606,
      582.1277322495738,
      18.08021561655281,
      3.1461183424662753,
      4.956947359835485,
      0.4334018476650018
    ],
    [
      0.25023448409419635,
      0.23232699820448222,
      19.97308126516579,
      18.141131509984056,
      0.3905723313020746,
      320.61141757674056,
      3.0163358923009778,
      116.70576816760914,
      9.10195023930891,
      1.7706408018947508,
      3.1186295109323146,
      32.69512415025228,
      35.12591921770387,
      3.412157457831057,
      5.6661489707170265,
      0.23622675074009086,
      10.360952903636274,
      99.28525655941147,
      2.541295973377925,
      12.423796730067323,
      59.65502805355365,
      599.3899998658371,
      16.43414986314761,
      3.3029784444954906,
      4.818619981079946,
      0.4323852094020949
    ],
    [
      0.2492945888822491,
      0.226986733958566,
      16.306663988946497,
      14.94075014993014,
      0.39474855604066383,
      312.7014546004445,
      3.3335667073188,
      120.75335260013068,
      9.1098201682935,
      1.7257907534305499,
      3.282756232234286,
      33.41534147413621,
      38.10942809570139,
      3.940610303729767,
      5.754200204101761,
      0.26794946347625004,
      10.100165450459723,
      96.38642794142669,
      2.7742502231188353,
      13.043978742818243,
      58.27115204734286,
      599.9734660785158,
      18.546922701400163,
      3.188749810836443,
      4.940426026544695,
      0.43039671329086715
    ],
    [
      0.2506987285733421,
      0.23056385009681554,
      16.774186512569024,
      15.303390260455082,
      0.3828678566011243,
      334.8876886789773,
      3.684160978393931,
      121.85942093502442,
      9.128856817807641,
      1.741286377017535,
      3.247792229487441,
      32.51035476487205,
      35.03269607156959,
      3.956973354959241,
      5.739476853018415,
      0.2737429780312717,
      10.050475676541058,
      95.08679520231138,
      2.8534787931526413,
      12.500645506919003,
      58.21677236839763,
      599.9734376160682,
      19.031807885743312,
      3.0791090667146643,
      4.917436072798539,
      0.42967623367218455
    ],
    [
      0.25135798252887237,
      0.22931337527184467,
      16.231020981108234,
      14.85622471807643,
      0.35626962243135557,
      369.7422811476473,
      4.071627570830097,
      58.471485111120984,
      9.189663489259338,
      1.7321662797607629,
      3.2519093707379048,
      33.154482950070204,
      35.702159404845446,
      3.9886511612808793,
      5.77479097643923,
      0.27486960341813527,
      10.303338974529941,
      95.66386752853941,
      2.868582914508991,
      13.563924053473741,
      59.96959499264568,
      599.9453271337673,
      18.771063205160893,
      3.553651849425007,
      4.888720818320971,
      0.42709157631251227
    ],
    [
      0.24492222568687394,
      0.21904049140111626,
      16.69815195653196,
      15.283757129543172,
      0.3230562441090843,
      395.81975399492393,
      4.499844380516418,
      90.25752435677684,
      9.148093203114804,
      1.7091570070443973,
      3.1983649776010434,
      32.94772848601035,
      37.68979857309809,
      4.207689902163539,
      5.759434252122496,
      0.28520916717717826,
      9.853109050326937,
      93.48951817975365,
      2.9518568191466663,
      13.734667199580093,
      60.004782753565465,
      599.9625413172482,
      19.635575426835995,
      3.179699546028444,
      4.916226733824203,
      0.42494656285313714
    ],
    [
      0.24747920682605246,
      0.22003694971151572,
      16.216681209291476,
      14.830469227103684,
      0.3764125468724301,
      444.51805600456146,
      4.973097145212875,
      108.82612101080827,
      9.154374479211526,
      1.7251750744366743,
      3.1579281563175226,
      32.71565890654685,
      35.52089728909118,
      4.05816713209073,
      5.7518370469431925,
      0.2769390906441912,
      10.212367493360789,
      95.09977605467151,
      2.9133200444161886,
      12.515381001187041,
      57.648916072496434,
      599.9757443521281,
      19.170257429831537,
      2.9343499166405778,
      4.960394376991763,
      0.4281455699055037
    ],
    [
      0.24040825225200824,
      0.20766207678807924,
      15.837980080142247,
      14.400598686699126,
      0.39669173136960634,
      475.322647839809,
      5.496122337654294,
      98.29234905769246,
      9.14801028104107,
      1.6810065450009248,
      3.1566212645033493,
      31.495448741748863,
      35.677876155840465,
      4.105078134485011,
      5.727181161230239,
      0.2865622636081092,
      10.419609285676083,
      95.1696167947704,
      2.981623425547079,
      12.425063377740287,
      55.93863678009145,
      596.0481545133532,
      19.61472850195977,
      3.0852741927327445,
      5.098262558195957,
      0.42718492630413885
    ],
    [
      0.2468984431330432,
      0.22206867867363203,
      14.994484547482898,
      13.710461377430708,
      0.3817643847405173,
      537.6919244243575,
      6.07415456976147,
      105.94063483081757,
      9.195508964986484,
      1.7099110812355607,
      3.2709585223747037,
      32.80540895550724,
      35.51440288826335,
      4.077948544308339,
      5.7434256376103585,
      0.2761623618555799,
      10.175782446024538,
      95.50326015316517,
      2.9406081635075005,
      12.333306515080025,
      55.51554034283461,
      578.9989591450437,
      18.65241945608571,
      2.9302884867228816,
      4.978560959658358,
      0.4280945859662514
    ],
    [
      0.2490017357510197,
      0.23015088511808673,
      14.814174590324086,
      13.495830488415464,
      0.4497831613019636,
      493.3127362085427,
      6.712978982396675,
      101.23264908742578,
      9.248921416010777,
      1.687854324729035,
      3.5170915372106517,
      34.08196804709489,
      39.59837741353034,
      4.929324366133381,
      5.7774313926914225,
      0.33377464152626757,
      9.134027321773459,
      83.6871336480962,
