{
  "test": "extended cx bounds (10, 2000) for both cx_g1 and cx_g2",
  "cost": 1.037781043268435,
  "avg_r2_g1": 0.8317335584889453,
  "avg_r2_g2": 0.6485087261835235,
  "cx_g1": 1003.2243744524587,
  "cx_g2": 990.4890674085337,
  "cx_ratio": 0.9873056243765252,
  "metrics_g1": {
    "recalc": {
      "R2": 0.7444986090041048,
      "RMSE": 37.97497052091809
    },
    "thrombin": {
      "R2": 0.8384026070380225,
      "RMSE": 2.4519838279956514
    },
    "fib": {
      "R2": 0.8138861753110476,
      "RMSE": 12.007051536000075
    },
    "xiii": {
      "R2": 0.9380695595838162,
      "RMSE": 12.10435943571635
    },
    "AP": {
      "R2": 0.7695548958694011,
      "RMSE": 0.09638323631548157
    },
    "D": {
      "R2": 0.8859895041272802,
      "RMSE": 5.724410791478643
    }
  },
  "metrics_g2": {
    "recalc": {
      "R2": 0.7071708055446051,
      "RMSE": 6.715515934408476
    },
    "thrombin": {
      "R2": 0.8569361718052276,
      "RMSE": 0.8065131981926263
    },
    "fib": {
      "R2": 0.3245968555038503,
      "RMSE": 6.888758400158849
    },
    "xiii": {
      "R2": 0.7694782362860065,
      "RMSE": 3.051323453858864
    },
    "AP": {
      "R2": 0.7077197249476268,
      "RMSE": 0.05510087532959204
    },
    "D": {
      "R2": 0.5251505630138247,
      "RMSE": 7.165096697533335
    }
  },
  "params": {
    "kd": 1.5077176317031618,
    "kr": 3.769741337501705,
    "krl": 14.46428985508356,
    "kcl": 13.23513735973787,
    "kca": 1.736698390773261,
    "kna": 481.46705935344517,
    "knd": 8.454932294552883,
    "Hm": 26.314040370693423,
    "tp2": 10.24941115248134,
    "s2": 2.9437597532466366,
    "a2": 5.7377214750634575,
    "ar": 39.787841864705385,
    "cr": 37.58633308156938,
    "br": 6.698361034967478,
    "at": 6.316673582240311,
    "bt": 0.45334848113409254,
    "af": 13.334700472193681,
    "cf": 110.55557387046383,
    "bf": 5.104811571638085,
    "df": 3.9250337261974435,
    "ax": 102.30777722134374,
    "cx": 1003.2243744524587,
    "bx": 49.252909002451,
    "kx": 4.9456575564891025,
    "km": 3.2200719323060616,
    "tm": 0.39878402410185565,
    "cx_g2": 990.4890674085337
  },
  "wall_time": 637.3823094367981
}