{
  "seed": 123,
  "cost": 1.0451818734895775,
  "avg_r2_g1": 0.8264477142277089,
  "avg_r2_g2": 0.6596431997557981,
  "cx_g1": 599.9839225064313,
  "cx_g2": 599.8576853909442,
  "cx_ratio": 0.9997895991696581,
  "per_obs_g1": {
    "recalc": 0.7419526063613123,
    "thrombin": 0.8365386911112713,
    "fib": 0.8168993831131622,
    "xiii": 0.924480888454978,
    "AP": 0.7731010558425986,
    "D": 0.8657136604829314
  },
  "per_obs_g2": {
    "recalc": 0.7445287818585133,
    "thrombin": 0.864326436415811,
    "fib": 0.33870770495637725,
    "xiii": 0.7217089041124813,
    "AP": 0.7464777355912116,
    "D": 0.5421096356003939
  },
  "wall_time": 516.5119636058807,
  "cached": false,
  "params": {
    "kd": 1.5591888803261598,
    "kr": 4.0873077272927,
    "krl": 6.298426579771984,
    "kcl": 5.740118233441539,
    "kca": 5.267961130728467,
    "kna": 348.6002980336253,
    "knd": 6.880971892286504,
    "Hm": 37.84379453485588,
    "tp2": 10.046544505604576,
    "s2": 2.87824751362821,
    "a2": 6.266720765578679,
    "ar": 37.12846267947113,
    "cr": 36.19939413691135,
    "br": 7.303978132325076,
    "at": 6.124553537262342,
    "bt": 0.49652096173349375,
    "af": 12.316599430091117,
    "cf": 103.9675715892675,
    "bf": 5.462754022655264,
    "df": 1.17075328180493,
    "ax": 57.092728626023884,
    "cx": 599.9839225064313,
    "bx": 33.46587800255923,
    "kx": 2.8579226575548367,
    "km": 3.358868209313443,
    "tm": 0.399699131712434,
    "cx_g2": 599.8576853909442
  },
  "decomposition": {
    "total": 1.0451818734895775,
    "failed": false,
    "g1_total": 0.7066905576405762,
    "g2_total": 0.33719155592939165,
    "g1_per_observable": {
      "recalc": 0.15265482677578554,
      "thrombin": 0.1120947394095779,
      "fib": 0.14011125904722288,
      "xiii": 0.08911009448649132,
      "AP": 0.11251620447045058,
      "D": 0.10020343345104793
    },
    "g2_per_observable": {
      "recalc": 0.02509014540904379,
      "thrombin": 0.035700269378110494,
      "fib": 0.08019314023256693,
      "xiii": 0.022350676713015452,
      "AP": 0.06037371096981261,
      "D": 0.1134836132268424
    },
    "constraint": 0.0006498799598048478,
    "constraint_weighted": 0.0012997599196096956,
    "saturation_penalty": 0.0,
    "cx_g1": 599.9839225064313,
    "cx_g2": 599.8576853909442
  },
  "metrics_g1": {
    "recalc": {
      "R2": 0.7419526063613123,
      "RMSE": 38.16370669394639
    },
    "thrombin": {
      "R2": 0.8365386911112713,
      "RMSE": 2.466084267010714
    },
    "fib": {
      "R2": 0.8168993831131622,
      "RMSE": 11.909457019013944
    },
    "xiii": {
      "R2": 0.924480888454978,
      "RMSE": 13.366514172973696
    },
    "AP": {
      "R2": 0.7731010558425986,
      "RMSE": 0.09563877379988299
    },
    "D": {
      "R2": 0.8657136604829314,
      "RMSE": 6.2126128739649715
    }
  },
  "metrics_g2": {
    "recalc": {
      "R2": 0.7445287818585133,
      "RMSE": 6.272536352260947
    },
    "thrombin": {
      "R2": 0.864326436415811,
      "RMSE": 0.785405926318431
    },
    "fib": {
      "R2": 0.33870770495637725,
      "RMSE": 6.816416919768189
    },
    "xiii": {
      "R2": 0.7217089041124813,
      "RMSE": 3.3526015069523174
    },
    "AP": {
      "R2": 0.7464777355912116,
      "RMSE": 0.05131765432434072
    },
    "D": {
      "R2": 0.5421096356003939,
      "RMSE": 7.035984020064229
    }
  }
}