{
  "seed": 7,
  "cost": 1.0461640727006538,
  "avg_r2_g1": 0.8260201337300058,
  "avg_r2_g2": 0.660919645655374,
  "cx_g1": 599.9663781052434,
  "cx_g2": 598.9707336907397,
  "cx_ratio": 0.998340499649917,
  "per_obs_g1": {
    "recalc": 0.7416436424537619,
    "thrombin": 0.836936607690447,
    "fib": 0.8174428863727768,
    "xiii": 0.9230215962613104,
    "AP": 0.7643880025489698,
    "D": 0.8726880670527688
  },
  "per_obs_g2": {
    "recalc": 0.7268962968686328,
    "thrombin": 0.8561645566613453,
    "fib": 0.34052175659467865,
    "xiii": 0.7604113427774101,
    "AP": 0.7357481764363123,
    "D": 0.5457757445938654
  },
  "wall_time": 521.8558423519135,
  "cached": false,
  "params": {
    "kd": 1.6421339767931307,
    "kr": 4.327207515542671,
    "krl": 8.624565913691786,
    "kcl": 7.890698926465403,
    "kca": 4.497449179997798,
    "kna": 553.5304823515339,
    "knd": 9.615089854357933,
    "Hm": 42.52681989586483,
    "tp2": 10.150957686224537,
    "s2": 2.896917556589881,
    "a2": 6.34906156676947,
    "ar": 37.14714245480772,
    "cr": 35.85537356741865,
    "br": 6.418770709317589,
    "at": 6.165819896707898,
    "bt": 0.43811899989040304,
    "af": 12.731686070321668,
    "cf": 108.50568680941564,
    "bf": 4.925206770417033,
    "df": 1.485284780322335,
    "ax": 56.44605317725892,
    "cx": 599.9663781052434,
    "bx": 29.331019153302886,
    "kx": 2.7850245601798873,
    "km": 3.37255207777329,
    "tm": 0.3999163696155925,
    "cx_g2": 598.9707336907397
  },
  "decomposition": {
    "total": 1.0461640727006538,
    "failed": false,
    "g1_total": 0.7067973102426313,
    "g2_total": 0.3381878282906527,
    "g1_per_observable": {
      "recalc": 0.15274618736227003,
      "thrombin": 0.1119582192326503,
      "fib": 0.13990315619750548,
      "xiii": 0.0899669336668391,
      "AP": 0.11465619805608258,
      "D": 0.0975666157272838
    },
    "g2_per_observable": {
      "recalc": 0.025941553694311087,
      "thrombin": 0.03675841995276356,
      "fib": 0.08008307211163274,
      "xiii": 0.020738347532256292,
      "AP": 0.06163803926911907,
      "D": 0.11302839573056998
    },
    "constraint": 0.0005894670836848931,
    "constraint_weighted": 0.0011789341673697862,
    "saturation_penalty": 0.0,
    "cx_g1": 599.9663781052434,
    "cx_g2": 598.9707336907397
  },
  "metrics_g1": {
    "recalc": {
      "R2": 0.7416436424537619,
      "RMSE": 38.18654684056751
    },
    "thrombin": {
      "R2": 0.836936607690447,
      "RMSE": 2.4630808231183066
    },
    "fib": {
      "R2": 0.8174428863727768,
      "RMSE": 11.891768276787966
    },
    "xiii": {
      "R2": 0.9230215962613104,
      "RMSE": 13.495040050025864
    },
    "AP": {
      "R2": 0.7643880025489698,
      "RMSE": 0.0974577683476702
    },
    "D": {
      "R2": 0.8726880670527688,
      "RMSE": 6.0491301750915945
    }
  },
  "metrics_g2": {
    "recalc": {
      "R2": 0.7268962968686328,
      "RMSE": 6.485388423577773
    },
    "thrombin": {
      "R2": 0.8561645566613453,
      "RMSE": 0.8086852389607984
    },
    "fib": {
      "R2": 0.34052175659467865,
      "RMSE": 6.807061129488782
    },
    "xiii": {
      "R2": 0.7604113427774101,
      "RMSE": 3.1107521298384433
    },
    "AP": {
      "R2": 0.7357481764363123,
      "RMSE": 0.05239233337875121
    },
    "D": {
      "R2": 0.5457757445938654,
      "RMSE": 7.007760535295338
    }
  }
}