{
  "seed": 42,
  "cost": 1.0448723412051646,
  "avg_r2_g1": 0.827600543405231,
  "avg_r2_g2": 0.6555788821189972,
  "cx_g1": 599.9812350443374,
  "cx_g2": 599.6283074213515,
  "cx_ratio": 0.9994117688981392,
  "per_obs_g1": {
    "recalc": 0.7419262925566157,
    "thrombin": 0.8359729433902505,
    "fib": 0.8190711745830697,
    "xiii": 0.9258362502215252,
    "AP": 0.7658074295182484,
    "D": 0.8769891701616769
  },
  "per_obs_g2": {
    "recalc": 0.718465988716486,
    "thrombin": 0.8550997697574194,
    "fib": 0.3362095728421216,
    "xiii": 0.7548819002708992,
    "AP": 0.727417696035281,
    "D": 0.5413983650917761
  },
  "wall_time": 1411.207675933838,
  "cached": false,
  "params": {
    "kd": 1.5156334048427444,
    "kr": 3.9996406308584156,
    "krl": 13.369102494333447,
    "kcl": 12.286996636159074,
    "kca": 0.6246125672996206,
    "kna": 385.5169777577702,
    "knd": 7.924231944494504,
    "Hm": 39.163840699249846,
    "tp2": 10.169034329888493,
    "s2": 2.9129398625707905,
    "a2": 6.344033039948734,
    "ar": 37.68149952769542,
    "cr": 36.65960928565474,
    "br": 7.6794683465528575,
    "at": 6.169926650784162,
    "bt": 0.5203197417596048,
    "af": 12.746544233627565,
    "cf": 108.94861619299309,
    "bf": 5.880057202355635,
    "df": 10.63680623888327,
    "ax": 58.0193657944314,
    "cx": 599.9812350443374,
    "bx": 35.05475590351659,
    "kx": 2.7768777794952766,
    "km": 3.3439978764570717,
    "tm": 0.3985256046909871,
    "cx_g2": 599.6283074213515
  },
  "decomposition": {
    "total": 1.0448723412051646,
    "failed": false,
    "g1_total": 0.7027505033992967,
    "g2_total": 0.3407276693119513,
    "g1_per_observable": {
      "recalc": 0.15266260989430885,
      "thrombin": 0.11228855458791807,
      "fib": 0.13927783709752328,
      "xiii": 0.08830683268724378,
      "AP": 0.11431030744875133,
      "D": 0.09590436168355128
    },
    "g2_per_observable": {
      "recalc": 0.02633889936441977,
      "thrombin": 0.03689422693412435,
      "fib": 0.08034446833651987,
      "xiii": 0.02097629160912844,
      "AP": 0.06260206335085068,
      "D": 0.11357171971690819
    },
    "constraint": 0.000697084246958344,
    "constraint_weighted": 0.001394168493916688,
    "saturation_penalty": 0.0,
    "cx_g1": 599.9812350443374,
    "cx_g2": 599.6283074213515
  },
  "metrics_g1": {
    "recalc": {
      "R2": 0.7419262925566157,
      "RMSE": 38.16565247357722
    },
    "thrombin": {
      "R2": 0.8359729433902505,
      "RMSE": 2.4703482009341977
    },
    "fib": {
      "R2": 0.8190711745830697,
      "RMSE": 11.838616153289477
    },
    "xiii": {
      "R2": 0.9258362502215252,
      "RMSE": 13.246024903086568
    },
    "AP": {
      "R2": 0.7658074295182484,
      "RMSE": 0.09716376133143861
    },
    "D": {
      "R2": 0.8769891701616769,
      "RMSE": 5.946070424380179
    }
  },
  "metrics_g2": {
    "recalc": {
      "R2": 0.718465988716486,
      "RMSE": 6.584724841104943
    },
    "thrombin": {
      "R2": 0.8550997697574194,
      "RMSE": 0.8116729925507357
    },
    "fib": {
      "R2": 0.3362095728421216,
      "RMSE": 6.829279808604189
    },
    "xiii": {
      "R2": 0.7548819002708992,
      "RMSE": 3.1464437413692665
    },
    "AP": {
      "R2": 0.727417696035281,
      "RMSE": 0.053211753848223076
    },
    "D": {
      "R2": 0.5413983650917761,
      "RMSE": 7.0414466224483085
    }
  }
}