{
  "analysis": "07_groupspec_cx",
  "cost_version": "v13_gs",
  "seeds": [
    42,
    7,
    123
  ],
  "results": [
    {
      "seed": 42,
      "cost": 1.0448723412051646,
      "avg_r2_g1": 0.827600543405231,
      "avg_r2_g2": 0.6555788821189972,
      "cx_g1": 599.9812350443374,
      "cx_g2": 599.6283074213515,
      "cx_ratio": 0.9994117688981392,
      "per_obs_g1": {
        "recalc": 0.7419262925566157,
        "thrombin": 0.8359729433902505,
        "fib": 0.8190711745830697,
        "xiii": 0.9258362502215252,
        "AP": 0.7658074295182484,
        "D": 0.8769891701616769
      },
      "per_obs_g2": {
        "recalc": 0.718465988716486,
        "thrombin": 0.8550997697574194,
        "fib": 0.3362095728421216,
        "xiii": 0.7548819002708992,
        "AP": 0.727417696035281,
        "D": 0.5413983650917761
      },
      "wall_time": 1411.207675933838,
      "cached": false
    },
    {
      "seed": 7,
      "cost": 1.0461640727006538,
      "avg_r2_g1": 0.8260201337300058,
      "avg_r2_g2": 0.660919645655374,
      "cx_g1": 599.9663781052434,
      "cx_g2": 598.9707336907397,
      "cx_ratio": 0.998340499649917,
      "per_obs_g1": {
        "recalc": 0.7416436424537619,
        "thrombin": 0.836936607690447,
        "fib": 0.8174428863727768,
        "xiii": 0.9230215962613104,
        "AP": 0.7643880025489698,
        "D": 0.8726880670527688
      },
      "per_obs_g2": {
        "recalc": 0.7268962968686328,
        "thrombin": 0.8561645566613453,
        "fib": 0.34052175659467865,
        "xiii": 0.7604113427774101,
        "AP": 0.7357481764363123,
        "D": 0.5457757445938654
      },
      "wall_time": 521.8558423519135,
      "cached": false
    },
    {
      "seed": 123,
      "cost": 1.0451818734895775,
      "avg_r2_g1": 0.8264477142277089,
      "avg_r2_g2": 0.6596431997557981,
      "cx_g1": 599.9839225064313,
      "cx_g2": 599.8576853909442,
      "cx_ratio": 0.9997895991696581,
      "per_obs_g1": {
        "recalc": 0.7419526063613123,
        "thrombin": 0.8365386911112713,
        "fib": 0.8168993831131622,
        "xiii": 0.924480888454978,
        "AP": 0.7731010558425986,
        "D": 0.8657136604829314
      },
      "per_obs_g2": {
        "recalc": 0.7445287818585133,
        "thrombin": 0.864326436415811,
        "fib": 0.33870770495637725,
        "xiii": 0.7217089041124813,
        "AP": 0.7464777355912116,
        "D": 0.5421096356003939
      },
      "wall_time": 516.5119636058807,
      "cached": false
    }
  ]
}