{
  "analysis": "05_v13_baseline",
  "cost_version": "v13",
  "w_group": [
    1.0,
    1.0
  ],
  "best_cost": 0.9589071937356771,
  "best_x": [
    0.24924474914057873,
    0.22859650323914654,
    16.256358384527545,
    14.823377623701774,
    0.38178383571640917,
    367.4052297741426,
    4.071627570830097,
    118.42729296944884,
    9.17803679442957,
    1.7306898282480634,
    3.274232655805349,
    33.941582511554245,
    37.253980602080794,
    4.111839104760769,
    5.697416504759554,
    0.2721614427428127,
    10.114357504241767,
    94.15060246574552,
    2.835567193000959,
    12.67170246489528,
    56.60600473561139,
    570.8778884315129,
    18.252583476190942,
    2.9973940073150915,
    4.932846642799645,
    0.4269355066592478
  ],
  "params": {
    "kd": 0.24924474914057873,
    "kr": 0.22859650323914654,
    "krl": 16.256358384527545,
    "kcl": 14.823377623701774,
    "kca": 0.38178383571640917,
    "kna": 367.4052297741426,
    "knd": 4.071627570830097,
    "Hm": 118.42729296944884,
    "tp2": 9.17803679442957,
    "s2": 1.7306898282480634,
    "a2": 3.274232655805349,
    "ar": 33.941582511554245,
    "cr": 37.253980602080794,
    "br": 4.111839104760769,
    "at": 5.697416504759554,
    "bt": 0.2721614427428127,
    "af": 10.114357504241767,
    "cf": 94.15060246574552,
    "bf": 2.835567193000959,
    "df": 12.67170246489528,
    "ax": 56.60600473561139,
    "cx": 570.8778884315129,
    "bx": 18.252583476190942,
    "kx": 2.9973940073150915,
    "km": 4.932846642799645,
    "tm": 0.4269355066592478
  },
  "decomposition": {
    "total": 0.9589071937356771,
    "failed": false,
    "g1_total": 0.7029880397669185,
    "g2_total": 0.25317506274571827,
    "g1_per_observable": {
      "recalc": 0.1386473128093347,
      "thrombin": 0.10374852738115371,
      "fib": 0.16614377773260394,
      "xiii": 0.1083545277445908,
      "AP": 0.09939221256351542,
      "D": 0.08670168153572
    },
    "g2_per_observable": {
      "recalc": 0.015152072648687074,
      "thrombin": 0.022349746575585923,
      "fib": 0.06988972737799093,
      "xiii": 0.04069908665882228,
      "AP": 0.022815405103338394,
      "D": 0.08226902438129365
    },
    "constraint": 0.0013720456115202204,
    "constraint_weighted": 0.002744091223040441,
    "saturation_penalty": 0.0
  },
  "metrics_g1": {
    "recalc": {
      "R2": 0.7871364460368845,
      "RMSE": 34.66182820233367
    },
    "thrombin": {
      "R2": 0.8599740941889311,
      "RMSE": 2.282467602385382
    },
    "fib": {
      "R2": 0.7425387352460067,
      "RMSE": 14.122221107271335
    },
    "xiii": {
      "R2": 0.8883401112178618,
      "RMSE": 16.25317916168862
    },
    "AP": {
      "R2": 0.8229454691999525,
      "RMSE": 0.08448338067898811
    },
    "D": {
      "R2": 0.8994639840422267,
      "RMSE": 5.37550425521464
    }
  },
  "metrics_g2": {
    "recalc": {
      "R2": 0.9068292245290142,
      "RMSE": 3.7880181621717686
    },
    "thrombin": {
      "R2": 0.9468262300781736,
      "RMSE": 0.4916944246628903
    },
    "fib": {
      "R2": 0.49772019696447045,
      "RMSE": 5.940626827129228
    },
    "xiii": {
      "R2": 0.07724313744480005,
      "RMSE": 6.104862998823341
    },
    "AP": {
      "R2": 0.9637943181035205,
      "RMSE": 0.019393094337837636
    },
    "D": {
      "R2": 0.7593599612305809,
      "RMSE": 5.100679511640206
    }
  },
  "avg_r2_g1": 0.8333998066553105,
  "avg_r2_g2": 0.6919621780584265,
  "wall_time": 766.7077960968018
}