{
  "analysis": "03_separate_g2_fit",
  "seeds": [
    42
  ],
  "best_cost": 0.20992313476740282,
  "best_x": [
    2.1553123153704155,
    3.9004317200816265,
    14.884172259122057,
    14.107213549294054,
    0.5630856235467068,
    212.24514521227016,
    4.103868322114064,
    8.238019570036329,
    10.450436306369369,
    1.625323406832699,
    9.992417176820712,
    20.005866944214628,
    120.73142198373539,
    11.877036918433099,
    5.965569368780715,
    0.6575349386770026,
    7.2023005936180216,
    112.79503188201974,
    7.963366937728921,
    2.714839667018026,
    44.88603832154596,
    599.3523314560148,
    27.89964161805927,
    6.802424731736011,
    5.066661572432439,
    0.41606187124639626
  ],
  "params": {
    "kd": 2.1553123153704155,
    "kr": 3.9004317200816265,
    "krl": 14.884172259122057,
    "kcl": 14.107213549294054,
    "kca": 0.5630856235467068,
    "kna": 212.24514521227016,
    "knd": 4.103868322114064,
    "Hm": 8.238019570036329,
    "tp2": 10.450436306369369,
    "s2": 1.625323406832699,
    "a2": 9.992417176820712,
    "ar": 20.005866944214628,
    "cr": 120.73142198373539,
    "br": 11.877036918433099,
    "at": 5.965569368780715,
    "bt": 0.6575349386770026,
    "af": 7.2023005936180216,
    "cf": 112.79503188201974,
    "bf": 7.963366937728921,
    "df": 2.714839667018026,
    "ax": 44.88603832154596,
    "cx": 599.3523314560148,
    "bx": 27.89964161805927,
    "kx": 6.802424731736011,
    "km": 5.066661572432439,
    "tm": 0.41606187124639626
  },
  "metrics_g2": {
    "recalc": {
      "R2": 0.9013226551034663,
      "RMSE": 3.898350871390078
    },
    "thrombin": {
      "R2": 0.9935925975477786,
      "RMSE": 0.17068193562715786
    },
    "fib": {
      "R2": 0.577783198822048,
      "RMSE": 5.446621173553109
    },
    "xiii": {
      "R2": 0.7979839709965969,
      "RMSE": 2.8564405874609036
    },
    "AP": {
      "R2": 0.9282664874982133,
      "RMSE": 0.027297306297486695
    },
    "D": {
      "R2": 0.819068356026485,
      "RMSE": 4.422841304611388
    }
  },
  "avg_r2_g2": 0.836336210999098,
  "wall_time": 509.5910220146179
}