{
  "scenarios": [
    {
      "scenario": "combo1_high_dose_late",
      "note": "rescue attempt: 2x dose at late timing",
      "km_dose": 10.0,
      "tm_dose": 0.43,
      "t_intervention": 4.0,
      "n_total": 100,
      "n_good": 27,
      "max_gHn": {
        "median": 6.527816090738591,
        "p2_5": 3.4261771480003054,
        "p97_5": 18.394976563506777
      },
      "max_gHn_good": {
        "median": 6.333847241166674,
        "p2_5": 3.077368037462512,
        "p97_5": 16.412073885846983
      },
      "min_xiii": {
        "median": -46.61178315253662,
        "p2_5": -64.42357165686482,
        "p97_5": -3.678546848661128
      },
      "min_xiii_good": {
        "median": -41.05953843090877,
        "p2_5": -55.02568048518233,
        "p97_5": -0.5501901852252391
      },
      "max_recalc": {
        "median": 28.02691664334821,
        "p2_5": 0.0,
        "p97_5": 38.87686677108337
      },
      "max_recalc_good": {
        "median": 27.098560841908643,
        "p2_5": 0.0,
        "p97_5": 38.39166524595943
      },
      "auc_recalc": {
        "median": 109.77101667019392,
        "p2_5": 80.24349666237387,
        "p97_5": 127.48268450290377
      },
      "auc_recalc_good": {
        "median": 107.91933144513631,
        "p2_5": 81.18240717283176,
        "p97_5": 126.82015048406905
      },
      "t_peak": {
        "median": 4.0,
        "p2_5": 2.2785714285714285,
        "p97_5": 4.0476190476190474
      },
      "t_peak_good": {
        "median": 4.0,
        "p2_5": 2.0476190476190474,
        "p97_5": 4.0476190476190474
      },
      "t_recovery": {
        "median": 6.19047619047619,
        "p2_5": 5.7369047619047615,
        "p97_5": 7.1797619047619
      },
      "t_recovery_good": {
        "median": 6.19047619047619,
        "p2_5": 5.776190476190476,
        "p97_5": 7.7523809523809515
      },
      "acute_phase_duration": {
        "median": 2.2142857142857144,
        "p2_5": 1.7845238095238094,
        "p97_5": 4.449999999999992
      },
      "acute_phase_duration_good": {
        "median": 2.1904761904761902,
        "p2_5": 1.8547619047619042,
        "p97_5": 5.107142857142855
      }
    },
    {
      "scenario": "combo2_half_dose_early",
      "note": "trade-off: half dose at early timing",
      "km_dose": 2.5,
      "tm_dose": 0.6,
      "t_intervention": 0.0,
      "n_total": 100,
      "n_good": 27,
      "max_gHn": {
        "median": 6.099196314851444,
        "p2_5": 3.9016401224349404,
        "p97_5": 17.75322252078312
      },
      "max_gHn_good": {
        "median": 5.8927050322942565,
        "p2_5": 3.7547277077157513,
        "p97_5": 13.571418063606513
      },
      "min_xiii": {
        "median": -46.04332621988423,
        "p2_5": -65.37105602215547,
        "p97_5": -27.366737878719988
      },
      "min_xiii_good": {
        "median": -42.18804385651516,
        "p2_5": -48.78546241362851,
        "p97_5": -21.88451300918517
      },
      "max_recalc": {
        "median": 34.01659369868465,
        "p2_5": 22.70893126079765,
        "p97_5": 44.01204328244341
      },
      "max_recalc_good": {
        "median": 32.490131006293694,
        "p2_5": 19.725374618074287,
        "p97_5": 41.16338425817215
      },
      "auc_recalc": {
        "median": 209.8096387280998,
        "p2_5": 159.0935200779948,
        "p97_5": 258.3559631822894
      },
      "auc_recalc_good": {
        "median": 214.4458668403513,
        "p2_5": 152.655799330292,
        "p97_5": 243.81076277289037
      },
      "t_peak": {
        "median": 6.19047619047619,
        "p2_5": 5.879761904761905,
        "p97_5": 6.523809523809524
      },
      "t_peak_good": {
        "median": 6.238095238095238,
        "p2_5": 5.871428571428571,
        "p97_5": 6.523809523809524
      },
      "t_recovery": {
        "median": 10.761904761904761,
        "p2_5": 10.333333333333332,
        "p97_5": 11.548809523809524
      },
      "t_recovery_good": {
        "median": 10.714285714285714,
        "p2_5": 10.507142857142856,
        "p97_5": 11.835714285714284
      },
      "acute_phase_duration": {
        "median": 4.571428571428571,
        "p2_5": 4.142857142857143,
        "p97_5": 5.142857142857143
      },
      "acute_phase_duration_good": {
        "median": 4.571428571428571,
        "p2_5": 4.2976190476190474,
        "p97_5": 5.528571428571428
      }
    }
  ],
  "references": {
    "full_t0": {
      "max_recalc": {
        "median": 7.131200131485544,
        "p2_5": 0.5549654962127792,
        "p97_5": 14.668511909419724,
        "n_valid": 100
      },
      "auc_recalc": {
        "median": 91.51946734472298,
        "p2_5": 75.78258667558991,
        "p97_5": 112.03528246184561,
        "n_valid": 100
      },
      "min_xiii": {
        "median": -14.561472823486422,
        "p2_5": -26.441378408685125,
        "p97_5": -0.35428918855388686,
        "n_valid": 100
      },
      "t_peak": {
        "median": 3.8571428571428568,
        "p2_5": 3.476190476190476,
        "p97_5": 4.120238095238094,
        "n_valid": 100
      },
      "t_recovery": {
        "median": 8.238095238095237,
        "p2_5": 7.927380952380952,
        "p97_5": 9.365476190476187,
        "n_valid": 100
      }
    },
    "full_t4": {
      "max_recalc": {
        "median": 28.178709981103957,
        "p2_5": 1.4686556379144464,
        "p97_5": 39.006063391104924,
        "n_valid": 100
      },
      "auc_recalc": {
        "median": 119.55266787158425,
        "p2_5": 77.5052329776342,
        "p97_5": 148.28513258081273,
        "n_valid": 100
      },
      "min_xiii": {
        "median": -47.40320466509456,
        "p2_5": -65.71466051483364,
        "p97_5": -3.1984187662556924,
        "n_valid": 100
      },
      "t_peak": {
        "median": 4.0,
        "p2_5": 2.2785714285714285,
        "p97_5": 4.095238095238095,
        "n_valid": 100
      },
      "t_recovery": {
        "median": 7.69047619047619,
        "p2_5": 7.333333333333333,
        "p97_5": 8.755952380952374,
        "n_valid": 100
      }
    },
    "no_int": {
      "max_recalc": {
        "median": 75.56879317211872,
        "p2_5": 60.46740598301119,
        "p97_5": 92.01922253931613,
        "n_valid": 100
      },
      "auc_recalc": {
        "median": 606.0026139300455,
        "p2_5": 470.4746969222635,
        "p97_5": 734.2234530322876,
        "n_valid": 100
      },
      "min_xiii": {
        "median": -108.27454488603138,
        "p2_5": -137.2233875116855,
        "p97_5": -84.3852675999284,
        "n_valid": 100
      },
      "t_peak": {
        "median": 10.523809523809524,
        "p2_5": 10.238095238095237,
        "p97_5": 10.834523809523809,
        "n_valid": 100
      },
      "t_recovery": {
        "median": 17.142857142857142,
        "p2_5": 15.973809523809523,
        "p97_5": 18.316666666666666,
        "n_valid": 99
      }
    }
  }
}