{
  "seed": 42,
  "cost": 4.906063828813675,
  "sc1": {
    "recalc": 75.12782414616771,
    "thrombin": 6.099586948105585,
    "fib": 27.832169308868114,
    "xiii": 48.63957003754762,
    "AP": 0.20077875728024613,
    "D": 16.953461114179607
  },
  "sc2": {
    "recalc": 12.410011888057497,
    "thrombin": 2.1322914122292635,
    "fib": 8.382226935311508,
    "xiii": 6.355244747644983,
    "AP": 0.1019198426263878,
    "D": 10.397863028312862
  },
  "g2_r2_baseline": {
    "recalc": 0.9068292245290142,
    "thrombin": 0.9468262300781736,
    "fib": 0.49772019696447045,
    "xiii": 0.07724313744480005,
    "AP": 0.9637943181035205,
    "D": 0.7593599612305809
  },
  "g2_r2_pergroupstd": {
    "recalc": 0.9580570012576245,
    "thrombin": 0.9582009129646364,
    "fib": 0.5145742792507788,
    "xiii": 0.928390937227273,
    "AP": 0.9681046131759904,
    "D": 0.7056850646187443
  },
  "best_x": [
    0.25729271869255554,
    0.2969446081370941,
    16.83933212511549,
    16.788491212488765,
    0.14609972035158947,
    330.8434668142229,
    9.999964757764612,
    3.1702439451530715,
    9.615668334316709,
    1.5002788202924662,
    6.808761202632642,
    32.82773742335834,
    56.667508416384294,
    13.420385091225455,
    5.778452441775698,
    0.7764185948547333,
    10.808419627262687,
    84.3359869038591,
    7.126467210985808,
    29.945147826658953,
    71.23861136893498,
    590.8550270286939,
    46.70632881402773,
    8.694516273222217,
    5.022289379742098,
    0.39453130845022466
  ],
  "xiii_params_new": {
    "ax": 71.23861136893498,
    "cx": 590.8550270286939,
    "bx": 46.70632881402773,
    "kx": 8.694516273222217
  },
  "xiii_params_base": {
    "ax": 56.60600473561139,
    "cx": 570.8778884315129,
    "bx": 18.252583476190942,
    "kx": 2.9973940073150915
  }
}